material_family,scenario_family,scenario_id,variant,current_a,leg,signed_branch_current_a,temperature_minimum_k,temperature_maximum_k,c1_minimum,c1_maximum,c0_minimum,c0_maximum,integrating_factor_ratio,positive_c0_supremum,poincare_eta,coercivity_margin_lower_bound,liouville_potential_minimum,liouville_potential_maximum,liouville_poincare_eta,liouville_coercivity_margin_lower_bound,at_least_one_analytic_sufficient_condition_passes,homogeneous_shooting_determinant,homogeneous_shooting_determinant_absolute,baseline_energy_residual_fraction
PbSe/Cr,primary_reference_state,nominal_transport,original,2.8106854181890806,p,2.8106854181890806,309.894134846523,369.34914823144874,0.4355490100732222,0.5551929427329001,1.2199491768678876,2.2600476899565862,1.693607422551522,2.2600476899565862,0.38782036112900536,0.6121796388709946,1.0489687706756243,2.183406668971246,0.22122534807274064,0.7787746519272594,True,0.5507157865837015,0.5507157865837015,0.0
PbSe/Cr,primary_reference_state,nominal_transport,original,2.8106854181890806,n,-2.8106854181890806,309.894134846523,365.00442604936535,0.33817101162140295,0.4264439939396215,0.648272158236615,1.3071406705662403,1.4871037730563004,1.3071406705662403,0.19695357018563434,0.8030464298143657,0.5422759982859633,1.2903326157932562,0.13073802792448658,0.8692619720755135,True,0.6787111026791504,0.6787111026791504,1.0963315632808978e-16
PbSe/Cr,primary_reference_state,nominal_transport,alpha_preserving_flattened,2.8106854181890806,p,2.8106854181890806,309.894134846523,369.7010861810162,0.3821969746178181,0.49261806977196565,1.2199491768678876,2.264517146368103,1.5876670344270194,2.264517146368103,0.36427997273999674,0.6357200272600032,1.0774779488784403,2.2084354614236896,0.2237612949491606,0.7762387050508394,True,0.5657662078163748,0.5657662078163748,0.0
PbSe/Cr,primary_reference_state,nominal_transport,alpha_preserving_flattened,2.8106854181890806,n,-2.8106854181890806,309.894134846523,364.7923051814307,0.3930361156670032,0.49369851714546287,0.648272158236615,1.307140585734349,1.590344913596543,1.307140585734349,0.21062692053278043,0.7893730794672196,0.516040298851369,1.2650721582420006,0.12817860846604634,0.8718213915339537,True,0.6590648736551457,0.6590648736551457,2.1718171838661383e-16
PbSe/Cr,signed_current_sweep,nominal_transport,original,-3.5,p,-3.5,309.894134846523,402.6564473872021,-0.7423386625071641,-0.5423664723882403,1.8917047132572404,4.915012754626884,2.0048439373251288,4.915012754626884,0.9984020759638321,0.0015979240361678748,2.1608503925840554,4.791921824039141,0.48552319113319603,0.5144768088668039,True,0.6118203438435446,0.6118203438435446,1.059190847626421e-16
PbSe/Cr,signed_current_sweep,nominal_transport,original,-3.5,n,3.5,309.894134846523,380.71819622367696,-0.5728297349332879,-0.4211067282789338,1.0052381857071842,2.026897430244857,1.6977075927453726,2.026897430244857,0.3486542131985522,0.6513457868014478,1.1364979956146202,2.0977829000191996,0.21254984645460123,0.7874501535453988,True,0.9366335874085284,0.9366335874085284,0.0
PbSe/Cr,signed_current_sweep,nominal_transport,alpha_preserving_flattened,-3.5,p,-3.5,309.894134846523,402.0208245492068,-0.6832619189752428,-0.4759299644512456,1.8917047132572404,4.8860525770191074,1.8719938511442407,4.8860525770191074,0.9267504561315221,0.07324954386847793,2.115961907647157,4.782872236537402,0.48460627621604496,0.515393723783955,True,0.5906533341475388,0.5906533341475388,0.0
PbSe/Cr,signed_current_sweep,nominal_transport,alpha_preserving_flattened,-3.5,n,3.5,309.894134846523,381.13154691535556,-0.6406619114292553,-0.4894273816387552,1.0052381857071842,2.0269074089081984,1.8348106684109906,2.0269074089081984,0.37681260429603,0.62318739570397,1.167697241847791,2.039732059480165,0.20666806657975365,0.7933319334202463,True,0.9792477111490818,0.9792477111490818,6.390182436776341e-17
PbSe/Cr,signed_current_sweep,nominal_transport,original,-3.45,p,-3.45,309.894134846523,399.5362325391248,-0.7229192356589553,-0.5346183799255513,1.838042069350556,4.636425390890059,1.9766604514576347,4.636425390890059,0.9285720413773461,0.07142795862265394,2.091401720102393,4.516746736933277,0.4576421255987465,0.5423578744012535,True,0.6425220456521207,0.6425220456521207,1.0898999600979766e-16
PbSe/Cr,signed_current_sweep,nominal_transport,original,-3.45,n,3.45,309.894134846523,379.4899724004493,-0.5613858562606078,-0.415090917874949,0.9767222453371234,1.9694024042404463,1.6810863656647732,1.9694024042404463,0.33544764265431104,0.664552357345689,1.1023288486874263,2.0334669104412963,0.20603327426343981,0.7939667257365601,True,0.9407820926350973,0.9407820926350973,0.0
PbSe/Cr,signed_current_sweep,nominal_transport,alpha_preserving_flattened,-3.45,p,-3.45,309.894134846523,398.93427789879433,-0.6648940942695436,-0.469130964959085,1.838042069350556,4.609326409081574,1.846357045175446,4.609326409081574,0.8622901124569554,0.13770988754304458,2.0493106649610637,4.5100858212654815,0.45696723373914366,0.5430327662608563,True,0.6202133398718271,0.6202133398718271,2.2083114712137255e-16
PbSe/Cr,signed_current_sweep,nominal_transport,alpha_preserving_flattened,-3.45,n,3.45,309.894134846523,379.8929186780785,-0.6293042113358022,-0.48243556190105874,0.9767222453371234,1.9694069178318419,1.8160066555139398,1.9694069178318419,0.36237076227726694,0.637629237722733,1.1321002565851173,1.9782932782437508,0.2004430165433375,0.7995569834566625,True,0.9831283647873194,0.9831283647873194,1.304034535578631e-16
PbSe/Cr,signed_current_sweep,nominal_transport,original,-3.4,p,-3.4,309.894134846523,396.6820291243886,-0.7052860259904283,-0.526870287462862,1.7851515498166282,4.377750354460211,1.9503484306483634,4.377750354460211,0.8650943023257742,0.13490569767422578,2.0239672534024247,4.261709647943393,0.43180146586959517,0.5681985341304048,True,0.6711603494521184,0.6711603494521184,0.0
PbSe/Cr,signed_current_sweep,nominal_transport,original,-3.4,n,3.4,309.894134846523,378.30879223144547,-0.550169454203347,-0.4090751074709642,0.9486166062673509,1.9127301832360266,1.6648593970803305,1.9127301832360266,0.3226498945882978,0.6773501054117022,1.0687993625518881,1.970354001618235,0.1996385996383763,0.8003614003616237,True,0.9448669046948176,0.9448669046948176,6.729997815844467e-17
PbSe/Cr,signed_current_sweep,nominal_transport,alpha_preserving_flattened,-3.4,p,-3.4,309.894134846523,396.11042246454707,-0.6478816688962492,-0.46233196546692434,1.7851515498166282,4.352554572590833,1.8222865686814262,4.352554572590833,0.8036392761810949,0.19636072381890513,1.984443655249006,4.257155599124617,0.4313400442529118,0.5686599557470882,True,0.6477770045278927,0.6477770045278927,1.1349876982362026e-16
PbSe/Cr,signed_current_sweep,nominal_transport,alpha_preserving_flattened,-3.4,n,3.4,309.894134846523,378.7013663889348,-0.61815481218246,-0.4754437421633622,0.9486166062673509,1.9127355756361266,1.7975835488472482,1.9127355756361266,0.3483728287710164,0.6516271712289836,1.0972032333860622,1.9179473985636344,0.19432870058621002,0.80567129941379,True,0.9869178067483282,0.9869178067483282,6.653123740379723e-17
PbSe/Cr,signed_current_sweep,nominal_transport,original,-3.35,p,-3.35,309.894134846523,394.05564866202093,-0.6890675289601551,-0.5191221950001729,1.7330331546554598,4.13741245217355,1.925537548508564,4.13741245217355,0.8071998336070829,0.19280016639291708,1.958383988790623,4.025042798736755,0.407822100579076,0.592177899420924,True,0.6978782148060693,0.6978782148060693,0.0
PbSe/Cr,signed_current_sweep,nominal_transport,original,-3.35,n,3.35,309.894134846523,377.1740410691399,-0.5391721337662928,-0.40305929706697946,0.9209212684978674,1.856893952401814,1.649008740580365,1.856893952401814,0.3102489454899975,0.6897510545100025,1.0359006913418418,1.908449226224146,0.19336633452233412,0.8066336654776659,True,0.9488901646888392,0.9488901646888392,0.0
PbSe/Cr,signed_current_sweep,nominal_transport,alpha_preserving_flattened,-3.35,p,-3.35,309.894134846523,393.51126428987516,-0.6319812967079995,-0.4555329659747636,1.7330331546554598,4.114065768907232,1.799520331801077,4.114065768907232,0.7501156780608401,0.24988432193915988,1.9212289268381415,4.022380725392788,0.40755237615692247,0.5924476238430776,True,0.6734971311299836,0.6734971311299836,1.1659293170148307e-16
PbSe/Cr,signed_current_sweep,nominal_transport,alpha_preserving_flattened,-3.35,n,3.35,309.894134846523,377.5556831583262,-0.6071976981689852,-0.46845192242566563,0.9209212684978674,1.856895343245735,1.7795202749525976,1.856895343245735,0.3348039878281369,0.6651960121718631,1.062995059659328,1.858687745580605,0.18832444240373528,0.8116755575962648,True,0.9906191250658452,0.9906191250658452,6.789146431886285e-17
PbSe/Cr,signed_current_sweep,nominal_transport,original,-3.3,p,-3.3,309.894134846523,391.62663413574035,-0.6739831464401552,-0.5113741025374837,1.6816868838670487,3.913790518659771,1.9019514282704284,3.913790518659771,0.7542186256314992,0.24578137436850078,1.8945218533917376,3.8050963182367625,0.38553686283685035,0.6144631371631497,True,0.7228141219902225,0.7228141219902225,0.0
PbSe/Cr,signed_current_sweep,nominal_transport,original,-3.3,n,3.3,309.894134846523,376.0844382998651,-0.5283839930796703,-0.3970434866629946,0.8936362320286723,1.8018747858502313,1.633517363693671,1.8018747858502313,0.2982281386641283,0.7017718613358717,1.0036243592354857,1.8477173021545412,0.1872129040907252,0.8127870959092748,True,0.9528484709056685,0.9528484709056685,7.006478298714815e-17
PbSe/Cr,signed_current_sweep,nominal_transport,alpha_preserving_flattened,-3.3,p,-3.3,309.894134846523,391.10714129486024,-0.6170061142801319,-0.44873396648260294,1.6816868838670487,3.8922124760302332,1.7778568109431565,3.8922124760302332,0.7011219679062826,0.29887803209371744,1.859561026312899,3.804100721676468,0.3854359878149311,0.6145640121850688,True,0.6975177522606214,0.6975177522606214,1.1970776549210927e-16
PbSe/Cr,signed_current_sweep,nominal_transport,alpha_preserving_flattened,-3.3,n,3.3,309.894134846523,376.4551024154577,-0.5964187481138203,-0.4614601026879691,0.8936362320286723,1.8018741347189295,1.7617975510495296,1.8018741347189295,0.32164789071960276,0.6783521092803972,1.0294650858502665,1.8004946352721989,0.18242824758745843,0.8175717524125415,True,0.994230827200411,0.994230827200411,1.3856713131848848e-16
PbSe/Cr,signed_current_sweep,nominal_transport,original,-3.25,p,-3.25,309.894134846523,389.3712150293221,-0.6598187951855675,-0.5036260100747946,1.6311127374513963,3.7053722271954785,1.8793794366756629,3.7053722271954785,0.7055804960380838,0.2944195039619162,1.8322752249848697,3.600273387229597,0.36478396103011146,0.6352160389698885,True,0.7460978470722244,0.7460978470722244,2.4274953944658354e-16
PbSe/Cr,signed_current_sweep,nominal_transport,original,-3.25,n,3.25,309.894134846523,375.03952965073114,-0.5177974591792252,-0.3910276762590099,0.8667614968597659,1.7476886790425148,1.6183689825876642,1.7476886790425148,0.2865773575554688,0.7134226424445311,0.9719622305390833,1.788154585816742,0.18117793917042657,0.8188220608295734,True,0.9567318519197974,0.9567318519197974,7.149608311258568e-17
PbSe/Cr,signed_current_sweep,nominal_transport,alpha_preserving_flattened,-3.25,p,-3.25,309.894134846523,388.8750729356914,-0.6028110860685382,-0.4419349669904423,1.6311127374513963,3.685479286398669,1.757138041565642,3.685479286398669,0.6561454332271434,0.34385456677285664,1.7993542033852081,3.600774198885968,0.36483470385991684,0.6351652961400831,True,0.7199715278066248,0.7199715278066248,0.0
PbSe/Cr,signed_current_sweep,nominal_transport,alpha_preserving_flattened,-3.25,n,3.25,309.894134846523,375.398728086744,-0.5858046618181085,-0.45446828295027264,0.8667614968597659,1.7476899396896144,1.7443977978341318,1.7476899396896144,0.3088944964962257,0.6911055035037743,0.9966030872330339,1.743362935402779,0.17663959613319002,0.82336040386681,True,0.9977451262721452,0.9977451262721452,7.070875488410674e-17
PbSe/Cr,signed_current_sweep,nominal_transport,original,-3.2,p,-3.2,309.894134846523,387.2698445518364,-0.6464068960572878,-0.4958779176121055,1.581310715408502,3.5107549820141997,1.8576585284169602,3.5107549820141997,0.6607948676039302,0.33920513239606975,1.7715569842329273,3.4091704443991473,0.3454211846649963,0.6545788153350037,True,0.7678485359770131,0.7678485359770131,2.490852312482506e-16
PbSe/Cr,signed_current_sweep,nominal_transport,original,-3.2,n,3.2,309.894134846523,374.03848674160207,-0.5074041956899569,-0.38501186585502517,0.8402970629911484,1.6943242975045452,1.6035476409434637,1.6943242975045452,0.2752825361426567,0.7247174638573433,0.940906479674664,1.7297528683923202,0.17526060803423882,0.8247393919657612,True,0.9605155657681373,0.9605155657681373,1.4592334794903015e-16
PbSe/Cr,signed_current_sweep,nominal_transport,alpha_preserving_flattened,-3.2,p,-3.2,309.894134846523,386.7951617850814,-0.5892777788851841,-0.4351359674982817,1.581310715408502,3.4924290224208825,1.7372382600468548,3.4924290224208825,0.6147339925375253,0.38526600746247475,1.7405376413234228,3.411011416338122,0.3456077141209055,0.6543922858790945,True,0.7409780511915578,0.7409780511915578,0.0
PbSe/Cr,signed_current_sweep,nominal_transport,alpha_preserving_flattened,-3.2,n,3.2,309.894134846523,374.38598722091257,-0.5753435680483208,-0.4474764632125762,0.8402970629911484,1.6943280499387796,1.7273051116891405,1.6943280499387796,0.29652875460890016,0.7034712453910998,0.9643992275827195,1.6872874068337822,0.17095795720520954,0.8290420427947904,True,1.0011440145167918,1.0011440145167918,1.443366140423566e-16
PbSe/Cr,signed_current_sweep,nominal_transport,original,-3.15,p,-3.15,309.894134846523,385.30661881568597,-0.6336150602863821,-0.4881298251494163,1.5322808177383647,3.3286777381079102,1.8366606144641158,3.3286777381079102,0.6194423860749173,0.3805576139250827,1.712294261173942,3.2305175907562336,0.32731986607281494,0.6726801339271851,True,0.7881737245182315,0.7881737245182315,1.2775388037411334e-16
PbSe/Cr,signed_current_sweep,nominal_transport,original,-3.15,n,3.15,309.894134846523,373.0806020655708,-0.4971963650074174,-0.3789960554510403,0.814242930422819,1.641795120377482,1.5890359154575024,1.641795120377482,0.264333939444902,0.735666060555098,0.9104495456621632,1.6724978785257454,0.1694594646915274,0.8305405353084726,True,0.9641191140422899,0.9641191140422899,0.0
PbSe/Cr,signed_current_sweep,nominal_transport,alpha_preserving_flattened,-3.15,p,-3.15,309.894134846523,384.8524782062114,-0.5763133982059554,-0.428336968006121,1.5322808177383647,3.311828063236795,1.718055822928478,3.311828063236795,0.5765079589161544,0.42349204108384564,1.6830520420682737,3.23354470788194,0.3276265771630155,0.6723734228369844,True,0.7606453278007328,0.7606453278007328,2.585117336519789e-16
PbSe/Cr,signed_current_sweep,nominal_transport,alpha_preserving_flattened,-3.15,n,3.15,309.894134846523,373.4162879136766,-0.5650243977275387,-0.44048464347487964,0.814242930422819,1.6417918581986968,1.7105057920291356,1.6417918581986968,0.2845397210089983,0.7154602789910016,0.9328440143418117,1.6322559095861642,0.16538210076647084,0.8346178992335291,True,1.0043788471269655,1.0043788471269655,1.473271365161451e-16
PbSe/Cr,signed_current_sweep,nominal_transport,original,-3.1,p,-3.1,309.894134846523,383.4681650717432,-0.6213369504775874,-0.4803817326867271,1.4840230444409863,3.1580045768801566,1.8162837490351151,3.1580045768801566,0.5811613271685794,0.4188386728314206,1.654425336054996,3.063174015340778,0.3103644169367802,0.6896355830632198,True,0.807170915186332,0.807170915186332,0.0
PbSe/Cr,signed_current_sweep,nominal_transport,original,-3.1,n,3.1,309.894134846523,372.1653747093917,-0.4870826550172592,-0.3729802450470556,0.788599099154779,1.590087786638326,1.5748173656185234,1.590087786638326,0.25371815905605777,0.7462818409439422,0.880584022336595,1.6163776487013217,0.16377329657943676,0.8362267034205633,True,0.9674729375848827,0.9674729375848827,3.0400513535866584e-16
PbSe/Cr,signed_current_sweep,nominal_transport,alpha_preserving_flattened,-3.1,p,-3.1,309.894134846523,383.0335371200566,-0.5638397448236309,-0.4215379685139604,1.4840230444409863,3.1425303395887942,1.699507563171579,3.1425303395887942,0.541131524890483,0.458868475109517,1.6268471347759765,3.0672581313182268,0.31077822440174785,0.6892217755982522,True,0.7790692029229205,0.7790692029229205,0.0
PbSe/Cr,signed_current_sweep,nominal_transport,alpha_preserving_flattened,-3.1,n,3.1,309.894134846523,372.48894575263546,-0.55489296644046,-0.4334928237371832,0.788599099154779,1.5900866363147816,1.6939907017917615,1.5900866363147816,0.2729179273551504,0.7270820726448496,0.9019281626941528,1.5782633120141007,0.15991150687254496,0.840088493127455,True,1.0072752929097482,1.0072752929097482,7.519598856529392e-17
PbSe/Cr,signed_current_sweep,nominal_transport,original,-3.05,p,-3.05,309.894134846523,381.74360977962215,-0.6094867897919587,-0.47263364022403803,1.4365373955163652,2.997734856322989,1.7964460012805321,2.997734856322989,0.5456418085963308,0.4543581914036692,1.5978973414850048,2.9061492361393664,0.2944544804469164,0.7055455195530835,True,0.8249268358896913,0.8249268358896913,1.343311812064387e-16
PbSe/Cr,signed_current_sweep,nominal_transport,original,-3.05,n,3.05,309.894134846523,371.2923287712371,-0.4771521690818267,-0.3669644346430708,0.7633655691870269,1.5392087789335371,1.560899390390813,1.5392087789335371,0.2434292142911386,0.7565707857088614,0.8513031854042047,1.561389894568744,0.15820187224489013,0.8417981277551099,True,0.9710641399922122,0.9710641399922122,0.0
PbSe/Cr,signed_current_sweep,nominal_transport,alpha_preserving_flattened,-3.05,p,-3.05,309.894134846523,381.32761712431414,-0.5517932371609385,-0.4147389690217997,1.4365373955163652,2.983539180953288,1.6815246422608314,2.983539180953288,0.5083177045444609,0.4916822954555391,1.571879825871078,2.9111598625202357,0.2949621630426156,0.7050378369573844,True,0.7963351512017117,0.7963351512017117,1.358576718580453e-16
PbSe/Cr,signed_current_sweep,nominal_transport,alpha_preserving_flattened,-3.05,n,3.05,309.894134846523,371.6033614549642,-0.544871637145845,-0.4265010039994866,0.7633655691870269,1.5392067471887652,1.6777237631318784,1.5392067471887652,0.2616481503398945,0.7383518496601055,0.8716429301057181,1.5252993517311788,0.15454513572629353,0.8454548642737065,True,1.010276636404754,1.010276636404754,7.676705255230572e-17
PbSe/Cr,signed_current_sweep,nominal_transport,original,-3.0,p,-3.0,309.894134846523,380.12375587301665,-0.597994276063145,-0.4648855477613489,1.3898238709645034,2.8469757717752042,1.777080924770683,2.8469757717752042,0.5126149065050254,0.4873850934949746,1.542664530838802,2.7585420914574756,0.27949874983368145,0.7205012501663186,True,0.8415198766677334,0.8415198766677334,6.885430979419956e-17
PbSe/Cr,signed_current_sweep,nominal_transport,original,-3.0,n,3.0,309.894134846523,370.4614402214112,-0.4674053314844356,-0.360948624239086,0.7385423405195639,1.489154754987769,1.5472688422952903,1.489154754987769,0.23345644466703594,0.766543555332964,0.8226007123122754,1.5075235305730084,0.15274406848633318,0.8472559315136668,True,0.9748408614667132,0.9748408614667132,1.5839030559757682e-16
PbSe/Cr,signed_current_sweep,nominal_transport,alpha_preserving_flattened,-3.0,p,-3.0,309.894134846523,379.7256569315958,-0.5401206728069451,-0.40793996952963907,1.3898238709645034,2.833967216585582,1.6640494968777866,2.833967216585582,0.47781669145795397,0.522183308542046,1.5181128029506772,2.7643683030030775,0.28008906848363246,0.7199109315163675,True,0.8125189648285829,0.8125189648285829,2.7849431476059834e-16
PbSe/Cr,signed_current_sweep,nominal_transport,alpha_preserving_flattened,-3.0,n,3.0,309.894134846523,370.75962603026943,-0.5349100942406989,-0.4195091842617901,0.7385423405195639,1.4891561022827215,1.661695716721376,1.4891561022827215,0.25072173271905124,0.7492782672809488,0.841980392064844,1.4733639031465766,0.14928297460270587,0.8507170253972941,True,1.0134656092893197,1.0134656092893197,1.567563955506472e-16
PbSe/Cr,signed_current_sweep,nominal_transport,original,-2.95,p,-2.95,309.894134846523,378.6007548063859,-0.5868012977172511,-0.4571374552986598,1.3438824707853987,2.704930441114543,1.758134178500634,2.704930441114543,0.48184612733468546,0.5181538726653145,1.488686953484499,2.619561407021894,0.2654170623832461,0.7345829376167539,True,0.8570192690764898,0.8570192690764898,0.0
PbSe/Cr,signed_current_sweep,nominal_transport,original,-2.95,n,2.95,309.894134846523,369.67259803599444,-0.45783345350849936,-0.35493281383510134,0.7141294131523895,1.439929945128836,1.533912779713065,1.439929945128836,0.2237908283822263,0.7762091716177737,0.7944703759997248,1.454769716533263,0.1473989896061784,0.8526010103938216,True,0.9787465890004735,0.9787465890004735,8.085367420521517e-17
PbSe/Cr,signed_current_sweep,nominal_transport,alpha_preserving_flattened,-2.95,p,-2.95,309.894134846523,378.21991962204896,-0.5287771110445285,-0.40114097003747845,1.3438824707853987,2.6930233352485398,1.6470335640414642,2.6930233352485398,0.4494100920004114,0.5505899079995886,1.4655134650535562,2.62610998098869,0.2660805716487312,0.7339194283512688,True,0.8276873357267426,0.8276873357267426,0.0
PbSe/Cr,signed_current_sweep,nominal_transport,alpha_preserving_flattened,-2.95,n,2.95,309.894134846523,369.95755376406623,-0.52501068988638,-0.41251736452409365,0.7141294131523895,1.4399302344408826,1.6459034995056254,1.4399302344408826,0.24012980820676227,0.7598701917932378,0.8129327538445899,1.4224507872292755,0.14412439743504538,0.8558756025649547,True,1.0167836655380247,1.0167836655380247,8.003096254422984e-17
PbSe/Cr,signed_current_sweep,nominal_transport,original,-2.9,p,-2.9,309.894134846523,377.16785272528153,-0.5758594644301358,-0.44938936283597053,1.2987131949790527,2.5708866584298398,1.7395609633849722,2.5708866584298398,0.45313002330652313,0.5468699766934768,1.4359294266375373,2.4885059933906755,0.25213837275139483,0.7478616272486052,True,0.8714848633289085,0.8714848633289085,0.0
PbSe/Cr,signed_current_sweep,nominal_transport,original,-2.9,n,2.9,309.894134846523,368.9258232019389,-0.4484285141069433,-0.34891700343111653,0.6901267870855037,1.391534088053609,1.5208189584122802,1.391534088053609,0.21442312542489425,0.7855768745751057,0.766906073823544,1.403121217791002,0.14216590258026274,0.8578340974197373,True,0.982732302765663,0.982732302765663,1.651108981512006e-16
PbSe/Cr,signed_current_sweep,nominal_transport,alpha_preserving_flattened,-2.9,p,-2.9,309.894134846523,376.80382586663154,-0.5177244001848785,-0.3943419705453178,1.2987131949790527,2.560003556494299,1.6304356946136382,2.560003556494299,0.4229066340678731,0.5770933659321269,1.4140530910717388,2.495678742188197,0.2528651241495289,0.7471348758504711,True,0.8418968220772989,0.8418968220772989,7.311516425802935e-17
PbSe/Cr,signed_current_sweep,nominal_transport,alpha_preserving_flattened,-2.9,n,2.9,309.894134846523,369.197205595728,-0.5151755794054026,-0.4055255447863972,0.6901267870855037,1.391533931074369,1.6303437227920259,1.391533931074369,0.2298652020266186,0.7701347979733815,0.7844923491466022,1.372551085504878,0.1390685005929298,0.8609314994070703,True,1.02018006865305,1.02018006865305,1.6345399421791114e-16
PbSe/Cr,signed_current_sweep,nominal_transport,original,-2.85,p,-2.85,309.894134846523,375.81938032552955,-0.5651283293891557,-0.44164127037328144,1.2543160435454643,2.4442120963608382,1.721324502989363,2.4442120963608382,0.4262868095811955,0.5737131904188044,1.3843607255970904,2.364748115986665,0.23959907812775713,0.7604009218722428,True,0.8849664004872966,0.8849664004872966,1.482605226477879e-16
PbSe/Cr,signed_current_sweep,nominal_transport,original,-2.85,n,2.85,309.894134846523,368.2210544708147,-0.4391826423822816,-0.34290119302713173,0.6665344623189066,1.3439635261979541,1.5079758115532012,1.3439635261979541,0.20534404488315344,0.7946559551168466,0.7399018493378131,1.352578202073134,0.13704482440287508,0.862955175597125,True,0.9867556560826605,0.9867556560826605,1.686045292843107e-16
PbSe/Cr,signed_current_sweep,nominal_transport,alpha_preserving_flattened,-2.85,p,-2.85,309.894134846523,375.4720708876437,-0.5069303497992391,-0.3875429710531571,1.2543160435454643,2.434289003708829,1.6142204383643655,2.434289003708829,0.3981394697277536,0.6018605302722464,1.3637061833269357,2.372459217400834,0.24038037605022686,0.7596196239497731,True,0.8551924722654433,0.8551924722654433,7.491727078548771e-17
PbSe/Cr,signed_current_sweep,nominal_transport,alpha_preserving_flattened,-2.85,n,2.85,309.894134846523,368.4785537337352,-0.5054063394279871,-0.39853372504870066,0.6665344623189066,1.343962217750896,1.615012774314204,1.343962217750896,0.21991926541896392,0.7800807345810361,0.7566516722804996,1.323660580313978,0.13411485673811596,0.865885143261884,True,1.023611070945654,1.023611070945654,0.0
PbSe/Cr,signed_current_sweep,nominal_transport,original,-2.8,p,-2.8,309.894134846523,374.5506117679951,-0.5545738622664466,-0.43389317791059223,1.2106910164846338,2.324344503041379,1.7033950322972053,2.324344503041379,0.40115861983191514,0.5988413801680849,1.333952933668661,2.2477239971678147,0.22774205589432966,0.7722579441056703,True,0.8974969215478346,0.8974969215478346,7.59675746167067e-17
PbSe/Cr,signed_current_sweep,nominal_transport,original,-2.8,n,2.8,309.894134846523,367.55841710675935,-0.43008868027445707,-0.33688538262314693,0.6433524388525977,1.2972208138156327,1.4953724303718405,1.2972208138156327,0.19654569344950754,0.8034543065504924,0.7134519076464063,1.3031243302361373,0.13203409957265408,0.8679659004273459,True,0.9907801248913254,0.9907801248913254,1.721920491632475e-16
PbSe/Cr,signed_current_sweep,nominal_transport,alpha_preserving_flattened,-2.8,p,-2.8,309.894134846523,374.2196079555831,-0.4963665118047366,-0.38074397156099643,1.2106910164846338,2.3153107893781417,1.5983575310937668,2.3153107893781417,0.3749587406580088,0.6250412593419912,1.3144499377738075,2.2558935834463276,0.2285698080459368,0.7714301919540631,True,0.8675989975695354,0.8675989975695354,7.676042188285744e-17
PbSe/Cr,signed_current_sweep,nominal_transport,alpha_preserving_flattened,-2.8,n,2.8,309.894134846523,367.80161810502557,-0.49570416481813917,-0.39154190531100413,0.6433524388525977,1.2972201169835902,1.5999068330163984,1.2972201169835902,0.21028515883162466,0.7897148411683753,0.7294034017198757,1.275775247587068,0.12926305814711828,0.8707369418528818,True,1.027039033006212,1.027039033006212,8.52560527274258e-17
PbSe/Cr,signed_current_sweep,nominal_transport,original,-2.75,p,-2.75,309.894134846523,373.35740952479074,-0.5441671608238956,-0.42614508544790314,1.1678381137965617,2.2107766234052364,1.685751919163602,2.2107766234052364,0.3776059084329719,0.6223940915670281,1.2846808933958256,2.136926268570103,0.21651589888792702,0.783484101112073,True,0.9090624102953122,0.9090624102953122,7.784861572105869e-17
PbSe/Cr,signed_current_sweep,nominal_transport,original,-2.75,n,2.75,309.894134846523,366.9379928435216,-0.4211396463727577,-0.33086957221916224,0.620580716686578,1.2513050568020572,1.4829985185087957,1.2513050568020572,0.18802005328959226,0.8119799467104077,0.6875506254839642,1.254762282266136,0.12713399962896604,0.872866000371034,True,0.9947745513084879,0.9947745513084879,8.793875329537003e-17
PbSe/Cr,signed_current_sweep,nominal_transport,alpha_preserving_flattened,-2.75,p,-2.75,309.894134846523,373.04242806464003,-0.4860087182779242,-0.3739449720688358,1.1678381137965617,2.20256865733576,1.582822895232404,2.20256865733576,0.35323362087010685,0.6467663791298932,1.266263781234027,2.148383461851163,0.21767675527238306,0.7823232447276169,True,0.8790610297354349,0.8790610297354349,3.1458916635340783e-16
PbSe/Cr,signed_current_sweep,nominal_transport,alpha_preserving_flattened,-2.75,n,2.75,309.894134846523,367.1665874979792,-0.48607004562833445,-0.3845500855733076,0.620580716686578,1.2513048927773478,1.5850218208691542,1.2513048927773478,0.2009549196717066,0.7990450803282934,0.7027404164911566,1.2288926599489707,0.12451285887541061,0.8754871411245894,True,1.0304318834186275,1.0304318834186275,4.3546480679113556e-16
PbSe/Cr,signed_current_sweep,nominal_transport,original,-2.7,p,-2.7,309.894134846523,372.2359557122584,-0.5340762187219802,-0.41839699298521404,1.1257573354812476,2.1158925406064224,1.6683840112560078,2.1158925406064224,0.3576760669246248,0.6423239330753752,1.236521598194648,2.0446392633207844,0.20716527028125942,0.7928347297187406,True,0.91954277150641,0.91954277150641,0.0
PbSe/Cr,signed_current_sweep,nominal_transport,original,-2.7,n,2.7,309.894134846523,366.3600974814617,-0.41232928247149564,-0.32485376181517744,0.5982192958208469,1.2062168031834681,1.470844377178007,1.2062168031834681,0.17975970773704084,0.8202402922629591,0.6621925570501825,1.2074816316226316,0.12234346814238631,0.8776565318576137,True,0.9987123151899716,0.9987123151899716,4.4916300528747185e-17
PbSe/Cr,signed_current_sweep,nominal_transport,alpha_preserving_flattened,-2.7,p,-2.7,309.894134846523,371.93690672422724,-0.47590934138190316,-0.3671459725766752,1.1257573354812476,2.11313544859111,1.5675872729092895,2.11313544859111,0.3356288763488095,0.6643711236511904,1.2191289098433506,2.061195669980125,0.20884278500084769,0.7911572149991524,True,0.8896025159702686,0.8896025159702686,8.058066608976949e-17
PbSe/Cr,signed_current_sweep,nominal_transport,alpha_preserving_flattened,-2.7,n,2.7,309.894134846523,366.5737129085771,-0.4765046558133286,-0.37755826583561114,0.5982192958208469,1.2062163899374014,1.5703536141853074,1.2062163899374014,0.19192119465484164,0.8080788053451584,0.676655806727441,1.1830085165995419,0.11986382316083179,0.8801361768391682,True,1.033762342631331,1.033762342631331,1.7796184843849409e-16
PbSe/Cr,signed_current_sweep,nominal_transport,original,-2.65,p,-2.65,309.894134846523,371.18365095837714,-0.5240035895541498,-0.4106489005225248,1.0844486815386916,2.028510943985201,1.6511963583639395,2.028510943985201,0.33937225318170433,0.6606277468182957,1.1894546834940078,1.9600133296576432,0.198590870515672,0.801409129484328,True,0.9295447257243822,0.9295447257243822,0.0
PbSe/Cr,signed_current_sweep,nominal_transport,original,-2.65,n,2.65,309.894134846523,365.82496886254614,-0.40365137564772996,-0.31883795141119264,0.5762681762554042,1.1619557307628445,1.4589008727464972,1.1619557307628445,0.1717574647182011,0.8282425352817989,0.637372436460624,1.161277675781748,0.11766202864762967,0.8823379713523704,True,1.0025707710051641,1.0025707710051641,1.835597001269672e-16
PbSe/Cr,signed_current_sweep,nominal_transport,alpha_preserving_flattened,-2.65,p,-2.65,309.894134846523,370.9003076035723,-0.46589413401822644,-0.3603469730845145,1.0844486815386916,2.025703350380035,1.5526116440557274,2.025703350380035,0.3186683560341686,0.6813316439658315,1.1730289539758805,1.9757152904782775,0.20018181177152428,0.7998181882284757,True,0.899792406537614,0.899792406537614,8.256316412089415e-17
PbSe/Cr,signed_current_sweep,nominal_transport,alpha_preserving_flattened,-2.65,n,2.65,309.894134846523,366.0233365451879,-0.46700840707386015,-0.3705664460979146,0.5762681762554042,1.1619557782082477,1.5558980899850023,1.1619557782082477,0.18317702538935646,0.8168229746106436,0.6511428795106199,1.1381180772902777,0.11531547071579261,0.8846845292842074,True,1.0370073703338858,1.0370073703338858,9.092220654883718e-17
PbSe/Cr,signed_current_sweep,nominal_transport,original,-2.6,p,-2.6,309.894134846523,370.1981306067295,-0.5138621317414851,-0.40290080805983564,1.0439121519688936,1.9429730828703933,1.6341913028653645,1.9429730828703933,0.3217139800839272,0.6782860199160727,1.1434621088451598,1.8772116643774792,0.19020130778192912,0.8097986922180709,True,0.9391370916967983,0.9391370916967983,8.3781359971663e-17
PbSe/Cr,signed_current_sweep,nominal_transport,original,-2.6,n,2.6,309.894134846523,365.3331626053491,-0.395100514149596,-0.31282214100720795,0.5547273579902503,1.1185219987467583,1.4471593982531374,1.1185219987467583,0.164006535303542,0.835993464696458,0.6130851775564272,1.1161451821187849,0.11308915096896795,0.886910849031032,True,1.0063308347825306,1.0063308347825306,9.378292141115935e-17
PbSe/Cr,signed_current_sweep,nominal_transport,alpha_preserving_flattened,-2.6,p,-2.6,309.894134846523,369.9309737707103,-0.4559665147160996,-0.35354797359235385,1.0439121519688936,1.9401922485496699,1.5378911664072787,1.9401922485496699,0.3023226057416319,0.697677394258368,1.127949105046238,1.892172905448908,0.19171719843604465,0.8082828015639554,True,0.909612077002946,0.909612077002946,8.459740455039455e-17
PbSe/Cr,signed_current_sweep,nominal_transport,alpha_preserving_flattened,-2.6,n,2.6,309.894134846523,365.51570968633575,-0.4575812409852217,-0.3635746263602181,0.5547273579902503,1.1185220404817737,1.5416509669326541,1.1185220404817737,0.17471526873497426,0.8252847312650258,0.6261951609738555,1.0942180813806142,0.1108674711683317,0.8891325288316683,True,1.0401475548742531,1.0401475548742531,9.291921366493132e-17
PbSe/Cr,signed_current_sweep,nominal_transport,original,-2.55,p,-2.55,309.894134846523,369.2779799961284,-0.5036737116590474,-0.3951527155971465,1.0041477467718536,1.8595033408384083,1.6173801701453565,1.8595033408384083,0.3047258742669694,0.6952741257330306,1.0985270297114693,1.7964360775121244,0.1820170297113269,0.8179829702886731,True,0.9483083501778256,0.9483083501778256,0.0
PbSe/Cr,signed_current_sweep,nominal_transport,original,-2.55,n,2.55,309.894134846523,364.88516523931395,-0.38667128686405733,-0.3068063306032231,0.533596841025385,1.0759156306020115,1.4356118392370822,1.0759156306020115,0.15650041830876157,0.8434995816912384,0.5893258716759757,1.072079393919301,0.10862435315046368,0.8913756468495363,True,1.009976590130705,1.009976590130705,4.7922191528428836e-17
PbSe/Cr,signed_current_sweep,nominal_transport,alpha_preserving_flattened,-2.55,p,-2.55,309.894134846523,369.0269170811247,-0.4461290805448216,-0.3467489741001932,1.0041477467718536,1.8568046873864836,1.523420485318665,1.8568046873864836,0.28660665443572103,0.7133933455642789,1.0838755474343162,1.8107429375392385,0.18346661770347936,0.8165333822965206,True,0.9190481016946965,0.9190481016946965,0.0
PbSe/Cr,signed_current_sweep,nominal_transport,alpha_preserving_flattened,-2.55,n,2.55,309.894134846523,365.05154526437315,-0.44822331823707434,-0.3565828066225216,0.533596841025385,1.0759155141619048,1.5276079246871226,1.0759155141619048,0.16652917370691533,0.8334708262930847,0.6018063954757328,1.0513073979898677,0.10651970993627968,0.8934802900637203,True,1.0431668387789597,1.0431668387789597,1.4246174827602984e-16
PbSe/Cr,signed_current_sweep,nominal_transport,original,-2.5,p,-2.5,309.894134846523,368.4217367079543,-0.49345680364558586,-0.3874046231344574,0.9651554659475716,1.7782581127653005,1.6007717171359213,1.7782581127653005,0.2884193911934303,0.7115806088065697,1.0546336946141286,1.7178335070884967,0.17405292423867472,0.8259470757613253,True,0.9570522583285146,0.9570522583285146,8.800472016835533e-17
PbSe/Cr,signed_current_sweep,nominal_transport,original,-2.5,n,2.5,309.894134846523,364.48175596506394,-0.37835894350177673,-0.30079052019923835,0.5128766253608082,1.034136353187966,1.424250558361069,1.034136353187966,0.14923285864293326,0.8507671413570668,0.5660897838937623,1.0290755723021483,0.10426715504306981,0.8957328449569302,True,1.0134946637707842,1.0134946637707842,2.449173969864228e-16
PbSe/Cr,signed_current_sweep,nominal_transport,alpha_preserving_flattened,-2.5,p,-2.5,309.894134846523,368.18675347648167,-0.4363838168726121,-0.3399499746080325,0.9651554659475716,1.7756842945933144,1.5091937619700948,1.7756842945933144,0.2715257422407639,0.728474257759236,1.0407953855098857,1.7315539240782343,0.17544309312814138,0.8245569068718586,True,0.9280924131796843,0.9280924131796843,8.883230754025288e-17
PbSe/Cr,signed_current_sweep,nominal_transport,alpha_preserving_flattened,-2.5,n,2.5,309.894134846523,364.6314879441824,-0.4389343728701187,-0.3495909868848251,0.5128766253608082,1.0341365140533665,1.5137648009284734,1.0341365140533665,0.15861217843301545,0.8413878215669846,0.577970542530196,1.009381724539375,0.10227175107727363,0.8977282489227264,True,1.046051934722497,1.046051934722497,2.912723168118841e-16
PbSe/Cr,signed_current_sweep,nominal_transport,original,-2.45,p,-2.45,309.894134846523,367.62817042929066,-0.48322698486703936,-0.37965653067176824,0.926935309496048,1.6993418210313491,1.584372511016649,1.6993418210313491,0.27279618905149544,0.7272038109485046,1.011767365708526,1.6415011223701659,0.16631883666877115,0.8336811633312289,True,0.9653667004328188,0.9653667004328188,0.0
PbSe/Cr,signed_current_sweep,nominal_transport,original,-2.45,n,2.45,309.894134846523,364.12379642594203,-0.3701589518304624,-0.29477470979525366,0.49256671099652033,0.9931846697805058,1.4130683453019408,0.9931846697805058,0.142197980878655,0.857802019121345,0.5433723481353938,0.9871256341556612,0.10001673765634489,0.8999832623436551,True,1.0168741756171558,1.0168741756171558,1.0015353831821093e-16
PbSe/Cr,signed_current_sweep,nominal_transport,alpha_preserving_flattened,-2.45,p,-2.45,309.894134846523,367.4096452120872,-0.4267322212484263,-0.333150975115872,0.926935309496048,1.6969286792780507,1.4952051792333434,1.6969286792780507,0.2570778368549492,0.7429221631450508,0.998696572066769,1.654687896427275,0.16765493622466154,0.8323450637753385,True,0.9367407218394963,0.9367407218394963,1.8207789743771e-16
PbSe/Cr,signed_current_sweep,nominal_transport,alpha_preserving_flattened,-2.45,n,2.45,309.894134846523,364.25634732769777,-0.42971400204108257,-0.3425991671471287,0.49256671099652033,0.9931846092964017,1.5001172476047446,0.9931846092964017,0.15095775898542244,0.8490422410145776,0.5546817720360797,0.9684378574018767,0.09812326999600768,0.9018767300039923,True,1.048791968662942,1.048791968662942,1.9854182196539072e-16
PbSe/Cr,signed_current_sweep,nominal_transport,original,-2.4,p,-2.4,309.894134846523,366.8964993627631,-0.4729974423233771,-0.3719084382090791,0.8894872774172821,1.6228201754122724,1.568186929592833,1.6228201754122724,0.25785079976257025,0.7421492002374297,0.9699142413020805,1.5674981942838497,0.1588207724020668,0.8411792275979332,True,0.9732529258536726,0.9732529258536726,9.246994471600312e-17
PbSe/Cr,signed_current_sweep,nominal_transport,original,-2.4,n,2.4,309.894134846523,363.8123981170406,-0.36206726293909924,-0.2887588993912688,0.4726670979325209,0.953060035300128,1.402058404659453,0.953060035300128,0.13539000939998075,0.8646099906000193,0.5211691614935668,0.9462250656945912,0.0958726436482248,0.9041273563517752,True,1.0201062025717962,1.0201062025717962,1.536107826600796e-16
PbSe/Cr,signed_current_sweep,nominal_transport,alpha_preserving_flattened,-2.4,p,-2.4,309.894134846523,366.6945259765174,-0.41717451836868125,-0.32635197562371127,0.8894872774172821,1.6205912105927165,1.4814485086489073,1.6205912105927165,0.24325417053160878,0.7567458294683912,0.9575678397395084,1.5801950600016057,0.16010723386513764,0.8398927661348623,True,0.9449923318441588,0.9449923318441588,1.8661861659521169e-16
PbSe/Cr,signed_current_sweep,nominal_transport,alpha_preserving_flattened,-2.4,n,2.4,309.894134846523,363.9271328735222,-0.42056170418252936,-0.3356073474094321,0.4726670979325209,0.9530602050264241,1.4866610831545635,0.9530602050264241,0.14355970706989085,0.8564402929301091,0.5319344582702877,0.9284728117439641,0.0940739642656279,0.9059260357343721,True,1.051378294063212,1.051378294063212,0.0
PbSe/Cr,signed_current_sweep,nominal_transport,original,-2.3499999999999996,p,-2.3499999999999996,309.894134846523,366.22609180646117,-0.4627791782970587,-0.36416034574638995,0.8528113697112741,1.5487255976335197,1.5522180811941757,1.5487255976335197,0.243572060009788,0.756427939990212,0.9290613820482401,1.4958566109368427,0.15156196237933686,0.8484380376206632,True,0.9807145782953917,0.9807145782953917,0.0
PbSe/Cr,signed_current_sweep,nominal_transport,original,-2.3499999999999996,n,2.3499999999999996,309.894134846523,363.5487230886658,-0.3540799199638742,-0.28274308898728406,0.45317778616881005,0.9137630221433836,1.3912143213823411,0.9137630221433836,0.12880356203691115,0.8711964379630889,0.49947597801345095,0.9063653056059602,0.09183400557634509,0.9081659944236549,True,1.0231836108792154,1.0231836108792154,3.1419349664434885e-16
PbSe/Cr,signed_current_sweep,nominal_transport,alpha_preserving_flattened,-2.3499999999999996,p,-2.3499999999999996,309.894134846523,366.0409211564272,-0.40771076385768446,-0.3195529761315506,0.8528113697112741,1.5466983833873789,1.4679177532090641,1.5466983833873789,0.23004225129666742,0.7699577487033326,0.9173986366271262,1.5080976871105376,0.15280224270631163,0.8471977572936884,True,0.9528486822764652,0.9528486822764652,2.3911700510897036e-16
PbSe/Cr,signed_current_sweep,nominal_transport,alpha_preserving_flattened,-2.3499999999999996,n,2.3499999999999996,309.894134846523,363.64506579698457,-0.4114768834375816,-0.3286155276717356,0.45317778616881005,0.9137628810661361,1.4733921220979922,0.9137628810661361,0.13641185357741473,0.8635881464225853,0.5097231730011924,0.889483390311329,0.09012350993654338,0.9098764900634566,True,1.0538039873043732,1.0538039873043732,1.0383519530479063e-16
PbSe/Cr,signed_current_sweep,nominal_transport,original,-2.3,p,-2.3,309.894134846523,365.61689524290114,-0.45258152312279487,-0.35641225328370074,0.8169075863780246,1.477068775332828,1.5364674714205753,1.477068775332828,0.2299451968003321,0.7700548031996679,0.889196641416335,1.4265810805139447,0.14454288363943804,0.855457116360562,True,0.9877573444865828,0.9877573444865828,1.9440698357134737e-16
PbSe/Cr,signed_current_sweep,nominal_transport,original,-2.3,n,2.3,309.894134846523,363.3342744201012,-0.34619352230968037,-0.27672727858329926,0.4340987757053881,0.8752931249429695,1.380530036170153,0.8752931249429695,0.12243332157301363,0.8775666784269863,0.4782887021474233,0.8675391555920867,0.08790009410066446,0.9120999058993355,True,1.0261008227393469,1.0261008227393469,1.0712892940670352e-16
PbSe/Cr,signed_current_sweep,nominal_transport,alpha_preserving_flattened,-2.3,p,-2.3,309.894134846523,365.4488015775409,-0.3983407585498091,-0.3127539766393899,0.8169075863780246,1.4752547885857865,1.4546066873592611,1.4752547885857865,0.2174266965349495,0.7825733034650505,0.8781790662340276,1.4383972904056006,0.14574011601182693,0.8542598839881731,True,0.9603134868865999,0.9603134868865999,4.902751963177626e-17
PbSe/Cr,signed_current_sweep,nominal_transport,alpha_preserving_flattened,-2.3,n,2.3,309.894134846523,363.411508981731,-0.40245875606611875,-0.32162370793403905,0.4340987757053881,0.8752931154754141,1.4603062236364117,0.8752931154754141,0.12950833002929385,0.8704916699707062,0.4880426780181298,0.8514642412202432,0.08627136474956006,0.9137286352504399,True,1.0560638546550951,1.0560638546550951,5.3113018237079065e-17
PbSe/Cr,signed_current_sweep,nominal_transport,original,-2.25,p,-2.25,309.894134846523,365.068756168973,-0.4424119857482747,-0.34866416082101165,0.781775927417533,1.4078367041202455,1.5209356615396308,1.4078367041202455,0.21695186168602265,0.7830481383139773,0.8503086010658065,1.3596614839704726,0.13776251090878575,0.8622374890912142,True,0.9943882941414567,0.9943882941414567,9.968000139641129e-17
PbSe/Cr,signed_current_sweep,nominal_transport,original,-2.25,n,2.25,309.894134846523,363.1707389463255,-0.33840490458992417,-0.2707114681793145,0.4154300665422547,0.8376505615175303,1.3699998236739839,0.8376505615175303,0.11627427756402939,0.8837257224359706,0.457603382047121,0.8297359385023638,0.08406982739964548,0.9159301726003545,True,1.028853564702922,1.028853564702922,1.0960415841501852e-16
PbSe/Cr,signed_current_sweep,nominal_transport,alpha_preserving_flattened,-2.25,p,-2.25,309.894134846523,364.9180757553224,-0.38906351534901024,-0.3059549771472293,0.781775927417533,1.406242751554388,1.4415092910188307,1.406242751554388,0.20538938638409796,0.794610613615902,0.8398998321542892,1.3710762498534623,0.13891906849905045,0.8610809315009496,True,0.9673917358379254,0.9673917358379254,1.5080675727381686e-16
PbSe/Cr,signed_current_sweep,nominal_transport,alpha_preserving_flattened,-2.25,n,2.25,309.894134846523,363.228084086608,-0.3935064692832008,-0.31463188819634264,0.4154300665422547,0.837650577226734,1.4473993279274286,0.837650577226734,0.12284331096210677,0.8771566890378932,0.4668879173039532,0.8144095802814125,0.08251694264377223,0.9174830573562278,True,1.0581539405797462,1.0581539405797462,5.4347081553627305e-17
PbSe/Cr,signed_current_sweep,nominal_transport,original,-2.2,p,-2.2,309.894134846523,364.58213392384806,-0.4322768538490504,-0.3409160683583225,0.7474163928297995,1.3410047396981775,1.5056223406612246,1.3410047396981775,0.20457220096879603,0.795427799031204,0.8123865111240451,1.2950701526577457,0.13121804076714588,0.8687819592328541,True,1.0006155669025287,1.0006155669025287,5.111748276188531e-17
PbSe/Cr,signed_current_sweep,nominal_transport,original,-2.2,n,2.2,309.894134846523,363.05999570294836,-0.3307111149714782,-0.26469565777532983,0.39717165867940996,0.8008353173716223,1.3596182689234326,0.8008353173716223,0.11032157760825481,0.8896784223917452,0.43741620281475757,0.7929465854608355,0.080342286604042,0.919657713395958,True,1.0314387182777611,1.0314387182777611,1.6824114969233913e-16
PbSe/Cr,signed_current_sweep,nominal_transport,alpha_preserving_flattened,-2.2,p,-2.2,309.894134846523,364.44932522912876,-0.37987818272331625,-0.29915597765506863,0.7474163928297995,1.3396344409092205,1.428619582292792,1.3396344409092205,0.19391131778144316,0.8060886822185569,0.802552187321472,1.3061054595428074,0.13233615112259678,0.8676638488774032,True,0.9740896153253198,0.9740896153253198,5.154962153480108e-17
PbSe/Cr,signed_current_sweep,nominal_transport,alpha_preserving_flattened,-2.2,n,2.2,309.894134846523,363.09665763454643,-0.3846190603072194,-0.3076400684586461,0.39717165867940996,0.800835312020862,1.4346674311775363,0.800835312020862,0.11641118460294288,0.8835888153970571,0.44625400903539064,0.7783124758769797,0.07885954129945405,0.921140458700546,True,1.060071603369945,1.060071603369945,5.562174056020573e-17
PbSe/Cr,signed_current_sweep,nominal_transport,original,-2.15,p,-2.15,309.894134846523,364.15768841835984,-0.4221811103540852,-0.33316797589563335,0.713828982614824,1.2765354845656454,1.490526261222093,1.2765354845656454,0.1927847951957378,0.8072152048042622,0.7754202353293178,1.232771669214129,0.12490588468551606,0.875094115314484,True,1.0064481356795498,1.0064481356795498,2.09745321376531e-16
PbSe/Cr,signed_current_sweep,nominal_transport,original,-2.15,n,2.15,309.894134846523,363.00440395407713,-0.32310982139977545,-0.258679847371345,0.37932355211685376,0.7648473416307139,1.3493802440409204,0.7648473416307139,0.10457054311009539,0.8954294568899046,0.4177234798085815,0.7571571703715042,0.07671606070532401,0.923283939294676,True,1.033854187572296,1.033854187572296,5.740146076670284e-17
PbSe/Cr,signed_current_sweep,nominal_transport,alpha_preserving_flattened,-2.15,p,-2.15,309.894134846523,364.0431713375166,-0.3707833319942281,-0.29235697816290795,0.713828982614824,1.2753882379774701,1.4159316390370833,1.2753882379774701,0.18297213189302045,0.8170278681069796,0.7661278876591268,1.2434442044991276,0.12598723859305672,0.8740127614069433,True,0.9804142146938851,0.9804142146938851,1.057435432085243e-16
PbSe/Cr,signed_current_sweep,nominal_transport,alpha_preserving_flattened,-2.15,n,2.15,309.894134846523,363.01936792806356,-0.3757954567494144,-0.3006482487209496,0.37932355211685376,0.7648473551850083,1.4221065705567628,0.7648473551850083,0.11020648904240865,0.8897935109575914,0.42613623754631363,0.7431645477123592,0.07529831161523884,0.9247016883847612,True,1.0618151003798435,1.0618151003798435,2.2775630302779424e-16
PbSe/Cr,signed_current_sweep,nominal_transport,original,-2.0999999999999996,p,-2.0999999999999996,309.894134846523,363.79638800110143,-0.412128616341131,-0.3254198834329442,0.6810136967726063,1.2143825873480665,1.475645755508858,1.2143825873480665,0.18156741017768122,0.8184325898223188,0.739400200799998,1.1727194113893722,0.11882131884231685,0.8811786811576832,True,1.0118954183555204,1.0118954183555204,1.6139644649741086e-16
PbSe/Cr,signed_current_sweep,nominal_transport,original,-2.0999999999999996,n,2.0999999999999996,309.894134846523,362.9980470654064,-0.3155861341111717,-0.2526640369673602,0.3618857468545862,0.7296867226984097,1.3392808973512427,0.7296867226984097,0.09901668284221696,0.900983317157783,0.39852165207431833,0.7223558638866857,0.07318995113998243,0.9268100488600176,True,1.036098634596898,1.036098634596898,1.1753506626078884e-16
PbSe/Cr,signed_current_sweep,nominal_transport,alpha_preserving_flattened,-2.0999999999999996,p,-2.0999999999999996,309.894134846523,363.7008006141405,-0.3617775881414838,-0.2855579786707473,0.6810136967726063,1.2134567134568206,1.4034397459598265,1.2134567134568206,0.1725513315892495,0.8274486684107505,0.7306191498654028,1.18304537419902,0.11986755761643711,0.8801324423835629,True,0.9863731082094732,0.9863731082094732,5.423764692703871e-17
PbSe/Cr,signed_current_sweep,nominal_transport,alpha_preserving_flattened,-2.0999999999999996,n,2.0999999999999996,309.894134846523,362.9980470654064,-0.3670338401015598,-0.293656428983253,0.3618857468545862,0.7296867020530795,1.4097129427304655,0.7296867020530795,0.10422391275469947,0.8957760872453006,0.406530045363608,0.7089568206681878,0.07183234422140938,0.9281676557785906,True,1.0633836481200996,1.0633836481200996,1.166026109787423e-16
PbSe/Cr,signed_current_sweep,nominal_transport,original,-2.05,p,-2.05,309.894134846523,363.49977247477693,-0.40212237753623215,-0.31767179097025505,0.6489705353031471,1.1544952225248981,1.460978603034377,1.1544952225248981,0.17089771270144516,0.8291022872985548,0.7043173521742099,1.1148625034984652,0.11295918845292444,0.8870408115470756,True,1.0169671949903603,1.0169671949903603,5.5207355616981454e-17
PbSe/Cr,signed_current_sweep,nominal_transport,original,-2.05,n,2.05,309.894134846523,362.9980470654064,-0.30807217853709623,-0.24664822656337548,0.34485824289260747,0.6953533808884542,1.329315621127177,0.6953533808884542,0.09365563946175934,0.9063443605382406,0.3798072759544599,0.6885261673169494,0.06976228624127562,0.9302377137587243,True,1.0381715782441228,1.0381715782441228,9.027145545573268e-17
PbSe/Cr,signed_current_sweep,nominal_transport,alpha_preserving_flattened,-2.05,p,-2.05,309.894134846523,363.4236155650627,-0.3528592286663054,-0.27875897917858666,0.6489705353031471,1.1537848474175527,1.3911382943663295,1.1537848474175527,0.1626280263599025,0.8373719736400975,0.696018613037594,1.1248548413074002,0.11397162394707981,0.8860283760529202,True,0.9919743325587419,0.9919743325587419,5.564966967498023e-17
PbSe/Cr,signed_current_sweep,nominal_transport,alpha_preserving_flattened,-2.05,n,2.05,309.894134846523,362.9980470654064,-0.35829493914676086,-0.2866646092455566,0.34485824289260747,0.6953533922189225,1.397482695373283,0.6953533922189225,0.09845828599652881,0.9015417140034712,0.38743102539219626,0.6756771362133338,0.06846040720120007,0.9315395927987999,True,1.0647771546252212,1.0647771546252212,1.4927699334235352e-16
PbSe/Cr,signed_current_sweep,nominal_transport,original,-2.0,p,-2.0,309.894134846523,363.26947219168244,-0.39216429068819214,-0.3099236985075659,0.6176994982064459,1.0968148550696326,1.4465220718844085,1.0968148550696326,0.16075283589419295,0.839247164105807,0.6701631098054799,1.0591446217963267,0.10731378672882001,0.89268621327118,True,1.0216734546206752,1.0216734546206752,1.133290523508922e-16
PbSe/Cr,signed_current_sweep,nominal_transport,original,-2.0,n,2.0,309.894134846523,362.9980470654064,-0.30055822296302076,-0.24063241615939068,0.3282410402309173,0.6618473470615925,1.3194800491846115,0.6618473470615925,0.08848321924201388,0.9115167807579861,0.36157701891155497,0.6556533345399936,0.06643157191463782,0.9335684280853622,True,1.0400730573439718,1.0400730573439718,1.5411075868453713e-16
PbSe/Cr,signed_current_sweep,nominal_transport,alpha_preserving_flattened,-2.0,p,-2.0,309.894134846523,363.21355833170935,-0.3440265372735229,-0.27195997968642605,0.6176994982064459,1.0963145373404266,1.379021784144384,1.0963145373404266,0.15318158335705434,0.8468184166429457,0.6623193038266353,1.0688154096180433,0.10829364239767024,0.8917063576023297,True,0.9972262405615917,0.9972262405615917,0.0
PbSe/Cr,signed_current_sweep,nominal_transport,alpha_preserving_flattened,-2.0,n,2.0,309.894134846523,362.9980470654064,-0.3495560381919618,-0.27967278950786006,0.3282410402309173,0.661847367186057,1.3854121623118723,0.661847367186057,0.09290457396574563,0.9070954260342544,0.3688349133124862,0.6433135713047813,0.0651812924977799,0.9348187075022201,True,1.0659961211552063,1.0659961211552063,1.8351024211936828e-16
PbSe/Cr,signed_current_sweep,nominal_transport,original,-1.95,p,-1.95,309.894134846523,363.10775878803184,-0.3822555430303589,-0.3021756060448767,0.5872005854825026,1.041281513263387,1.4322731854348738,1.041281513263387,0.1511103717360327,0.8488896282639673,0.6369293316920548,1.0055071132479674,0.10187917087507423,0.8981208291249257,True,1.0260242131814779,1.0260242131814779,2.326922993202869e-16
PbSe/Cr,signed_current_sweep,nominal_transport,original,-1.95,n,1.95,309.894134846523,362.9980470654064,-0.2930442673889452,-0.23461660575540594,0.3120341388695157,0.6291686105720687,1.30977003347157,0.6291686105720687,0.08349536198606738,0.9165046380139326,0.3438276535621285,0.6237191794255634,0.06319596551982574,0.9368040344801742,True,1.0418036689154202,1.0418036689154202,3.1580119450416166e-17
PbSe/Cr,signed_current_sweep,nominal_transport,alpha_preserving_flattened,-1.95,p,-1.95,309.894134846523,363.0729408213992,-0.33527758318468126,-0.2651609801942654,0.5872005854825026,1.0409837848026535,1.3670849040129625,1.0409837848026535,0.14419151565678862,0.8558084843432114,0.6295146048077516,1.0148657690939464,0.10282740096269011,0.8971725990373098,True,1.0021372768188788,1.0021372768188788,5.862264665482262e-17
PbSe/Cr,signed_current_sweep,nominal_transport,alpha_preserving_flattened,-1.95,n,1.95,309.894134846523,362.9980470654064,-0.3408171372371628,-0.2726809697701636,0.3120341388695157,0.6291686119488205,1.3734977123549474,0.6291686119488205,0.0875578811549793,0.9124421188450207,0.35073758022651125,0.6118518234706175,0.061993550967765675,0.9380064490322343,True,1.0670416729535486,1.0670416729535486,6.268186077183411e-17
PbSe/Cr,signed_current_sweep,nominal_transport,original,-1.9,p,-1.9,309.894134846523,363.0172870438286,-0.3723964513711106,-0.2944275135821876,0.5574737971313175,0.987831902465234,1.4182286987588262,0.987831902465234,0.1419480960626033,0.8580519039373967,0.6046082788261391,0.9538879724244963,0.09664905842823962,0.9033509415717604,True,1.0300294483820607,1.0300294483820607,5.97359369935203e-17
PbSe/Cr,signed_current_sweep,nominal_transport,original,-1.9,n,1.9,309.894134846523,362.9980470654064,-0.2855303118148697,-0.22860079535142117,0.2962375388084028,0.5973172510716654,1.300181628707927,0.5973172510716654,0.07868815048635386,0.9213118495136461,0.3265560521059536,0.5927057723560755,0.060053650406763574,0.9399463495932364,True,1.0433644943796294,1.0433644943796294,6.473167327688274e-17
PbSe/Cr,signed_current_sweep,nominal_transport,alpha_preserving_flattened,-1.9,p,-1.9,309.894134846523,363.0044596180769,-0.32661020289033915,-0.2583619807021047,0.5574737971313175,0.9877274838825537,1.355322495804467,0.9877274838825537,0.1356375822401363,0.8643624177598637,0.5975982257910324,0.9629428683192893,0.0975665111980582,0.9024334888019419,True,1.006715935511205,1.006715935511205,1.2037857882676929e-16
PbSe/Cr,signed_current_sweep,nominal_transport,alpha_preserving_flattened,-1.9,n,1.9,309.894134846523,362.9980470654064,-0.3320782362823637,-0.26568915003246707,0.2962375388084028,0.5973172100100194,1.3617357692670096,0.5973172100100194,0.08241345624548436,0.9175865437545156,0.3331350255832977,0.5812772052346533,0.05889569445868517,0.9411043055413149,True,1.0679153054169606,1.0679153054169606,9.637355087877942e-17
PbSe/Cr,signed_current_sweep,nominal_transport,original,-1.8499999999999999,p,-1.8499999999999999,309.894134846523,362.9980470654064,-0.3625845473928977,-0.2866794211194984,0.5285191331528901,0.9363763437633501,1.404385197167066,0.9363763437633501,0.13324070780522085,0.8667592921947791,0.5731925836547969,0.9042233669422661,0.09161698181565033,0.9083830181843496,True,1.0336990036440588,1.0336990036440588,1.227125061625077e-16
PbSe/Cr,signed_current_sweep,nominal_transport,original,-1.8499999999999999,n,1.8499999999999999,309.894134846523,362.9980470654064,-0.2780163562407942,-0.2225849849474364,0.28085124004757855,0.5662931389251291,1.2907110842421452,0.5662931389251291,0.07405776378030571,0.9259422362196943,0.3097591807275743,0.5625944918677416,0.05700273982669915,0.9429972601733009,True,1.0447569461611241,1.0447569461611241,9.954256613055991e-17
PbSe/Cr,signed_current_sweep,nominal_transport,alpha_preserving_flattened,-1.8499999999999999,p,-1.8499999999999999,309.894134846523,362.9980470654064,-0.31800876295238356,-0.2515629812099441,0.5285191331528901,0.9363763437633501,1.3437295689667874,0.9363763437633501,0.12748601966832074,0.8725139803316793,0.5665641777579672,0.9129818979207543,0.09250440654135883,0.9074955934586412,True,1.0109706585703981,1.0109706585703981,6.181348935697577e-17
PbSe/Cr,signed_current_sweep,nominal_transport,alpha_preserving_flattened,-1.8499999999999999,n,1.8499999999999999,309.894134846523,362.9980470654064,-0.3233393353275647,-0.25869733029477054,0.28085124004757855,0.5662931199793951,1.3501228825811802,0.5662931199793951,0.0774666611204885,0.9225333388795115,0.31602337036585604,0.551574361812452,0.055886167205604714,0.9441138327943953,True,1.0686188696819199,1.0686188696819199,2.9643617196714703e-16
PbSe/Cr,signed_current_sweep,nominal_transport,original,-1.7999999999999998,p,-1.7999999999999998,309.894134846523,362.9980470654064,-0.35278496503092743,-0.2789313286568093,0.5003365935472212,0.8864453919045301,1.3907390138937112,0.8864453919045301,0.12491019296293768,0.8750898070370623,0.5426752213683708,0.856448611163933,0.086776387011966,0.913223612988034,True,1.0370426076981614,1.0370426076981614,1.8911216288358045e-16
PbSe/Cr,signed_current_sweep,nominal_transport,original,-1.7999999999999998,n,1.7999999999999998,309.894134846523,362.9980470654064,-0.27050240066671866,-0.21656917454345162,0.2658752425870429,0.5360963643420924,1.2813548293654826,0.5360963643420924,0.06960052678293747,0.9303994732170625,0.293434094558846,0.5333666059331632,0.054041335828444434,0.9459586641715556,True,1.0459827445482073,1.0459827445482073,1.3610736370144042e-16
PbSe/Cr,signed_current_sweep,nominal_transport,alpha_preserving_flattened,-1.7999999999999998,p,-1.7999999999999998,309.894134846523,362.9980470654064,-0.30941393152123803,-0.24476398171778344,0.5003365935472212,0.8864453919045301,1.3323012592980106,0.8864453919045301,0.11966156534125823,0.8803384346587417,0.5364067492128912,0.864916906625038,0.08763440473151819,0.9123655952684818,True,1.0149098579318934,1.0149098579318934,6.349861133864795e-17
PbSe/Cr,signed_current_sweep,nominal_transport,alpha_preserving_flattened,-1.7999999999999998,n,1.7999999999999998,309.894134846523,362.9980470654064,-0.3146004343727656,-0.2517055105570741,0.2658752425870429,0.5360963696744725,1.3386556777369956,0.5360963696744725,0.07271299029976454,0.9272870097002355,0.29939885076528266,0.5227276383897393,0.05296338304421232,0.9470366169557877,True,1.069154596132403,1.069154596132403,6.756220577653202e-17
PbSe/Cr,signed_current_sweep,nominal_transport,original,-1.75,p,-1.75,309.894134846523,362.9980470654064,-0.34298538266895723,-0.27118323619412016,0.4729261783143101,0.8378824113295137,1.3772864005380572,0.8378824113295137,0.11692505631196327,0.8830749436880367,0.5130494837469713,0.8103455886844766,0.08210517420485816,0.9178948257951418,True,1.04006974640895,1.04006974640895,0.0
PbSe/Cr,signed_current_sweep,nominal_transport,original,-1.75,n,1.75,309.894134846523,362.9980470654064,-0.26298844509264313,-0.2105533641394669,0.25130954642679604,0.5067268093284653,1.272109457768783,0.5067268093284653,0.06531284745116941,0.9346871525488306,0.27757793275187026,0.5050035265479238,0.051167555053390386,0.9488324449466096,True,1.0470439236139717,1.0470439236139717,6.981116448260825e-17
PbSe/Cr,signed_current_sweep,nominal_transport,alpha_preserving_flattened,-1.75,p,-1.75,309.894134846523,362.9980470654064,-0.30081910009009255,-0.2379649822256228,0.4729261783143101,0.8378824113295137,1.3210328599385974,0.8378824113295137,0.11214939861304926,0.8878506013869507,0.5071204846735508,0.8186765742128838,0.08294927951950357,0.9170507204804964,True,1.018541798112589,1.018541798112589,1.9574479319352657e-16
PbSe/Cr,signed_current_sweep,nominal_transport,alpha_preserving_flattened,-1.75,n,1.75,309.894134846523,362.9980470654064,-0.3058615334179666,-0.2447136908193776,0.25130954642679604,0.506726882237442,1.327330813907316,0.506726882237442,0.06814804096450948,0.9318519590354906,0.28325781178763143,0.49472184839330385,0.050125803252934725,0.9498741967470653,True,1.0695249026302187,1.0695249026302187,6.931511728773934e-17
PbSe/Cr,signed_current_sweep,nominal_transport,original,-1.7,p,-1.7,309.894134846523,362.9980470654064,-0.3331858003069871,-0.263435143731431,0.44628788745415704,0.7906874020383002,1.3640235283971514,0.7906874020383002,0.10927653998658932,0.8907234600134106,0.4843089553232189,0.765509210805394,0.07756229932791439,0.9224377006720856,True,1.0427896607745675,1.0427896607745675,1.9979046169839148e-16
PbSe/Cr,signed_current_sweep,nominal_transport,original,-1.7,n,1.7,309.894134846523,362.9980470654064,-0.2554744895185676,-0.2045375537354821,0.23715415156683772,0.4781847189966938,1.262971722461497,0.4781847189966938,0.06119128524942317,0.9388087147505768,0.26218791384197,0.47748772056681604,0.048379621022511636,0.9516203789774884,True,1.0479426958190923,1.0479426958190923,0.0
PbSe/Cr,signed_current_sweep,nominal_transport,alpha_preserving_flattened,-1.7,p,-1.7,309.894134846523,362.9980470654064,-0.292224268658947,-0.23116598273346217,0.44628788745415704,0.7906874020383002,1.3099198220328845,0.7906874020383002,0.1049421090117183,0.8950578909882817,0.4787001651218807,0.7738695058002034,0.07840937431238759,0.9215906256876124,True,1.0218745666356277,1.0218745666356277,1.3413265041633134e-16
PbSe/Cr,signed_current_sweep,nominal_transport,alpha_preserving_flattened,-1.7,n,1.7,309.894134846523,362.9980470654064,-0.2971226324631675,-0.2377218710816811,0.23715415156683772,0.47818468639408057,1.3161450606632374,0.47818468639408057,0.06376754199113621,0.9362324580088638,0.26759670155518656,0.4675419196050232,0.04737190069679168,0.9526280993032084,True,1.069732415543716,1.069732415543716,1.4227458455002204e-16
PbSe/Cr,signed_current_sweep,nominal_transport,original,-1.65,p,-1.65,309.894134846523,362.9980470654064,-0.3233862179450168,-0.25568705126874186,0.42042172096676217,0.7448603640308901,1.350946508584948,0.7448603640308901,0.10195611366751209,0.8980438863324879,0.4564474916325655,0.7219256968157228,0.07314636610318852,0.9268536338968115,True,1.0452113231462752,1.0452113231462752,6.848317188092002e-17
PbSe/Cr,signed_current_sweep,nominal_transport,original,-1.65,n,1.65,309.894134846523,362.9980470654064,-0.24796053394449208,-0.1985217433314973,0.22340905800716807,0.4504698660700526,1.253938524459086,0.4504698660700526,0.057232437716634034,0.942767562283366,0.24726133135382733,0.4508021648192064,0.04567580892801023,0.9543241910719897,True,1.0486814319389803,1.0486814319389803,1.4707671249731703e-16
PbSe/Cr,signed_current_sweep,nominal_transport,alpha_preserving_flattened,-1.65,p,-1.65,309.894134846523,362.9980470654064,-0.28362943722780154,-0.22436698324130147,0.42042172096676217,0.7448603640308901,1.2989577431010586,0.7448603640308901,0.09803251458388802,0.9019674854161119,0.4511407901692504,0.7302851447047813,0.07399335525790438,0.9260066447420956,True,1.024916055526397,1.024916055526397,0.0
PbSe/Cr,signed_current_sweep,nominal_transport,alpha_preserving_flattened,-1.65,n,1.65,309.894134846523,362.9980470654064,-0.2883837315083685,-0.23073005134398455,0.22340905800716807,0.4504697509868777,1.3050952764658545,0.4504697509868777,0.059567326137087484,0.9404326738629125,0.2524120657088334,0.44117445363878033,0.0447003178354429,0.9552996821645571,True,1.069779907860061,1.069779907860061,7.303288213714584e-17
PbSe/Cr,signed_current_sweep,nominal_transport,original,-1.5999999999999999,p,-1.5999999999999999,309.894134846523,362.9980470654064,-0.3135866355830466,-0.24793895880605268,0.39532767885212533,0.700401297307283,1.3380514162706905,0.700401297307283,0.09495547235068492,0.9050445276493151,0.4294591993541726,0.6795975022179166,0.06885762332509558,0.9311423766749044,True,1.04734342094422,1.04734342094422,3.522325159406469e-17
PbSe/Cr,signed_current_sweep,nominal_transport,original,-1.5999999999999999,n,1.5999999999999999,309.894134846523,362.9980470654064,-0.24044657837041658,-0.19250593292751256,0.21007426574778704,0.423582310758875,1.2450069021167074,0.423582310758875,0.05343303328866309,0.9465669667113369,0.23279554966319196,0.42493134565002266,0.04305454690799165,0.9569454530920083,True,1.049262652313699,1.049262652313699,1.510333659359134e-16
PbSe/Cr,signed_current_sweep,nominal_transport,alpha_preserving_flattened,-1.5999999999999999,p,-1.5999999999999999,309.894134846523,362.9980470654064,-0.275034605796656,-0.21756798374914083,0.39532767885212533,0.700401297307283,1.2881423635391915,0.700401297307283,0.09141365204462878,0.9085863479553712,0.4244375618401949,0.6879275252226675,0.06970163111570485,0.9302983688842952,True,1.0276739462752056,1.0276739462752056,7.092467469489901e-17
PbSe/Cr,signed_current_sweep,nominal_transport,alpha_preserving_flattened,-1.5999999999999999,n,1.5999999999999999,309.894134846523,362.9980470654064,-0.2796448305535694,-0.22373823160628808,0.21007426574778704,0.423582197645838,1.2941783829204927,0.423582197645838,0.05554335323943607,0.944456646760564,0.23770054214485495,0.41560696855787777,0.042109789984288035,0.957890210015712,True,1.0696703150106197,1.0696703150106197,3.7503183152513483e-17
PbSe/Cr,signed_current_sweep,nominal_transport,original,-1.5499999999999998,p,-1.5499999999999998,309.894134846523,362.9980470654064,-0.3037870532210764,-0.24019086634336356,0.37100576111024647,0.6573102018674796,1.3253343110606108,0.6573102018674796,0.08826653309923883,0.9117334669007612,0.4033384181532907,0.6385270069298086,0.06469631212972742,0.9353036878702726,True,1.0491943444776772,1.0491943444776772,1.0873750609988443e-16
PbSe/Cr,signed_current_sweep,nominal_transport,original,-1.5499999999999998,n,1.5499999999999998,309.894134846523,362.9980470654064,-0.23293262279634103,-0.18649012252352778,0.19714977478869466,0.39752200993402664,1.2361740221090027,0.39752200993402664,0.049789876263202776,0.9502101237367973,0.21878800007422466,0.3998613650255359,0.04051442679722818,0.9594855732027718,True,1.0496889966926015,1.0496889966926015,5.818336377887659e-17
PbSe/Cr,signed_current_sweep,nominal_transport,alpha_preserving_flattened,-1.5499999999999998,p,-1.5499999999999998,309.894134846523,362.9980470654064,-0.2664397743655105,-0.21076898425698015,0.37100576111024647,0.6573102018674796,1.277469562783767,0.6573102018674796,0.08507876730097486,0.9149212326990251,0.398585869732248,0.6468005560761806,0.06553459792216089,0.9344654020778391,True,1.0301556911585346,1.0301556911585346,1.094614582708219e-16
PbSe/Cr,signed_current_sweep,nominal_transport,alpha_preserving_flattened,-1.5499999999999998,n,1.5499999999999998,309.894134846523,362.9980470654064,-0.27090592959877036,-0.21674641186859156,0.19714977478869466,0.39752202386563545,1.283391357898348,0.39752202386563545,0.05169166962225018,0.9483083303777499,0.22345885603654286,0.3908287718343065,0.039599233763733095,0.9604007662362669,True,1.0694066153070934,1.0694066153070934,2.3118775590711345e-16
PbSe/Cr,signed_current_sweep,nominal_transport,original,-1.5,p,-1.5,309.894134846523,362.9980470654064,-0.2939874708591062,-0.23244277388067444,0.34745596774112586,0.6155870777114794,1.3127912541071438,0.6155870777114794,0.08188143099958561,0.9181185690004143,0.3780797040607105,0.5987165212093967,0.0606626665951589,0.9393373334048412,True,1.0507721812936142,1.0507721812936142,7.462392514663561e-17
PbSe/Cr,signed_current_sweep,nominal_transport,original,-1.5,n,1.5,309.894134846523,362.9980470654064,-0.22541866722226553,-0.180474312119543,0.18463558512989098,0.3722890860667682,1.2274371738039884,0.3722890860667682,0.04629987637492609,0.953700123625074,0.20523617712862627,0.3755808046113254,0.03805429167656109,0.961945708323439,True,1.049963164801209,1.049963164801209,0.0
PbSe/Cr,signed_current_sweep,nominal_transport,alpha_preserving_flattened,-1.5,p,-1.5,309.894134846523,362.9980470654064,-0.257844942934365,-0.20396998476481953,0.34745596774112586,0.6155870777114794,1.2669353552534353,0.6155870777114794,0.07902130635587934,0.9209786936441207,0.3735812774666075,0.606908030114355,0.06149263997322603,0.9385073600267739,True,1.0323685010510464,1.0323685010510464,0.0
PbSe/Cr,signed_current_sweep,nominal_transport,alpha_preserving_flattened,-1.5,n,1.5,309.894134846523,362.9980470654064,-0.26216702864397134,-0.20975459213089506,0.18463558512989098,0.37228914555202036,1.2727312698847175,0.37228914555202036,0.04800841226527995,0.95199158773472,0.2096838151202701,0.3668307027801264,0.03716772100203301,0.962832278997967,True,1.068991858464407,1.068991858464407,7.920677789249855e-17
PbSe/Cr,signed_current_sweep,nominal_transport,original,-1.4499999999999997,p,-1.4499999999999997,309.894134846523,362.9980470654064,-0.284187888497136,-0.2246946814179852,0.32467829874476295,0.5752319248392822,1.300418322441839,0.5752319248392822,0.07579251450361316,0.9242074854963869,0.35367781424272626,0.5601682908876884,0.05675691427164596,0.943243085728354,True,1.0520847129988573,1.0520847129988573,0.0
PbSe/Cr,signed_current_sweep,nominal_transport,original,-1.4499999999999997,n,1.4499999999999997,309.894134846523,362.9980470654064,-0.21790471164819,-0.17445850171555824,0.17253169677137584,0.34788351337415513,1.2187937612018047,0.34788351337415513,0.042960005132382614,0.9570399948676174,0.19213763512047066,0.3520788752374543,0.035673048374521836,0.9643269516254782,True,1.0500879007478368,1.0500879007478368,6.147739387355828e-17
PbSe/Cr,signed_current_sweep,nominal_transport,alpha_preserving_flattened,-1.4499999999999997,p,-1.4499999999999997,309.894134846523,362.9980470654064,-0.24925011150321952,-0.19717098527265886,0.32467829874476295,0.5752319248392822,1.2565358861550402,0.5752319248392822,0.07323490659289424,0.9267650934071058,0.3494195102840493,0.5682536328873056,0.057576130693200285,0.9424238693067997,True,1.0343193459956932,1.0343193459956932,2.320221735523409e-16
PbSe/Cr,signed_current_sweep,nominal_transport,alpha_preserving_flattened,-1.4499999999999997,n,1.4499999999999997,309.894134846523,362.9980470654064,-0.2534281276891723,-0.20276277239319854,0.17253169677137584,0.34788343204135314,1.2621952602048396,0.34788343204135314,0.04448980943733905,0.955510190562661,0.19637230525877594,0.34360512602120585,0.03481447807404321,0.9651855219259567,True,1.0684291090202918,1.0684291090202918,0.0
PbSe/Cr,signed_current_sweep,nominal_transport,original,-1.4,p,-1.4,309.894134846523,362.9980470654064,-0.2743883061351658,-0.21694658895529612,0.30267275412115846,0.5362447432508886,1.2882116209398071,0.5362447432508886,0.0699923403056997,0.9300076596943003,0.33012769302114997,0.5228845023615878,0.05297927668751084,0.9470207233124892,True,1.0531394155552702,1.0531394155552702,1.5834584589984662e-16
PbSe/Cr,signed_current_sweep,nominal_transport,original,-1.4,n,1.4,309.894134846523,362.9980470654064,-0.21039075607411448,-0.16844269131157347,0.16083810971314944,0.32430512671133516,1.21024129590573,0.32430512671133516,0.039767293689773164,0.9602327063102268,0.1794899848110588,0.3293477141052479,0.03336990022304198,0.966630099776958,True,1.0500659804843129,1.0500659804843129,0.0
PbSe/Cr,signed_current_sweep,nominal_transport,alpha_preserving_flattened,-1.4,p,-1.4,309.894134846523,362.9980470654064,-0.240655280072074,-0.19037198578049822,0.30267275412115846,0.5362447432508886,1.24626742722106,0.5362447432508886,0.06771338843716357,0.9322866115628364,0.32609644367449664,0.5308409508280201,0.05378543346371902,0.946214566536281,True,1.0360149444357791,1.0360149444357791,1.9917334937312656e-16
PbSe/Cr,signed_current_sweep,nominal_transport,alpha_preserving_flattened,-1.4,n,1.4,309.894134846523,362.9980470654064,-0.24468922673437327,-0.19577095265550207,0.16083810971314944,0.3243052009293918,1.251780557407393,0.3243052009293918,0.04113224083679615,0.9588677591632039,0.18352128623012529,0.3211461152212458,0.032538904516355216,0.9674610954836448,True,1.0677214941736655,1.0677214941736655,1.2567342951497516e-16
PbSe/Cr,signed_current_sweep,nominal_transport,original,-1.35,p,-1.35,309.894134846523,362.9980470654064,-0.26458872377319564,-0.20919849649260702,0.2814393338703119,0.4986255329462983,1.2761672922800706,0.4986255329462983,0.06447366787786851,0.9355263321221314,0.3074244590306415,0.4868672871007204,0.04932996980577888,0.9506700301942211,True,1.0539434617720276,1.0539434617720276,8.16025396063419e-17
PbSe/Cr,signed_current_sweep,nominal_transport,original,-1.35,n,1.35,309.894134846523,362.9980470654064,-0.20287680050003903,-0.16242688090758872,0.14955482395521172,0.3015541756836228,1.2017773889065393,0.3015541756836228,0.03671889724647201,0.963281102753528,0.16729089033153116,0.30738011178219665,0.031144116753886262,0.9688558832461137,True,1.0499002142388645,1.0499002142388645,6.507136511618272e-17
PbSe/Cr,signed_current_sweep,nominal_transport,alpha_preserving_flattened,-1.35,p,-1.35,309.894134846523,362.9980470654064,-0.23206044864092853,-0.1835729862883376,0.2814393338703119,0.4986255329462983,1.2361263724326617,0.4986255329462983,0.06245074738509064,0.9375492526149094,0.303608092938084,0.4946734786462077,0.050120902372906465,0.9498790976270935,True,1.037461766244776,1.037461766244776,8.210362777043516e-17
PbSe/Cr,signed_current_sweep,nominal_transport,alpha_preserving_flattened,-1.35,n,1.35,309.894134846523,362.9980470654064,-0.23595032577957425,-0.18877913291780557,0.14955482395521172,0.3015540938381517,1.24148441829854,0.3015540938381517,0.037932088618757555,0.9620679113812425,0.1711277877672892,0.2994488129527193,0.030340508168662527,0.9696594918313375,True,1.0668720934239861,1.0668720934239861,4.3113237479884443e-17
PbSe/Cr,signed_current_sweep,nominal_transport,original,-1.2999999999999998,p,-1.2999999999999998,309.894134846523,362.9980470654064,-0.2547891414112254,-0.20145040402991782,0.2609780379922233,0.46237429392551105,1.2642815251879496,0.46237429392551105,0.05922945376284021,0.9407705462371598,0.2855633933981689,0.45211872580530943,0.045809204445459516,0.9541907955545404,True,1.0545037244632625,1.0545037244632625,6.310882661847785e-17
PbSe/Cr,signed_current_sweep,nominal_transport,original,-1.2999999999999998,n,1.2999999999999998,309.894134846523,362.9980470654064,-0.19536284492596345,-0.15641107050360395,0.13868183949756252,0.27963049738008894,1.1933997474296738,0.27963049738008894,0.03381198996286,0.96618801003714,0.15553806626101768,0.28617083288002426,0.028995167511317692,0.9710048324886823,True,1.0495933943315776,1.0495933943315776,2.2331219116861342e-17
PbSe/Cr,signed_current_sweep,nominal_transport,alpha_preserving_flattened,-1.2999999999999998,p,-1.2999999999999998,309.894134846523,362.9980470654064,-0.223465617209783,-0.17677398679617692,0.2609780379922233,0.46237429392551105,1.226109233767814,0.46237429392551105,0.057441146392490504,0.9425588536075095,0.2819506035892577,0.45975462615370705,0.0465828829069341,0.9534171170930659,True,1.038666033620211,1.038666033620211,8.465086362808894e-17
PbSe/Cr,signed_current_sweep,nominal_transport,alpha_preserving_flattened,-1.2999999999999998,n,1.2999999999999998,309.894134846523,362.9980470654064,-0.22721142482477516,-0.18178731318010904,0.13868183949756252,0.27963051343050566,1.231304189072967,0.27963051343050566,0.034885919291922474,0.9651140807080776,0.15918890581439332,0.2785096300672722,0.028218925374205645,0.9717810746257943,True,1.065883977804262,1.065883977804262,2.2196124154797777e-17
PbSe/Cr,signed_current_sweep,nominal_transport,original,-1.25,p,-1.25,309.894134846523,362.9980470654064,-0.24498955904925518,-0.1937023115672287,0.2412888664868929,0.42749102618852736,1.2525505612199257,0.42749102618852736,0.05425284570775918,0.9457471542922409,0.2645399288522617,0.4186408524622195,0.04241718669250938,0.9575828133074906,True,1.054826783073939,1.054826783073939,0.0
PbSe/Cr,signed_current_sweep,nominal_transport,original,-1.25,n,1.25,309.894134846523,362.9980470654064,-0.18784888935188798,-0.15039526009961918,0.12821915634020206,0.2585339666676906,1.1851061689189506,0.2585339666676906,0.03104381759608811,0.9689561824039119,0.14422927488252074,0.26571641713672794,0.02692270189749444,0.9730772981025055,True,1.0491482868851665,1.0491482868851665,4.6004843858609795e-17
PbSe/Cr,signed_current_sweep,nominal_transport,alpha_preserving_flattened,-1.25,p,-1.25,309.894134846523,362.9980470654064,-0.21487078577863755,-0.16997498730401625,0.2412888664868929,0.42749102618852736,1.216212637006368,0.42749102618852736,0.05267890860954071,0.9473210913904593,0.2611202425203964,0.4260877249176729,0.04317171262412944,0.9568282873758706,True,1.0396337205610915,1.0396337205610915,8.731897982161276e-17
PbSe/Cr,signed_current_sweep,nominal_transport,alpha_preserving_flattened,-1.25,n,1.25,309.894134846523,362.9980470654064,-0.21847252386997618,-0.17479549344241255,0.12821915634020206,0.25853405890735165,1.221237282012065,0.25853405890735165,0.031990282343303686,0.9680097176566963,0.14770179898938454,0.2583261113439426,0.026173907367090608,0.9738260926329094,True,1.0647601721771296,1.0647601721771296,2.2866082314520026e-16
PbSe/Cr,signed_current_sweep,nominal_transport,original,-1.1999999999999997,p,-1.1999999999999997,309.894134846523,362.9980470654064,-0.23518997668728492,-0.18595421910453952,0.22237181935432043,0.3939757297353466,1.24097070030218,0.3939757297353466,0.04953717670566125,0.9504628232943387,0.24434963966946172,0.3864356578629401,0.03915411825627856,0.9608458817437214,True,1.0549189325694046,1.0549189325694046,1.120020671437034e-16
PbSe/Cr,signed_current_sweep,nominal_transport,original,-1.1999999999999997,n,1.1999999999999997,309.894134846523,362.9980470654064,-0.1803349337778124,-0.14437944969563438,0.11816677448313015,0.23826501952668525,1.1768945349021773,0.23826501952668525,0.028411756737520895,0.9715882432624791,0.1333623235701399,0.24601359014220758,0.024926388145309432,0.9750736118546905,True,1.0485676376987974,1.0485676376987974,1.0667805772301585e-16
PbSe/Cr,signed_current_sweep,nominal_transport,alpha_preserving_flattened,-1.1999999999999997,p,-1.1999999999999997,309.894134846523,362.9980470654064,-0.206275954347492,-0.16317598781185558,0.22237181935432043,0.3939757297353466,1.2064333176149662,0.3939757297353466,0.04815851044971262,0.9518414895502874,0.24111338985290495,0.3936760340426949,0.03988772174082711,0.9601122782591729,True,1.0403705575652962,1.0403705575652962,1.1264580316235753e-16
PbSe/Cr,signed_current_sweep,nominal_transport,alpha_preserving_flattened,-1.1999999999999997,n,1.1999999999999997,309.894134846523,362.9980470654064,-0.20973362291517705,-0.16780367370471602,0.11816677448313015,0.23826496542948386,1.2112811913047166,0.23826496542948386,0.029241888473234796,0.9707581115267652,0.13666368526628508,0.2388966427895393,0.024205290615616878,0.9757947093843832,True,1.0635036910622326,1.0635036910622326,4.7137349699614047e-17
PbSe/Cr,signed_current_sweep,nominal_transport,original,-1.15,p,-1.15,309.894134846523,362.9980470654064,-0.22539039432531477,-0.17820612664185037,0.20422689659450616,0.36182840456596954,1.22953830520734,0.36182840456596954,0.045075958999614425,0.9549240410003855,0.22498823238461996,0.355505093012177,0.03602019681487316,0.9639798031851269,True,1.0547861833687553,1.0547861833687553,1.619342823109398e-16
PbSe/Cr,signed_current_sweep,nominal_transport,original,-1.15,n,1.15,309.894134846523,362.9980470654064,-0.1728209782037369,-0.13836363929164963,0.10852469392634702,0.21882328557246467,1.168762805701285,0.21882328557246467,0.025913147762054032,0.974086852237946,0.12293506235150511,0.22706063959943118,0.02300605276280064,0.9769939472371993,True,1.047854164259456,1.047854164259456,2.200053386202998e-16
PbSe/Cr,signed_current_sweep,nominal_transport,alpha_preserving_flattened,-1.15,p,-1.15,309.894134846523,362.9980470654064,-0.1976811229163465,-0.15637698831969496,0.20422689659450616,0.36182840456596954,1.1967681167292377,0.36182840456596954,0.043874574979293486,0.9561254250207065,0.2219265314100875,0.36252274577007154,0.03673123369869395,0.9632687663013061,True,1.040882037632564,1.040882037632564,6.979000394836173e-17
PbSe/Cr,signed_current_sweep,nominal_transport,alpha_preserving_flattened,-1.15,n,1.15,309.894134846523,362.9980470654064,-0.20099472196037804,-0.16081185396701952,0.10852469392634702,0.2188232816961411,1.2014334370184228,0.2188232816961411,0.02663750204606251,0.9733624979539375,0.126071838796236,0.22021999300196196,0.022312950352666127,0.9776870496473339,True,1.0621174651922185,1.0621174651922185,8.507202547794008e-17
PbSe/Cr,signed_current_sweep,nominal_transport,original,-1.0999999999999996,p,-1.0999999999999996,309.894134846523,362.9980470654064,-0.21559081196334448,-0.1704580341791612,0.1868540982074498,0.3310490506803954,1.2182498051242425,0.3310490506803954,0.040862878094024,0.959137121905976,0.20645153719077802,0.32585107227950894,0.033015616334484806,0.9669843836655152,True,1.0544342784875622,1.0544342784875622,1.1951962304341658e-16
PbSe/Cr,signed_current_sweep,nominal_transport,original,-1.0999999999999996,n,1.0999999999999996,309.894134846523,362.9980470654064,-0.16530702262966135,-0.13234782888766486,0.0992929146698524,0.20020877881459118,1.1607090180863469,0.20020877881459118,0.02354543562500857,0.9764545643749915,0.11294538159186104,0.20885640250631482,0.02116157791322034,0.9788384220867796,True,1.0470105209657918,1.0470105209657918,7.566432524715286e-17
PbSe/Cr,signed_current_sweep,nominal_transport,alpha_preserving_flattened,-1.0999999999999996,p,-1.0999999999999996,309.894134846523,362.9980470654064,-0.18908629148520095,-0.1495779888275343,0.1868540982074498,0.3310490506803954,1.1872139772452934,0.3310490506803954,0.039821865613800154,0.9601781343861998,0.2035562517530919,0.33263099065753526,0.03370256568954487,0.9662974343104551,True,1.041173419042225,1.041173419042225,1.201743438763865e-16
PbSe/Cr,signed_current_sweep,nominal_transport,alpha_preserving_flattened,-1.0999999999999996,n,1.0999999999999996,309.894134846523,362.9980470654064,-0.19225582100557892,-0.15382003422932303,0.0992929146698524,0.2002088128866769,1.1916916183297415,0.2002088128866769,0.024173933881936175,0.9758260661180638,0.11592358695459119,0.2022956015079692,0.020496829790426132,0.9795031702095739,True,1.060604365130985,1.060604365130985,1.7557094341204446e-16
PbSe/Cr,signed_current_sweep,nominal_transport,original,-1.0499999999999998,p,-1.0499999999999998,309.894134846523,362.9980470654064,-0.20579122960137433,-0.1627099417164721,0.17025342419315156,0.30163766807862474,1.207101698454039,0.30163766807862474,0.036891786809128364,0.9631082131908716,0.18873549996687292,0.2974754763459397,0.030140567367938863,0.9698594326320611,True,1.0538686950384801,1.0538686950384801,1.235732846200088e-16
PbSe/Cr,signed_current_sweep,nominal_transport,original,-1.0499999999999998,n,1.0499999999999998,309.894134846523,362.9980470654064,-0.15779306705558585,-0.1263320184836801,0.09047143671364655,0.18242152810682957,1.1527312800994458,0.18242152810682957,0.021306122623220104,0.9786938773767799,0.10339120980954114,0.19140092272300144,0.01939296804053013,0.9806070319594699,True,1.04603930627627,1.04603930627627,5.207664329975609e-17
PbSe/Cr,signed_current_sweep,nominal_transport,alpha_preserving_flattened,-1.0499999999999998,p,-1.0499999999999998,309.894134846523,362.9980470654064,-0.18049146005405547,-0.14277898933537364,0.17025342419315156,0.30163766807862474,1.1777679401848982,0.30163766807862474,0.0359952801123342,0.9640047198876658,0.1859992277285582,0.3040038424229015,0.03080202914610712,0.9691979708538929,True,1.0412497335062427,1.0412497335062427,1.4907974049100729e-16
PbSe/Cr,signed_current_sweep,nominal_transport,alpha_preserving_flattened,-1.0499999999999998,n,1.0499999999999998,309.894134846523,362.9980470654064,-0.1835169200507799,-0.1468282144916265,0.09047143671364655,0.18242158956656887,1.1820534086870722,0.18242158956656887,0.02184809572929553,0.9781519042707044,0.10621630752392847,0.18512347308456592,0.018756929412908678,0.9812430705870914,True,1.0589671999015438,1.0589671999015438,1.424355763518516e-16
PbSe/Cr,signed_current_sweep,nominal_transport,original,-1.0,p,-1.0,309.894134846523,362.9980470654064,-0.19599164723940415,-0.15496184925378295,0.15442487455161147,0.27359425676065746,1.196090554945697,0.27359425676065746,0.0331566994075964,0.9668433005924036,0.17183617487400604,0.27038015496310924,0.027395237334260938,0.972604762665739,True,1.0530946592251083,1.0530946592251083,1.2784418533073795e-16
PbSe/Cr,signed_current_sweep,nominal_transport,original,-1.0,n,1.0,309.894134846523,362.9980470654064,-0.15027911148151038,-0.12031620807969534,0.08206026005772933,0.16546177902797327,1.1448277654107448,0.16546177902797327,0.019192789401424565,0.9808072105985755,0.09427051161380567,0.17469379665118404,0.01770018225167183,0.9822998177483282,True,1.0449430755141225,1.0449430755141225,1.61393084150731e-16
PbSe/Cr,signed_current_sweep,nominal_transport,alpha_preserving_flattened,-1.0,p,-1.0,309.894134846523,362.9980470654064,-0.17189662862291002,-0.13597998984321302,0.15442487455161147,0.27359425676065746,1.1684271420349321,0.27359425676065746,0.03238984487247962,0.9676101551275204,0.16925222247703928,0.2766443224806951,0.02802993020167662,0.9719700697983233,True,1.0411157858370599,1.0411157858370599,5.1403501064684536e-17
PbSe/Cr,signed_current_sweep,nominal_transport,alpha_preserving_flattened,-1.0,n,1.0,309.894134846523,362.9980470654064,-0.1747780190959809,-0.13983639475393003,0.08206026005772933,0.1654617391517224,1.1725165184969937,0.1654617391517224,0.019656980609397252,0.9803430193906028,0.09694742603706664,0.16870393042040344,0.01709328191530987,0.9829067180846901,True,1.0572087092467208,1.0572087092467208,2.809477271219074e-16
PbSe/Cr,signed_current_sweep,nominal_transport,original,-0.9499999999999997,p,-0.9499999999999997,309.894134846523,362.9980470654064,-0.1861920648774339,-0.14721375679109375,0.13936844928282927,0.24691881672649327,1.1852130217742518,0.24691881672649327,0.029651785929031598,0.9703482140709684,0.15574971747003752,0.24456692954460332,0.024779810781231437,0.9752201892187685,True,1.052117145151632,1.052117145151632,2.6469969819045404e-17
PbSe/Cr,signed_current_sweep,nominal_transport,original,-0.9499999999999997,n,0.9499999999999997,309.894134846523,362.9980470654064,-0.14276515590743483,-0.11430039767571054,0.07405938470210068,0.14932930008851014,1.1369967133403116,0.14932930008851014,0.017203012046491436,0.9827969879535086,0.08558128575174465,0.15873591637792697,0.016083310933962713,0.9839166890660372,True,1.043724291821252,1.043724291821252,1.7379077316237208e-16
PbSe/Cr,signed_current_sweep,nominal_transport,alpha_preserving_flattened,-0.9499999999999997,p,-0.9499999999999997,309.894134846523,362.9980470654064,-0.1633017971917645,-0.12918099035105235,0.13936844928282927,0.24691881672649327,1.1591888143395153,0.24691881672649327,0.029000709528712993,0.970999290471287,0.15331207986238735,0.25055540420341527,0.02538657012187441,0.9746134298781256,True,1.0407761650028022,1.0407761650028022,1.0641492680521363e-16
PbSe/Cr,signed_current_sweep,nominal_transport,alpha_preserving_flattened,-0.9499999999999997,n,0.9499999999999997,309.894134846523,362.9980470654064,-0.16603911814118183,-0.1328445750162335,0.07405938470210068,0.1493292818037035,1.1630787172725006,0.1493292818037035,0.017597636386753768,0.9824023636132462,0.08811441326296922,0.15303741434721035,0.015505931963222239,0.9844940680367777,True,1.0553315320037442,1.0553315320037442,4.149560968706164e-17
PbSe/Cr,signed_current_sweep,nominal_transport,original,-0.8999999999999999,p,-0.8999999999999999,309.894134846523,362.9980470654064,-0.17639248251546372,-0.13946566432840465,0.1250841483868053,0.22161134797613252,1.1744658235903866,0.22161134797613252,0.02637136644393127,0.9736286335560688,0.1404723782951764,0.220037595609489,0.02229446963296749,0.9777055303670326,True,1.0509408969011118,1.0509408969011118,1.5082066170239357e-16
PbSe/Cr,signed_current_sweep,nominal_transport,original,-0.8999999999999999,n,0.8999999999999999,309.894134846523,362.9980470654064,-0.13525120033335933,-0.10828458727172581,0.06646881064676073,0.1340240923705533,1.1292364215070034,0.1340240923705533,0.0153344430347728,0.9846655569652272,0.07732156326221303,0.1435282322741062,0.014542450380104825,0.9854575496198952,True,1.042385370548397,1.042385370548397,8.629570692363564e-17
PbSe/Cr,signed_current_sweep,nominal_transport,alpha_preserving_flattened,-0.8999999999999999,p,-0.8999999999999999,309.894134846523,362.9980470654064,-0.15470696576061901,-0.12238199085889172,0.1250841483868053,0.22161134797613252,1.1500502638967067,0.22161134797613252,0.025823141320064,0.974176858679936,0.13817571928517783,0.22574001693756052,0.02287224571155501,0.977127754288445,True,1.040235262222492,1.040235262222492,1.3778211124623798e-16
PbSe/Cr,signed_current_sweep,nominal_transport,alpha_preserving_flattened,-0.8999999999999999,n,0.8999999999999999,309.894134846523,362.9980470654064,-0.1573002171863828,-0.12585275527853704,0.06646881064676073,0.13402408994940193,1.1537378537001877,0.13402408994940193,0.015667159452234656,0.9843328405477654,0.07971478282746382,0.13812502136360946,0.013994990655184104,0.9860050093448159,True,1.0533382542458525,1.0533382542458525,1.0017606428174073e-16
PbSe/Cr,signed_current_sweep,nominal_transport,original,-0.8499999999999996,p,-0.8499999999999996,309.894134846523,362.9980470654064,-0.16659290015349346,-0.13171757186571545,0.11157197186353919,0.19767185050957486,1.1638457403452758,0.19767185050957486,0.02330990502277315,0.9766900949772268,0.12600049688747836,0.19679392505988744,0.019939393420689313,0.9800606065793107,True,1.049570430102185,1.049570430102185,1.421452865990471e-17
PbSe/Cr,signed_current_sweep,nominal_transport,original,-0.8499999999999996,n,0.8499999999999996,309.894134846523,362.9980470654064,-0.12773724475928375,-0.102268776867741,0.05928853789170938,0.11954616908370787,1.1215452458839759,0.11954616908370787,0.013584783356126796,0.9864152166438732,0.06948940572600952,0.12907185430135976,0.013077713052725136,0.9869222869472749,True,1.0409286340933561,1.0409286340933561,5.955860220882965e-17
PbSe/Cr,signed_current_sweep,nominal_transport,alpha_preserving_flattened,-0.8499999999999996,p,-0.8499999999999996,309.894134846523,362.9980470654064,-0.14611213432947345,-0.11558299136673103,0.11157197186353919,0.19767185050957486,1.1410088878935707,0.19767185050957486,0.022852520643370428,0.9771474793566296,0.12384013083931872,0.2022010497554312,0.020487249694943525,0.9795127503050565,True,1.0394972591361304,1.0394972591361304,2.8564102658549366e-17
PbSe/Cr,signed_current_sweep,nominal_transport,alpha_preserving_flattened,-0.8499999999999996,n,0.8499999999999996,309.894134846523,362.9980470654064,-0.1485613162315837,-0.1188609355408405,0.05928853789170938,0.11954617774975132,1.1444917915499866,0.11954617774975132,0.013862725757342875,0.9861372742426571,0.07174608895959304,0.12396747264260742,0.01256053106129811,0.9874394689387019,True,1.0512313454982063,1.0512313454982063,1.0372340627241409e-16
PbSe/Cr,signed_current_sweep,nominal_transport,original,-0.7999999999999998,p,-0.7999999999999998,309.894134846523,362.9980470654064,-0.15679331779152328,-0.12396947940302633,0.09883191971303129,0.1751003243268207,1.1533496380986528,0.1751003243268207,0.020462005110458627,0.9795379948895414,0.11233049618097388,0.174837668394094,0.017714759506956154,0.9822852404930439,True,1.048010040480711,1.048010040480711,5.899226558935481e-17
PbSe/Cr,signed_current_sweep,nominal_transport,original,-0.7999999999999998,n,0.7999999999999998,309.894134846523,362.9980470654064,-0.12022328918520826,-0.09625296646375626,0.052518566436946745,0.10589554076393651,1.1139215952496617,0.10589554076393651,0.011951778906616558,0.9880482210933834,0.062082903607103224,0.1153682714753305,0.01168924982065104,0.988310750179349,True,1.0393563415707883,1.0393563415707883,1.0413067376312388e-16
PbSe/Cr,signed_current_sweep,nominal_transport,alpha_preserving_flattened,-0.7999999999999998,p,-0.7999999999999998,309.894134846523,362.9980470654064,-0.13751730289832798,-0.10878399187457038,0.09883191971303129,0.1751003243268207,1.1320621646282216,0.1751003243268207,0.020084336122189992,0.97991566387781,0.11030237078072323,0.17994135508425277,0.018231871083342684,0.9817681289166573,True,1.0385661412509881,1.0385661412509881,1.4815769327743642e-17
PbSe/Cr,signed_current_sweep,nominal_transport,alpha_preserving_flattened,-0.7999999999999998,n,0.7999999999999998,309.894134846523,362.9980470654064,-0.1398224152767847,-0.111869115803144,0.052518566436946745,0.10589555660705577,1.1353384881403876,0.10589555660705577,0.012181572457531271,0.9878184275424687,0.06420592435426564,0.11056602416484695,0.011202680439009615,0.9887973195609904,True,1.049013212386494,1.049013212386494,1.420299336503539e-16
PbSe/Cr,signed_current_sweep,nominal_transport,original,-0.75,p,-0.75,309.894134846523,362.9980470654064,-0.1469937354295531,-0.11622138694033722,0.08686399193528146,0.15389676942786984,1.1429744626694065,0.15389676942786984,0.017822404039209726,0.9821775959607902,0.09945887727529552,0.15417055674330868,0.015620743292030236,0.9843792567079698,True,1.046263812449244,1.046263812449244,9.188560719245203e-17
PbSe/Cr,signed_current_sweep,nominal_transport,original,-0.75,n,0.75,309.894134846523,362.9980470654064,-0.11270933361113276,-0.0902371560597715,0.046158896282472744,0.09307221558826047,1.106363930883821,0.09307221558826047,0.010433218810971671,0.9895667811890283,0.05510017467799344,0.10241914640372604,0.010377229141263405,0.9896227708587366,True,1.0376706563410532,1.0376706563410532,3.9991639878227526e-18
PbSe/Cr,signed_current_sweep,nominal_transport,alpha_preserving_flattened,-0.75,p,-0.75,309.894134846523,362.9980470654064,-0.1289224714671825,-0.10198499238240977,0.08686399193528146,0.15389676942786984,1.1232076624434129,0.15389676942786984,0.017514180267204162,0.9824858197327958,0.09755955729574245,0.15896375205969987,0.0161063955149159,0.9838936044850841,True,1.0374456940902168,1.0374456940902168,3.076405175133248e-17
PbSe/Cr,signed_current_sweep,nominal_transport,alpha_preserving_flattened,-0.75,n,0.75,309.894134846523,362.9980470654064,-0.13108351432198567,-0.10487729606544753,0.046158896282472744,0.09307223547972987,1.1262759151709296,0.09307223547972987,0.010620994817215467,0.9893790051827845,0.05709191814442501,0.09792191142321942,0.009921563969920747,0.9900784360300793,True,1.0466861508124763,1.0466861508124763,9.156562566784215e-17
PbSe/Cr,signed_current_sweep,nominal_transport,original,-0.6999999999999997,p,-0.6999999999999997,309.894134846523,362.9980470654064,-0.13719415306758287,-0.10847329447764803,0.07566818853028955,0.13406118581272208,1.1327172456365582,0.13406118581272208,0.015385967964814938,0.984614032035185,0.0873822145123231,0.13479430384096078,0.013657518413411063,0.9863424815865889,True,1.044335630828545,1.044335630828545,1.8701468228316787e-16
PbSe/Cr,signed_current_sweep,nominal_transport,original,-0.6999999999999997,n,0.6999999999999997,309.894134846523,362.9980470654064,-0.10519537803705721,-0.0842213456557867,0.04020952742828734,0.08107620635546872,1.0988707610655726,0.08107620635546872,0.009026934511408558,0.9909730654885914,0.048539362523700065,0.09022628546053006,0.009141834038512358,0.9908581659614877,True,1.035873676223004,1.035873676223004,8.716226534176363e-17
PbSe/Cr,signed_current_sweep,nominal_transport,alpha_preserving_flattened,-0.6999999999999997,p,-0.6999999999999997,309.894134846523,362.9980470654064,-0.12032764003603696,-0.09518599289024908,0.07566818853028955,0.13406118581272208,1.1144429995223888,0.13406118581272208,0.015137744530081458,0.9848622554699186,0.08560886651452473,0.13927102976084077,0.014111105582455638,0.9858888944175443,True,1.0361395458936862,1.0361395458936862,7.991900604578055e-18
PbSe/Cr,signed_current_sweep,nominal_transport,alpha_preserving_flattened,-0.6999999999999997,n,0.6999999999999997,309.894134846523,362.9980470654064,-0.12234461336718659,-0.09788547632775099,0.04020952742828734,0.08107622117774782,1.1173021247295662,0.08107622117774782,0.009178344997996413,0.9908216550020036,0.050401733975487376,0.08603650180718707,0.008717320199550327,0.9912826798004497,True,1.0442523866661086,1.0442523866661086,6.612114383156296e-17
PbSe/Cr,signed_current_sweep,nominal_transport,original,-0.6499999999999999,p,-0.6499999999999999,309.894134846523,362.9980470654064,-0.1273945707056127,-0.10072520201495891,0.06524450949805582,0.11559357348137776,1.1225750558071337,0.11559357348137776,0.013147686262630862,0.9868523137373691,0.07609715085688967,0.11671060789461472,0.011825256935499136,0.9881747430645008,True,1.0422291879783798,1.0422291879783798,7.450684913254726e-17
PbSe/Cr,signed_current_sweep,nominal_transport,original,-0.6499999999999999,n,0.6499999999999999,309.894134846523,362.9980470654064,-0.09768142246298173,-0.07820553525180197,0.03467045987439063,0.0699075732448772,1.091440641089522,0.0699075732448772,0.00773080292366935,0.9922691970763307,0.04239863511808303,0.07879161006775241,0.007983259193150212,0.9920167408068498,True,1.033967405382438,1.033967405382438,1.918751310895026e-16
PbSe/Cr,signed_current_sweep,nominal_transport,alpha_preserving_flattened,-0.6499999999999999,p,-0.6499999999999999,309.894134846523,362.9980470654064,-0.1117328086048915,-0.08838699339808846,0.06524450949805582,0.11559357348137776,1.105765886319132,0.11559357348137776,0.012950815963740484,0.9870491840362595,0.0744475287706349,0.12086595028601918,0.012246281145035417,0.9877537188549645,True,1.0346511291984668,1.0346511291984668,9.559055477860407e-17
PbSe/Cr,signed_current_sweep,nominal_transport,alpha_preserving_flattened,-0.6499999999999999,n,0.6499999999999999,309.894134846523,362.9980470654064,-0.11360571241238758,-0.09089365659005452,0.03467045987439063,0.06990756050902171,1.1084151972129428,0.06990756050902171,0.007851034278509729,0.9921489657214903,0.04413306817279902,0.07491122147045422,0.007590093627479729,0.9924099063725202,True,1.0417140333527712,1.0417140333527712,3.005714071756301e-17
PbSe/Cr,signed_current_sweep,nominal_transport,original,-0.5999999999999996,p,-0.5999999999999996,309.894134846523,362.9980470654064,-0.11759498834364242,-0.09297710955226972,0.055592954838580066,0.0984939324338366,1.112545079118902,0.0984939324338366,0.011102667888111073,0.9888973321118889,0.06560039354426572,0.09992115337647436,0.01012412953101196,0.9898758704689881,True,1.0399479909141316,1.0399479909141316,1.767191395542369e-16
PbSe/Cr,signed_current_sweep,nominal_transport,original,-0.5999999999999996,n,0.5999999999999996,309.894134846523,362.9980470654064,-0.09016746688890616,-0.07218972484781716,0.029541693620782523,0.05956623425088549,1.0840721700408833,0.05956623425088549,0.006542723922996717,0.9934572760770033,0.03667618346753109,0.068114832325909,0.006901475434860471,0.9930985245651396,True,1.0319537637068894,1.0319537637068894,1.0284653228564457e-16
PbSe/Cr,signed_current_sweep,nominal_transport,alpha_preserving_flattened,-0.5999999999999996,p,-0.5999999999999996,309.894134846523,362.9980470654064,-0.10313797717374595,-0.08158799390592776,0.055592954838580066,0.0984939324338366,1.097174092870752,0.0984939324338366,0.010949272795517533,0.9890507272044825,0.06407282507291032,0.10375125169090596,0.01051219962569669,0.9894878003743033,True,1.032983717705908,1.032983717705908,6.706745975741667e-17
PbSe/Cr,signed_current_sweep,nominal_transport,alpha_preserving_flattened,-0.5999999999999996,n,0.5999999999999996,309.894134846523,362.9980470654064,-0.10486681145758849,-0.08390183685235798,0.029541693620782523,0.05956622626348611,1.099613266465003,0.05956622626348611,0.006636518544284902,0.9933634814557151,0.038283647998360315,0.0645476853875739,0.006540047884842218,0.9934599521151578,True,1.0390731272691636,1.0390731272691636,8.680790728817852e-17
PbSe/Cr,signed_current_sweep,nominal_transport,original,-0.5499999999999998,p,-0.5499999999999998,309.894134846523,362.9980470654064,-0.10779540598167224,-0.0852290170895806,0.04671352455186245,0.08276226267009885,1.10262453342755,0.08276226267009885,0.00924613566598006,0.9907538643340199,0.05588870997282583,0.0844276127412841,0.008554305655043823,0.9914456943449562,True,1.0374953699659837,1.0374953699659837,4.942276168506306e-17
PbSe/Cr,signed_current_sweep,nominal_transport,original,-0.5499999999999998,n,0.5499999999999998,309.894134846523,362.9980470654064,-0.08265351131483067,-0.06617391444383243,0.0248232286674631,0.05005219383676242,1.0767639877660353,0.05005219383676242,0.005460644382682884,0.9945393556173171,0.031370220316808146,0.05819734864250234,0.005896624249304137,0.9941033757506959,True,1.0298345923537673,1.0298345923537673,1.0637994336591442e-16
PbSe/Cr,signed_current_sweep,nominal_transport,alpha_preserving_flattened,-0.5499999999999998,p,-0.5499999999999998,309.894134846523,362.9980470654064,-0.09454314574260048,-0.07478899441376714,0.04671352455186245,0.08276226267009885,1.088665461511275,0.08276226267009885,0.009129080885502938,0.9908709191144971,0.054482083774851614,0.08792965080873022,0.00890913629719799,0.991090863702802,True,1.0311404175943693,1.0311404175943693,9.018968440231358e-18
PbSe/Cr,signed_current_sweep,nominal_transport,alpha_preserving_flattened,-0.5499999999999998,n,0.5499999999999998,309.894134846523,362.9980470654064,-0.09612791050278946,-0.07691001711466151,0.0248232286674631,0.05005218916865405,1.090894516184054,0.05005218916865405,0.005532304687011057,0.994467695312989,0.032851229987930566,0.05494735519682975,0.00556733106655875,0.9944326689334413,True,1.0363316103073983,1.0363316103073983,9.955529860833567e-17
PbSe/Cr,signed_current_sweep,nominal_transport,original,-0.5,p,-0.5,309.894134846523,362.9980470654064,-0.09799582361970208,-0.07748092462689148,0.03860621863790287,0.06839856419016437,1.0928107488961571,0.06839856419016437,0.007573422714675902,0.9924265772853241,0.04695892382000727,0.07023164807981952,0.007115953712599433,0.9928840462874006,True,1.0348744892193498,1.0348744892193498,9.377532382184687e-17
PbSe/Cr,signed_current_sweep,nominal_transport,original,-0.5,n,0.5,309.894134846523,362.9980470654064,-0.07513955574075519,-0.06015810403984767,0.020515065014432333,0.041365455475963195,1.0695147739881146,0.041365455475963195,0.004482547016718025,0.995517452983282,0.026478978913832742,0.0490419026950536,0.004968983629135186,0.9950310163708648,True,1.0276116435376577,1.0276116435376577,1.928603399228631e-17
PbSe/Cr,signed_current_sweep,nominal_transport,alpha_preserving_flattened,-0.5,p,-0.5,309.894134846523,362.9980470654064,-0.08594831431145501,-0.06798999492160651,0.03860621863790287,0.06839856419016437,1.0802378903905305,0.06839856419016437,0.00748628999540946,0.9925137100045905,0.04567267742106483,0.07340384596158533,0.007437364556727662,0.9925626354432724,True,1.0291241842030168,1.0291241842030168,1.2232945578179804e-16
PbSe/Cr,signed_current_sweep,nominal_transport,alpha_preserving_flattened,-0.5,n,0.5,309.894134846523,362.9980470654064,-0.08738900954799045,-0.06991819737696502,0.020515065014432333,0.04136545302256569,1.0822571729449475,0.04136545302256569,0.004535952650832459,0.9954640473491675,0.027833598365030788,0.04611183160481502,0.004672105358116018,0.995327894641884,True,1.0334913317987509,1.0334913317987509,1.9208143348845402e-17
PbSe/Cr,signed_current_sweep,nominal_transport,original,-0.44999999999999973,p,-0.44999999999999973,309.894134846523,362.9980470654064,-0.0881962412577318,-0.06973283216420229,0.03127103709670129,0.05540283699403308,1.0831010874968185,0.05540283699403308,0.006079967398898272,0.9939200326011017,0.03880791136094096,0.05733491271603229,0.005809241220418516,0.9941907587795815,True,1.03208834702606,1.03208834702606,3.8444613593367437e-17
PbSe/Cr,signed_current_sweep,nominal_transport,original,-0.44999999999999973,n,0.44999999999999973,309.894134846523,362.9980470654064,-0.06762560016667962,-0.05414229363586288,0.01661720266169017,0.03350602179793474,1.0623232458610818,0.03350602179793474,0.0036064490921586968,0.9963935509078413,0.022000711825267905,0.040651230974867156,0.004118830838891605,0.9958811691611084,True,1.0252865853275301,1.0252865853275301,1.7529614674754818e-17
PbSe/Cr,signed_current_sweep,nominal_transport,alpha_preserving_flattened,-0.44999999999999973,p,-0.44999999999999973,309.894134846523,362.9980470654064,-0.07735348288030945,-0.06119099542944582,0.03127103709670129,0.05540283699403308,1.0718893475068354,0.05540283699403308,0.006017030509247866,0.9939829694907522,0.0376420197562532,0.06017651957777157,0.006097156191096128,0.9939028438089039,True,1.026937818746865,1.026937818746865,3.821941893261141e-16
PbSe/Cr,signed_current_sweep,nominal_transport,alpha_preserving_flattened,-0.44999999999999973,n,0.44999999999999973,309.894134846523,362.9980470654064,-0.07865010859319135,-0.06292637763926848,0.01661720266169017,0.03350602073169562,1.0736995023078975,0.03350602073169562,0.0036450698854727033,0.9963549301145272,0.023228563522873377,0.038042798955021766,0.003854541419190296,0.9961454585808097,True,1.0305540479939028,1.0305540479939028,3.742218605541029e-17
PbSe/Cr,signed_current_sweep,nominal_transport,original,-0.3999999999999999,p,-0.3999999999999999,309.894134846523,362.9980470654064,-0.07839665889576164,-0.061984739701513164,0.024707979928257823,0.04377508108170518,1.0734929999939158,0.04377508108170518,0.004761309694458456,0.9952386903055416,0.031432597972637644,0.045739052754362845,0.004634334963751373,0.9953656650362487,True,1.0291397898375325,1.0291397898375325,1.0412279402735709e-16
PbSe/Cr,signed_current_sweep,nominal_transport,original,-0.3999999999999999,n,0.3999999999999999,309.894134846523,362.9980470654064,-0.06011164459260413,-0.04812648323187813,0.013129641609236686,0.026473894722582925,1.0551881561308,0.026473894722582925,0.0028304012017786526,0.9971695987982213,0.017933689802968857,0.03302806438389994,0.003346442576792082,0.9966535574232079,True,1.0228610011863215,1.0228610011863215,7.559735894496285e-17
PbSe/Cr,signed_current_sweep,nominal_transport,alpha_preserving_flattened,-0.3999999999999999,p,-0.3999999999999999,309.894134846523,362.9980470654064,-0.06875865144916399,-0.05439199593728519,0.024707979928257823,0.04377508108170518,1.0636178559062783,0.04377508108170518,0.004717510042966635,0.9952824899570334,0.030387562880314127,0.048250340725507296,0.004888781633454494,0.9951112183665455,True,1.0245839803778471,1.0245839803778471,1.2741156103649655e-18
PbSe/Cr,signed_current_sweep,nominal_transport,alpha_preserving_flattened,-0.3999999999999999,n,0.3999999999999999,309.894134846523,362.9980470654064,-0.06991120763839236,-0.055934557901572,0.013129641609236686,0.026473894447902966,1.0652198154431103,0.026473894447902966,0.0028573097574957455,0.9971426902425042,0.019033960573465576,0.030741886726221242,0.0031148043504994087,0.9968851956495006,True,1.0275214286078866,1.0275214286078866,6.234641891181612e-17
PbSe/Cr,signed_current_sweep,nominal_transport,original,-0.34999999999999964,p,-0.34999999999999964,309.894134846523,362.9980470654064,-0.06859707653379138,-0.05423664723882398,0.01891704713257237,0.03351529645318047,1.06398400232684,0.03351529645318047,0.003613086990142134,0.9963869130098578,0.024829954805078342,0.035445708584277626,0.003591401148800382,0.9964085988511996,True,1.0260315167057312,1.0260315167057312,5.297220676681596e-17
PbSe/Cr,signed_current_sweep,nominal_transport,original,-0.34999999999999964,n,0.34999999999999964,309.894134846523,362.9980470654064,-0.05259768901852858,-0.042110672827893325,0.01005238185707182,0.02026907558370038,1.048108291396758,0.02026907558370038,0.0021524860890958434,0.9978475139109042,0.01427620069467009,0.026175129801706453,0.002652095133500728,0.9973479048664993,True,1.020336390616034,1.020336390616034,1.033537965995605e-16
PbSe/Cr,signed_current_sweep,nominal_transport,alpha_preserving_flattened,-0.34999999999999964,p,-0.34999999999999964,309.894134846523,362.9980470654064,-0.06016382001801845,-0.047592996445124505,0.01891704713257237,0.03351529645318047,1.0554214927993961,0.03351529645318047,0.0035840103388871157,0.9964159896611129,0.023906794536632095,0.037627967574371736,0.00381251021269085,0.9961874897873092,True,1.0220651902755515,1.0220651902755515,1.4346749223674612e-16
PbSe/Cr,signed_current_sweep,nominal_transport,alpha_preserving_flattened,-0.34999999999999964,n,0.34999999999999964,309.894134846523,362.9980470654064,-0.06117230668359326,-0.04894273816387547,0.01005238185707182,0.02026907569462946,1.0568164641433433,0.02026907569462946,0.0021703699597815465,0.9978296300402184,0.015247647954569885,0.024210888854380226,0.002453075915758888,0.9975469240842411,True,1.0243950541490758,1.0243950541490758,2.4943571670122706e-16
PbSe/Cr,signed_current_sweep,nominal_transport,original,-0.2999999999999998,p,-0.2999999999999998,309.894134846523,362.9980470654064,-0.05879749417182121,-0.04648855477613486,0.013898238709645017,0.02462348310845915,1.0545716744230822,0.02462348310845915,0.0026310302578034547,0.9973689697421966,0.018996995605609992,0.026500970634135174,0.0026851097123214104,0.9973148902876786,True,1.0227660852264533,1.0227660852264533,1.2740533686950195e-16
PbSe/Cr,signed_current_sweep,nominal_transport,original,-0.2999999999999998,n,0.2999999999999998,309.894134846523,362.9980470654064,-0.04508373344445308,-0.03609486242390858,0.007385423405195631,0.014891565241611492,1.0410824704670545,0.014891565241611492,0.0015708175222450688,0.9984291824777549,0.011026548396013134,0.02009515162630824,0.0020360645482498,0.9979639354517502,True,1.0177141694620313,1.0177141694620313,4.551949807356944e-17
PbSe/Cr,signed_current_sweep,nominal_transport,alpha_preserving_flattened,-0.2999999999999998,p,-0.2999999999999998,309.894134846523,362.9980470654064,-0.05156898858687298,-0.04079399695296388,0.013898238709645017,0.02462348310845915,1.0472983917063456,0.02462348310845915,0.002612884286917444,0.9973871157130826,0.01819723552069103,0.028312049794736206,0.0028686103965434788,0.9971313896034565,True,1.0193838357356015,1.0193838357356015,5.554656708187925e-18
PbSe/Cr,signed_current_sweep,nominal_transport,alpha_preserving_flattened,-0.2999999999999998,n,0.2999999999999998,309.894134846523,362.9980470654064,-0.05243340572879424,-0.04195091842617899,0.007385423405195631,0.014891565482581078,1.048487839765184,0.014891565482581078,0.0015819909987303908,0.9984180090012696,0.011867506091852598,0.01845150396117765,0.0018695282213278036,0.9981304717786722,True,1.021176417301942,1.021176417301942,1.2482576611128425e-16
PbSe/Cr,signed_current_sweep,nominal_transport,original,-0.25,p,-0.25,309.894134846523,362.9980470654064,-0.04899791180985104,-0.03874046231344574,0.009651554659475717,0.01709964104754109,1.0452536589800072,0.01709964104754109,0.0018109603633367781,0.9981890396366632,0.013930773680883156,0.018970356355154042,0.0019220989600211523,0.9980779010399788,True,1.0193459172161279,1.0193459172161279,1.2490792431699542e-16
PbSe/Cr,signed_current_sweep,nominal_transport,original,-0.25,n,0.25,309.894134846523,362.9980470654064,-0.037569777870377595,-0.030079052019923835,0.005128766253608083,0.010341364185249323,1.0341095428664488,0.010341364185249323,0.0010835392134909967,0.998916460786509,0.008183051839732529,0.0147908532928146,0.0014986267627081446,0.9985013732372918,True,1.0149956706615346,1.0149956706615346,2.357526511512142e-16
PbSe/Cr,signed_current_sweep,nominal_transport,alpha_preserving_flattened,-0.25,p,-0.25,309.894134846523,362.9980470654064,-0.042974157155727506,-0.033994997460803256,0.009651554659475717,0.01709964104754109,1.0392467376153691,0.01709964104754109,0.0018005530364610647,0.9981994469635389,0.01325643719709662,0.020305230904724608,0.0020573500293976743,0.9979426499706023,True,1.016542176183983,1.016542176183983,1.6888530275358693e-16
PbSe/Cr,signed_current_sweep,nominal_transport,alpha_preserving_flattened,-0.25,n,0.25,309.894134846523,362.9980470654064,-0.043694504773995224,-0.03495909868848251,0.005128766253608083,0.010341364415086741,1.040232373529793,0.010341364415086741,0.0010899547351517827,0.9989100452648482,0.008891436112145542,0.013465505362357588,0.0013643409416563173,0.9986356590583437,True,1.0178669260158903,1.0178669260158903,1.607515186010233e-16
PbSe/Cr,signed_current_sweep,nominal_transport,original,-0.19999999999999973,p,-0.19999999999999973,309.894134846523,362.9980470654064,-0.03919832944788078,-0.03099236985075655,0.0061769949820644435,0.010943770270426272,1.0360276602256508,0.010943770270426272,0.001148784515219813,0.9988512154847802,0.009628378983250505,0.012838920123900283,0.0013008545836430067,0.998699145416357,True,1.0157733047284117,1.0157733047284117,1.0392469431562709e-16
PbSe/Cr,signed_current_sweep,nominal_transport,original,-0.19999999999999973,n,0.19999999999999973,309.894134846523,362.9980470654064,-0.03005582229630203,-0.02406324161593904,0.003282410402309164,0.006618472623844462,1.0271883872635985,0.006618472623844462,0.0006888237810103811,0.9993111762189896,0.00574404402075609,0.010264958772027039,0.0010400577728215776,0.9989599422271784,True,1.012182145550192,1.012182145550192,1.2246178722857828e-16
PbSe/Cr,signed_current_sweep,nominal_transport,alpha_preserving_flattened,-0.19999999999999973,p,-0.19999999999999973,309.894134846523,362.9980470654064,-0.03437932572458196,-0.02719599796864257,0.0061769949820644435,0.010943770270426272,1.0312647654051028,0.010943770270426272,0.0011435032471344853,0.9988564967528655,0.0090819791138789,0.01361015057393961,0.0013789965657020043,0.998621003434298,True,1.0135423480722028,1.0135423480722028,1.0107130168934491e-16
PbSe/Cr,signed_current_sweep,nominal_transport,alpha_preserving_flattened,-0.19999999999999973,n,0.19999999999999973,309.894134846523,362.9980470654064,-0.034955603819196136,-0.027967278950785972,0.003282410402309164,0.006618472783293636,1.0320485319074764,0.006618472783293636,0.0006920829692742153,0.9993079170307257,0.006317358602238072,0.009254742450319972,0.000937701459371409,0.9990622985406286,True,1.0144679010918907,1.0144679010918907,2.5068565890517952e-17
PbSe/Cr,signed_current_sweep,nominal_transport,original,-0.1499999999999999,p,-0.1499999999999999,309.894134846523,362.9980470654064,-0.029398747085910604,-0.02324427738806743,0.003474559677411254,0.006155870777114787,1.026891442666492,0.006155870777114787,0.0006404928471583092,0.9993595071528417,0.006086935310163835,0.008068436584337408,0.0008175035448682071,0.9991824964551318,True,1.0120504152726255,1.0120504152726255,5.810738500240363e-17
PbSe/Cr,signed_current_sweep,nominal_transport,original,-0.1499999999999999,n,0.1499999999999999,309.894134846523,362.9980470654064,-0.02254186672222654,-0.01804743121195429,0.0018463558512989077,0.0037228905683648283,1.0203179099010629,0.0037228905683648283,0.00038487175059267,0.9996151282494073,0.003707871049828696,0.006520194058596546,0.0006606337795947403,0.9993393662204053,True,1.009274764824494,1.009274764824494,1.0941404613708419e-16
PbSe/Cr,signed_current_sweep,nominal_transport,alpha_preserving_flattened,-0.1499999999999999,p,-0.1499999999999999,309.894134846523,362.9980470654064,-0.02578449429343649,-0.02039699847648194,0.003474559677411254,0.006155870777114787,1.0233507575156457,0.006155870777114787,0.0006382844506142033,0.9993617155493858,0.005671466704953448,0.008229446893599873,0.0008338172999812989,0.9991661827000187,True,1.0103863690703059,1.0103863690703059,1.2933280272369744e-17
PbSe/Cr,signed_current_sweep,nominal_transport,alpha_preserving_flattened,-0.1499999999999999,n,0.1499999999999999,309.894134846523,362.9980470654064,-0.02621670286439712,-0.020975459213089496,0.0018463558512989077,0.0037228906513209017,1.0239348174360592,0.0037228906513209017,0.00038623608449533497,0.9996137639155047,0.00414321240998152,0.005821190173349308,0.0005898098785708974,0.9994101901214291,True,1.0109805798089324,1.0109805798089324,3.3101764217323227e-18
PbSe/Cr,signed_current_sweep,nominal_transport,original,-0.09999999999999964,p,-0.09999999999999964,309.894134846523,362.9980470654064,-0.019599164723940344,-0.01549618492537824,0.0015442487455161037,0.002735942567606556,1.0178428298299185,0.002735942567606556,0.00028215513125910317,0.9997178448687409,0.003303597603608834,0.004524902845424616,0.0004584685121650042,0.999541531487835,True,1.0081792971929902,1.0081792971929902,1.2325088665253087e-16
PbSe/Cr,signed_current_sweep,nominal_transport,original,-0.09999999999999964,n,0.09999999999999964,309.894134846523,362.9980470654064,-0.015027911148150984,-0.012031620807969491,0.0008206026005772875,0.0016546179028133186,1.0134970436785213,0.0016546179028133186,0.00016991059466717429,0.9998300894053328,0.0020728912375274655,0.0035592886457202935,0.00036063133850911357,0.9996393686614908,True,1.006274618730714,1.006274618730714,2.46031498519175e-17
PbSe/Cr,signed_current_sweep,nominal_transport,alpha_preserving_flattened,-0.09999999999999964,p,-0.09999999999999964,309.894134846523,362.9980470654064,-0.01718966286229094,-0.013597998984321253,0.0015442487455161037,0.002735942567606556,1.0155030395586284,0.002735942567606556,0.00028150652047975033,0.9997184934795202,0.003022529069618112,0.004178990600506145,0.0004234202740734866,0.9995765797259265,True,1.0070761413332632,1.0070761413332632,2.3992290187212516e-17
PbSe/Cr,signed_current_sweep,nominal_transport,alpha_preserving_flattened,-0.09999999999999964,n,0.09999999999999964,309.894134846523,362.9980470654064,-0.01747780190959803,-0.013983639475392955,0.0008206026005772875,0.0016546179314589331,1.0158897700622596,0.0016546179314589331,0.0001703117330361465,0.9998296882669638,0.0023669534837150756,0.003167187834844837,0.0003209032202440919,0.9996790967797559,True,1.0074061187910281,1.0074061187910281,8.250142341968222e-17
PbSe/Cr,signed_current_sweep,nominal_transport,original,-0.04999999999999982,p,-0.04999999999999982,309.894134846523,362.9980470654064,-0.009799582361970172,-0.00774809246268912,0.00038606218637902593,0.000683985641901639,1.0088797042228856,0.000683985641901639,6.991761817912993e-05,0.9999300823818209,0.0011299810664640874,0.0018572780610058256,0.00018818161149405628,0.999811818388506,True,1.004161884800458,1.004161884800458,6.019547758891305e-17
PbSe/Cr,signed_current_sweep,nominal_transport,original,-0.04999999999999982,n,0.04999999999999982,309.894134846523,362.9980470654064,-0.007513955574075492,-0.006015810403984746,0.00020515065014432187,0.0004136544454536199,1.0067247464305753,0.0004136544454536199,4.219380532245159e-05,0.9999578061946776,0.0008374742020949719,0.001384976994034101,0.00014032750835294208,0.9998596724916471,True,1.0031827191197116,1.0031827191197116,5.613863071664893e-18
PbSe/Cr,signed_current_sweep,nominal_transport,alpha_preserving_flattened,-0.04999999999999982,p,-0.04999999999999982,309.894134846523,362.9980470654064,-0.00859483143114547,-0.0067989994921606265,0.00038606218637902593,0.000683985641901639,1.0077199831235788,0.000683985641901639,6.983724691516633e-05,0.9999301627530849,0.0011328168218586309,0.0014931043795902471,0.00015128310304164224,0.9998487168969583,True,1.0036134569216584,1.0036134569216584,8.030836491564096e-17
PbSe/Cr,signed_current_sweep,nominal_transport,alpha_preserving_flattened,-0.04999999999999982,n,0.04999999999999982,309.894134846523,362.9980470654064,-0.008738900954799015,-0.0069918197376964775,0.00020515065014432187,0.00041365444946867545,1.007911962321533,0.00041365444946867545,4.22435642750775e-05,0.9999577564357249,0.0009865537462662992,0.001289978863134472,0.00013070218528638195,0.9998692978147136,True,1.0037455934644302,1.0037455934644302,4.8623788122086315e-17
PbSe/Cr,signed_current_sweep,nominal_transport,original,0.0,p,0.0,309.894134846523,362.9980470654064,0.0,0.0,0.0,0.0,1.0,0.0,0.0,1.0,0.0,0.0,0.0,1.0,True,1.0000000000000002,1.0000000000000002,0.0
PbSe/Cr,signed_current_sweep,nominal_transport,original,0.0,n,-0.0,309.894134846523,362.9980470654064,0.0,0.0,0.0,0.0,1.0,0.0,0.0,1.0,0.0,0.0,0.0,1.0,True,1.0000000000000002,1.0000000000000002,0.0
PbSe/Cr,signed_current_sweep,nominal_transport,alpha_preserving_flattened,0.0,p,0.0,309.894134846523,362.9980470654064,0.0,0.0,0.0,0.0,1.0,0.0,0.0,1.0,0.0,0.0,0.0,1.0,True,1.0000000000000002,1.0000000000000002,0.0
PbSe/Cr,signed_current_sweep,nominal_transport,alpha_preserving_flattened,0.0,n,-0.0,309.894134846523,362.9980470654064,0.0,0.0,0.0,0.0,1.0,0.0,0.0,1.0,0.0,0.0,0.0,1.0,True,1.0000000000000002,1.0000000000000002,0.0
PbSe/Cr,signed_current_sweep,nominal_transport,original,0.050000000000000266,p,0.050000000000000266,309.894134846523,362.9980470654064,0.007748092462689189,0.009799582361970259,0.00038606218637903276,0.000683985641901651,1.0088763906931935,0.000683985641901651,6.991738854411832e-05,0.9999300826114559,-0.001048748441502861,0.00018562321305973727,1.880756365870643e-05,0.9999811924363413,True,0.9956953584822502,0.9956953584822502,4.162775092470735e-18
PbSe/Cr,signed_current_sweep,nominal_transport,original,0.050000000000000266,n,-0.050000000000000266,309.894134846523,362.9980470654064,0.0060158104039847995,0.007513955574075559,0.00020515065014432547,0.00041365439677483104,1.0067230891864933,0.00041365439677483104,4.21937308987551e-05,0.9999578062691012,-0.0005928935386931865,-0.00038261865765447725,0.0,1.0,True,0.9967273189036041,0.9967273189036041,2.4290368053803005e-16
PbSe/Cr,signed_current_sweep,nominal_transport,alpha_preserving_flattened,0.050000000000000266,p,0.050000000000000266,309.894134846523,362.9980470654064,0.006798999492160687,0.008594831431145547,0.00038606218637903276,0.000683985641901651,1.0077175628227217,0.000683985641901651,6.98370791829092e-05,0.999930162920817,-0.0006315620989298712,-9.676950215820144e-05,0.0,1.0,True,0.9962373503644671,0.9962373503644671,4.160365924501805e-18
PbSe/Cr,signed_current_sweep,nominal_transport,alpha_preserving_flattened,0.050000000000000266,n,-0.050000000000000266,309.894134846523,362.9980470654064,0.00699181973769654,0.008738900954799093,0.00020515065014432547,0.00041365439211670283,1.0079095488021335,0.00041365439211670283,4.224345726282084e-05,0.9999577565427372,-0.0008255770208632502,-0.00029674214001488696,0.0,1.0,True,0.9961702573957402,0.9961702573957402,1.0233605174966382e-16
PbSe/Cr,signed_current_sweep,nominal_transport,original,0.10000000000000009,p,0.10000000000000009,309.894134846523,362.9980470654064,0.015496184925378308,0.01959916472394043,0.0015442487455161174,0.00273594256760658,1.01782945674222,0.00273594256760658,0.0002821514241196492,0.9997178485758803,-0.0012928112276800944,0.0016885031886684871,0.0001710811416597527,0.9998289188583402,True,0.9912495723677791,0.9912495723677791,2.6681098481904413e-17
PbSe/Cr,signed_current_sweep,nominal_transport,original,0.10000000000000009,n,-0.10000000000000009,309.894134846523,362.9980470654064,0.012031620807969545,0.01502791114815105,0.0008206026005772947,0.0016546175238016869,1.01349036835699,0.0016546175238016869,0.00016990943664394595,0.999830090563356,-0.00048755256953131467,-0.0001972566001426436,0.0,1.0,True,0.9933654580319006,0.9933654580319006,9.550396254015215e-17
PbSe/Cr,signed_current_sweep,nominal_transport,alpha_preserving_flattened,0.10000000000000009,p,0.10000000000000009,309.894134846523,362.9980470654064,0.013597998984321314,0.017189662862291018,0.0015442487455161174,0.00273594256760658,1.0154932813865734,0.00273594256760658,0.0002815038154272277,0.9997184961845728,-0.00045133357481963476,0.0011340825321925828,0.00011490658450985213,0.9998850934154901,True,0.9923269863330173,0.9923269863330173,2.6648203825657568e-17
PbSe/Cr,signed_current_sweep,nominal_transport,alpha_preserving_flattened,0.10000000000000009,n,-0.10000000000000009,309.894134846523,362.9980470654064,0.013983639475393017,0.017477801909598106,0.0008206026005772947,0.0016546174848815099,1.0158800393459004,0.0016546174848815099,0.00017031005573620706,0.9998296899442638,-0.0011890171685346622,0.0001917961577358299,1.9433013719846804e-05,0.9999805669862801,True,0.9922572080164057,0.9922572080164057,3.187500318960264e-17
PbSe/Cr,signed_current_sweep,nominal_transport,original,0.15000000000000036,p,0.15000000000000036,309.894134846523,362.9980470654064,0.0232442773880675,0.02939874708591069,0.0034745596774112745,0.006155870777114824,1.0268610795253246,0.006155870777114824,0.0006404739090564584,0.9993595260909436,-0.0007345012362151126,0.004510300641261612,0.0004569889995554216,0.9995430110004446,True,0.9866641532101703,0.9866641532101703,4.7666587698633325e-17
PbSe/Cr,signed_current_sweep,nominal_transport,original,0.15000000000000036,n,-0.15000000000000036,309.894134846523,362.9980470654064,0.018047431211954346,0.02254186672222661,0.0018463558512989186,0.003722889347770474,1.0203027829266729,0.003722889347770474,0.0003848659183988189,0.9996151340816012,-0.00014082619932237716,0.0008104906907886177,8.211987612179873e-05,0.9999178801238782,True,0.9899151253731632,0.9899151253731632,2.922282807554684e-17
PbSe/Cr,signed_current_sweep,nominal_transport,alpha_preserving_flattened,0.15000000000000036,p,0.15000000000000036,309.894134846523,362.9980470654064,0.020396998476482003,0.025784494293436565,0.0034745596774112745,0.006155870777114824,1.0233286236714116,0.006155870777114824,0.0006382706452903696,0.9993617293547097,0.0005388685399834567,0.0036952315276677443,0.0003744052322157799,0.9996255947677842,True,0.9882702870901741,0.9882702870901741,1.617459412463547e-16
PbSe/Cr,signed_current_sweep,nominal_transport,alpha_preserving_flattened,0.15000000000000036,n,-0.15000000000000036,309.894134846523,362.9980470654064,0.020975459213089555,0.026216702864397198,0.0018463558512989186,0.0037228892129218894,1.023912746303106,0.0037228892129218894,0.0003862276098689751,0.999613772390131,-0.0010919644583774581,0.001467538271809723,0.00014869271474019196,0.9998513072852598,True,0.988261620259434,0.988261620259434,9.760757544433553e-18
PbSe/Cr,signed_current_sweep,nominal_transport,original,0.20000000000000018,p,0.20000000000000018,309.894134846523,362.9980470654064,0.030992369850756617,0.03919832944788086,0.0061769949820644696,0.01094377027042632,1.035973190349932,0.01094377027042632,0.0011487241170739246,0.9988512758829261,0.000627880815043151,0.00865268591529165,0.0008767003786227348,0.9991232996213772,True,0.9819405137213778,0.9819405137213778,3.077554810798754e-17
PbSe/Cr,signed_current_sweep,nominal_transport,original,0.20000000000000018,n,-0.20000000000000018,309.894134846523,362.9980470654064,0.02406324161593909,0.0300558222963021,0.003282410402309179,0.006618469924775531,1.0271612976075968,0.006618469924775531,0.0006888053340171296,0.9993111946659828,0.0005974508549092238,0.002620049928384982,0.0002654665599459887,0.999734533440054,True,0.9863769558374375,0.9863769558374375,3.037308561147475e-16
PbSe/Cr,signed_current_sweep,nominal_transport,alpha_preserving_flattened,0.20000000000000018,p,0.20000000000000018,309.894134846523,362.9980470654064,0.027195997968642627,0.034379325724582036,0.0061769949820644696,0.01094377027042632,1.0312250930348417,0.01094377027042632,0.0011434592569917676,0.9988565407430082,0.0023379661494966728,0.0075893669587072535,0.0007689636433522682,0.9992310363566478,True,0.9840685347138525,0.9840685347138525,2.8642532413093906e-16
PbSe/Cr,signed_current_sweep,nominal_transport,alpha_preserving_flattened,0.20000000000000018,n,-0.20000000000000018,309.894134846523,362.9980470654064,0.027967278950786035,0.03495560381919621,0.003282410402309179,0.006618469601863444,1.0320089735526663,0.006618469601863444,0.0006920561091136256,0.9993079438908864,-0.0005354873901520069,0.0035324173398883726,0.0003579087059962081,0.9996420912940038,True,0.9841841894432468,0.9841841894432468,1.785681161735068e-16
PbSe/Cr,signed_current_sweep,nominal_transport,original,0.25,p,0.25,309.894134846523,362.9980470654064,0.03874046231344574,0.04899791180985104,0.009651554659475717,0.01709964104754109,1.0451677712519958,0.01709964104754109,0.0018108115580493826,0.9981891884419506,0.0027836219494750025,0.014117340404419641,0.0014303856396575975,0.9985696143603424,True,0.9770799711870136,0.9770799711870136,8.86989260483031e-17
PbSe/Cr,signed_current_sweep,nominal_transport,original,0.25,n,-0.25,309.894134846523,362.9980470654064,0.030079052019923835,0.037569777870377595,0.005128766253608083,0.01034135940069421,1.0340668973859648,0.01034135940069421,0.0010834940282964866,0.9989165059717036,0.0017256983956129939,0.005232371447383716,0.0005301500683052902,0.9994698499316947,True,0.9827515127000996,0.9827515127000996,1.5836716170375665e-16
PbSe/Cr,signed_current_sweep,nominal_transport,alpha_preserving_flattened,0.25,p,0.25,309.894134846523,362.9980470654064,0.033994997460803256,0.042974157155727506,0.009651554659475717,0.01709964104754109,1.039184229612711,0.01709964104754109,0.0018004447378540877,0.9981995552621459,0.004945614257986651,0.012819194641780454,0.0012988559744467098,0.9987011440255533,True,0.9797229158314485,0.9797229158314485,1.7672064379152758e-16
PbSe/Cr,signed_current_sweep,nominal_transport,alpha_preserving_flattened,0.25,n,-0.25,309.894134846523,362.9980470654064,0.03495909868848251,0.043694504773995224,0.005128766253608083,0.01034135877348406,1.0401700549792052,0.01034135877348406,0.0010898888432435369,0.9989101111567564,0.00047991922422368957,0.006388377306546115,0.000647277950253102,0.9993527220497469,True,0.9800255392799079,0.9800255392799079,2.498420826361613e-16
PbSe/Cr,signed_current_sweep,nominal_transport,original,0.30000000000000027,p,0.30000000000000027,309.894134846523,362.9980470654064,0.04648855477613493,0.05879749417182129,0.013898238709645057,0.02462348310845922,1.0544468566468215,0.02462348310845922,0.0026307188523731644,0.9973692811476268,0.005742423704831426,0.02090595799651288,0.0021182164093836815,0.9978817835906163,True,0.9720837494699155,0.9720837494699155,2.4086776751291142e-17
PbSe/Cr,signed_current_sweep,nominal_transport,original,0.30000000000000027,n,-0.30000000000000027,309.894134846523,362.9980470654064,0.036094862423908636,0.04508373344445315,0.0073854234051956525,0.014891558001037369,1.0410205887635462,0.014891558001037369,0.0015707233894942476,0.9984292766105057,0.0032423417701905365,0.008649703705315103,0.0008763982175780411,0.999123601782422,True,0.9790392881799918,0.9790392881799918,0.0
PbSe/Cr,signed_current_sweep,nominal_transport,alpha_preserving_flattened,0.30000000000000027,p,0.30000000000000027,309.894134846523,362.9980470654064,0.04079399695296394,0.051568988586873046,0.013898238709645057,0.02462348310845922,1.0472076117774576,0.02462348310845922,0.002612657801847258,0.9973873421981527,0.00836219507903281,0.019387439066715608,0.001964358274033326,0.9980356417259667,True,0.9752345243956095,0.9752345243956095,2.157039417637349e-16
PbSe/Cr,signed_current_sweep,nominal_transport,alpha_preserving_flattened,0.30000000000000027,n,-0.30000000000000027,309.894134846523,362.9980470654064,0.041950918426179054,0.05243340572879432,0.0073854234051956525,0.014891556940406196,1.0483973552086556,0.014891556940406196,0.0015818535654314322,0.9984181464345686,0.00195433300529865,0.010037373986964677,0.001016998613020072,0.9989830013869799,True,0.9757862236012528,0.9757862236012528,9.875047256957904e-17
PbSe/Cr,signed_current_sweep,nominal_transport,original,0.3500000000000001,p,0.3500000000000001,309.894134846523,362.9980470654064,0.05423664723882404,0.06859707653379148,0.018917047132572414,0.03351529645318056,1.0638125339232867,0.03351529645318056,0.0036125047161072476,0.9963874952838927,0.009501562703955264,0.02902024654949141,0.0029403657299869384,0.9970596342700131,True,0.9669529819564169,0.9669529819564169,2.6315555501225044e-17
PbSe/Cr,signed_current_sweep,nominal_transport,original,0.3500000000000001,n,-0.3500000000000001,309.894134846523,362.9980470654064,0.04211067282789338,0.05259768901852864,0.010052381857071848,0.02026906601006757,1.0480234006436222,0.02026906601006757,0.002152310733487599,0.9978476892665123,0.005145811086683196,0.01287459570292019,0.0013044692755364293,0.9986955307244636,True,0.9752407055366327,0.9752407055366327,2.4142882706668534e-16
PbSe/Cr,signed_current_sweep,nominal_transport,alpha_preserving_flattened,0.3500000000000001,p,0.3500000000000001,309.894134846523,362.9980470654064,0.047592996445124575,0.06016382001801852,0.018917047132572414,0.03351529645318056,1.0552968576649213,0.03351529645318056,0.0035835871017125993,0.9964164128982874,0.012588828545529148,0.027296845775973504,0.0027657487237239837,0.997234251276276,True,0.9706043625811894,0.9706043625811894,7.844734178605535e-17
PbSe/Cr,signed_current_sweep,nominal_transport,alpha_preserving_flattened,0.3500000000000001,n,-0.3500000000000001,309.894134846523,362.9980470654064,0.04894273816387553,0.06117230668359333,0.010052381857071848,0.020269064390109153,1.0566922703838217,0.020269064390109153,0.0021701136943823485,0.9978298863056176,0.003888403321528418,0.014481376149526675,0.0014672701722399626,0.9985327298277601,True,0.971466728049591,0.971466728049591,1.3500491043516728e-16
PbSe/Cr,signed_current_sweep,nominal_transport,original,0.40000000000000036,p,0.40000000000000036,309.894134846523,362.9980470654064,0.06198473970151323,0.07839665889576172,0.024707979928257878,0.04377508108170528,1.073266944884679,0.04377508108170528,0.00476030706250549,0.9952396929374945,0.014062330473785828,0.038461929403715574,0.0038970082123524967,0.9961029917876475,True,0.9616887136877045,0.9616887136877045,0.0
PbSe/Cr,signed_current_sweep,nominal_transport,original,0.40000000000000036,n,-0.40000000000000036,309.894134846523,362.9980470654064,0.04812648323187818,0.0601116445926042,0.013129641609236716,0.026473883738943348,1.055076385606931,0.026473883738943348,0.0028301002181181103,0.9971698997818819,0.0074345404321973065,0.01790968595958614,0.0018146305800878259,0.9981853694199122,True,0.9713561200455886,0.9713561200455886,8.851290463362925e-17
PbSe/Cr,signed_current_sweep,nominal_transport,alpha_preserving_flattened,0.40000000000000036,p,0.40000000000000036,309.894134846523,362.9980470654064,0.054391995937285255,0.06875865144916407,0.024707979928257878,0.04377508108170528,1.063453629676442,0.04377508108170528,0.004716781643302924,0.9952832183566971,0.01758637514377068,0.03655018380041826,0.0037033078850033777,0.9962966921149966,True,0.9658333390810016,0.9658333390810016,1.1486282770879666e-16
PbSe/Cr,signed_current_sweep,nominal_transport,alpha_preserving_flattened,0.40000000000000036,n,-0.40000000000000036,309.894134846523,362.9980470654064,0.05593455790157207,0.06991120763839243,0.013129641609236716,0.026473881458005926,1.0650562290798602,0.026473881458005926,0.0028568695571687627,0.9971431304428312,0.006048527202425948,0.01972236662007582,0.001998293530174215,0.9980017064698258,True,0.9670674704633698,0.9670674704633698,5.949490426518039e-17
PbSe/Cr,signed_current_sweep,nominal_transport,original,0.4500000000000002,p,0.4500000000000002,309.894134846523,362.9980470654064,0.06973283216420237,0.08819624125773191,0.03127103709670134,0.05540283699403318,1.082812293267662,0.05540283699403318,0.006078346257973828,0.9939216537420261,0.01936509051442363,0.04923274693645715,0.004988320193565517,0.9950116798064345,True,0.956291896408605,0.956291896408605,1.9256644334997654e-16
PbSe/Cr,signed_current_sweep,nominal_transport,original,0.4500000000000002,n,-0.4500000000000002,309.894134846523,362.9980470654064,0.054142293635862926,0.06762560016667969,0.0166172026616902,0.03350601148260795,1.0621806211127514,0.03350601148260795,0.003605963789559722,0.9963940362104403,0.010106967091642672,0.023757720371646036,0.0024071603486988573,0.9975928396513012,True,0.9673858203084849,0.9673858203084849,6.544561168076408e-17
PbSe/Cr,signed_current_sweep,nominal_transport,alpha_preserving_flattened,0.4500000000000002,p,0.4500000000000002,309.894134846523,362.9980470654064,0.06119099542944588,0.07735348288030955,0.03127103709670134,0.05540283699403318,1.0716796340638999,0.05540283699403318,0.00601585328681603,0.993984146713184,0.02342841954354241,0.04715024816064401,0.004777318952666411,0.9952226810473336,True,0.9609222725247111,0.9609222725247111,3.1776728345424183e-16
PbSe/Cr,signed_current_sweep,nominal_transport,alpha_preserving_flattened,0.4500000000000002,n,-0.4500000000000002,309.894134846523,362.9980470654064,0.06292637763926855,0.07865010859319145,0.0166172026616902,0.033506008489288926,1.0734906984964556,0.033506008489288926,0.0036443596921701266,0.9963556403078299,0.008517936897577238,0.025762343411089697,0.0026102711278119897,0.997389728872188,True,0.9625888016106864,0.9625888016106864,1.322405714132417e-16
PbSe/Cr,signed_current_sweep,nominal_transport,original,0.5,p,0.5,309.894134846523,362.9980470654064,0.07748092462689148,0.09799582361970208,0.03860621863790287,0.06839856419016437,1.0924508434399518,0.06839856419016437,0.007570928489431581,0.9924290715105685,0.025522426782566797,0.06133445816414529,0.006214479899252648,0.9937855201007474,True,0.9507633936175335,0.9507633936175335,1.4372051580961517e-16
PbSe/Cr,signed_current_sweep,nominal_transport,original,0.5,n,-0.5,309.894134846523,362.9980470654064,0.06015810403984767,0.07513955574075519,0.020515065014432333,0.04136544946510137,1.069337211298387,0.04136544946510137,0.004481802165265465,0.9955181978347345,0.01316153076466339,0.030421481913777536,0.003082340555657911,0.9969176594443421,True,0.9633300258878543,0.9633300258878543,1.4664328296198917e-16
PbSe/Cr,signed_current_sweep,nominal_transport,alpha_preserving_flattened,0.5,p,0.5,309.894134846523,362.9980470654064,0.06798999492160651,0.08594831431145501,0.03860621863790287,0.06839856419016437,1.079976620718018,0.06839856419016437,0.00748447933818957,0.9925155206618105,0.02979840946515311,0.05909986244424809,0.005988068015950563,0.9940119319840495,True,0.9558718958750421,0.9558718958750421,2.839050824650664e-16
PbSe/Cr,signed_current_sweep,nominal_transport,alpha_preserving_flattened,0.5,n,-0.5,309.894134846523,362.9980470654064,0.06991819737696502,0.08738900954799045,0.020515065014432333,0.04136544578920965,1.08199717231302,0.04136544578920965,0.004534862144064485,0.9954651378559355,0.011361653903042463,0.03260332087871986,0.00330340706210284,0.9966965929378971,True,0.9580310145265046,0.9580310145265046,2.9706309324678427e-16
PbSe/Cr,signed_current_sweep,nominal_transport,original,0.5499999999999998,p,0.5499999999999998,309.894134846523,362.9980470654064,0.0852290170895806,0.10779540598167224,0.04671352455186245,0.08276226267009885,1.102184915377299,0.08276226267009885,0.009242449217864128,0.9907575507821359,0.03239810171274718,0.07476884239935924,0.007575667611470489,0.9924243323885296,True,0.9451039874822961,0.9451039874822961,4.07022915036815e-16
PbSe/Cr,signed_current_sweep,nominal_transport,original,0.5499999999999998,n,-0.5499999999999998,309.894134846523,362.9980470654064,0.06617391444383243,0.08265351131483067,0.0248232286674631,0.05005219777293011,1.0765472868157782,0.05005219777293011,0.005459545846201013,0.994540454153799,0.01659667277831526,0.03790374100732618,0.003840451903334905,0.9961595480966651,True,0.9591888988959731,0.9591888988959731,2.495285460430191e-16
PbSe/Cr,signed_current_sweep,nominal_transport,alpha_preserving_flattened,0.5499999999999998,p,0.5499999999999998,309.894134846523,362.9980470654064,0.07478899441376714,0.09454314574260048,0.04671352455186245,0.08276226267009885,1.0883463906421569,0.08276226267009885,0.009126405294262684,0.9908735947057373,0.036841250055121885,0.07240188146819496,0.007335844328289753,0.9926641556717103,True,0.9506828488927297,0.9506828488927297,2.404741261115731e-16
PbSe/Cr,signed_current_sweep,nominal_transport,alpha_preserving_flattened,0.5499999999999998,n,-0.5499999999999998,309.894134846523,362.9980470654064,0.07691001711466151,0.09612791050278946,0.0248232286674631,0.05005219356141258,1.0905771855560762,0.05005219356141258,0.005530695878660383,0.9944693041213396,0.014577762152008582,0.04024733091129404,0.004077907206377161,0.9959220927936229,True,0.9533943323144699,0.9533943323144699,6.761488780272961e-16
PbSe/Cr,signed_current_sweep,nominal_transport,original,0.6000000000000005,p,0.6000000000000005,309.894134846523,362.9980470654064,0.09297710955226986,0.11759498834364258,0.055592954838580226,0.09849393243383688,1.1120168922887173,0.09849393243383688,0.011097396836116465,0.9889026031638836,0.040053347239267054,0.08953770096831067,0.00907206584272293,0.9909279341572771,True,0.9393143758242656,0.9393143758242656,0.0
PbSe/Cr,signed_current_sweep,nominal_transport,original,0.6000000000000005,n,-0.6000000000000005,309.894134846523,362.9980470654064,0.07218972484781727,0.0901674668889063,0.02954169362078261,0.059566256276084556,1.0838120085567178,0.059566256276084556,0.006541156183490165,0.9934588438165098,0.02041083529321919,0.04620742718662136,0.004681791215615614,0.9953182087843844,True,0.954962528560051,0.954962528560051,4.792834018058576e-16
PbSe/Cr,signed_current_sweep,nominal_transport,alpha_preserving_flattened,0.6000000000000005,p,0.6000000000000005,309.894134846523,362.9980470654064,0.08158799390592789,0.10313797717374609,0.055592954838580226,0.09849393243383688,1.0967907983797425,0.09849393243383688,0.010945447699782663,0.9890545523002173,0.044613831225303845,0.08705919403743524,0.008820940586820895,0.9911790594131791,True,0.9453556756155738,0.9453556756155738,7.344026331773873e-16
PbSe/Cr,signed_current_sweep,nominal_transport,alpha_preserving_flattened,0.6000000000000005,n,-0.6000000000000005,309.894134846523,362.9980470654064,0.08390183685235811,0.10486681145758864,0.02954169362078261,0.05956625183389886,1.0992323119226572,0.05956625183389886,0.00663422220942481,0.9933657777905752,0.018164348610081607,0.04869642415198154,0.004933979334228095,0.9950660206657719,True,0.948678923654392,0.948678923654392,9.781300977509372e-17
PbSe/Cr,signed_current_sweep,nominal_transport,original,0.6500000000000004,p,0.6500000000000004,309.894134846523,362.9980470654064,0.10072520201495898,0.12739457070561278,0.06524450949805591,0.11559357348137794,1.1219492386563084,0.11559357348137794,0.01314035664354282,0.9868596433564572,0.048612871236345404,0.10564285898963172,0.01070385951619007,0.98929614048381,True,0.9333951509373708,0.9333951509373708,1.9442139253944113e-16
PbSe/Cr,signed_current_sweep,nominal_transport,original,0.6500000000000004,n,-0.6500000000000004,309.894134846523,362.9980470654064,0.07820553525180202,0.0976814224629818,0.03467045987439068,0.0699076245362441,1.0911325665216058,0.0699076245362441,0.007728626465640464,0.9922713735343596,0.024602460500591995,0.05533535597715508,0.005606643764875464,0.9943933562351245,True,0.9506509526509239,0.9506509526509239,4.510993677319232e-16
PbSe/Cr,signed_current_sweep,nominal_transport,alpha_preserving_flattened,0.6500000000000004,p,0.6500000000000004,309.894134846523,362.9980470654064,0.08838699339808852,0.11173280860489157,0.06524450949805591,0.11559357348137794,1.1053117443512324,0.11559357348137794,0.012945497017731728,0.9870545029822683,0.05311389961496112,0.10307472581168305,0.010443653222849151,0.9895563467771509,True,0.9398908452095377,0.9398908452095377,3.9012581473858797e-16
PbSe/Cr,signed_current_sweep,nominal_transport,alpha_preserving_flattened,0.6500000000000004,n,-0.6500000000000004,309.894134846523,362.9980470654064,0.09089365659005458,0.11360571241238766,0.03467045987439068,0.0699076203721452,1.1079641599028083,0.0699076203721452,0.007847846248820184,0.9921521537511798,0.022119502307856077,0.05795267126017428,0.005871833247316149,0.9941281667526839,True,0.9438848908541463,0.9438848908541463,0.0
PbSe/Cr,signed_current_sweep,nominal_transport,original,0.7000000000000002,p,0.7000000000000002,309.894134846523,362.9980470654064,0.10847329447764809,0.13719415306758295,0.07566818853028966,0.13406118581272225,1.1319844664669245,0.13406118581272225,0.015376014450932566,0.9846239855490674,0.057847806898031665,0.12308616726165834,0.01247123615694999,0.98752876384305,True,0.9273468436700262,0.9273468436700262,1.7280260248759372e-16
PbSe/Cr,signed_current_sweep,nominal_transport,original,0.7000000000000002,n,-0.7000000000000002,309.894134846523,362.9980470654064,0.08422134565578676,0.10519537803705728,0.040209527428287394,0.08107630170166191,1.0985101833408457,0.08107630170166191,0.009023983072417776,0.9909760169275822,0.02916998980838666,0.06529043221727994,0.006615303872774628,0.9933846961272254,True,0.9462541438601633,0.9462541438601633,2.014948809109755e-16
PbSe/Cr,signed_current_sweep,nominal_transport,alpha_preserving_flattened,0.7000000000000002,p,0.7000000000000002,309.894134846523,362.9980470654064,0.09518599289024915,0.12032764003603703,0.07566818853028966,0.13406118581272225,1.1139111888691844,0.13406118581272225,0.015130520819393685,0.9848694791806063,0.06233919435986888,0.12045144228114606,0.01220428270335245,0.9877957172966475,True,0.9342887285391412,0.9342887285391412,3.4667796085675187e-16
PbSe/Cr,signed_current_sweep,nominal_transport,alpha_preserving_flattened,0.7000000000000002,n,-0.7000000000000002,309.894134846523,362.9980470654064,0.09788547632775106,0.12234461336718666,0.040209527428287394,0.08107629857885496,1.1167743759715443,0.08107629857885496,0.009174018438012526,0.9908259815619874,0.02644131336278656,0.06801816421418347,0.006891680907359971,0.9931083190926401,True,0.9390122898404812,0.9390122898404812,4.014731765837664e-16
PbSe/Cr,signed_current_sweep,nominal_transport,original,0.75,p,0.75,309.894134846523,362.9980470654064,0.11622138694033722,0.1469937354295531,0.08686399193528146,0.15389676942786984,1.1421251639682153,0.15389676942786984,0.017809160922152453,0.9821908390778475,0.06786579826898939,0.14186950416884378,0.014374386085138826,0.9856256139148611,True,0.9211698913917253,0.9211698913917253,3.092808889350225e-16
PbSe/Cr,signed_current_sweep,nominal_transport,original,0.75,n,-0.75,309.894134846523,362.9980470654064,0.0902371560597715,0.11270933361113276,0.046158896282472744,0.09307228638816029,1.1059461155547123,0.09307228638816029,0.010429286667804068,0.9895707133321959,0.034111863015282615,0.07607577181562401,0.007708087246863425,0.9922919127531366,True,0.9417720125818342,0.9417720125818342,3.6191133930425515e-16
PbSe/Cr,signed_current_sweep,nominal_transport,alpha_preserving_flattened,0.75,p,0.75,309.894134846523,362.9980470654064,0.10198499238240977,0.1289224714671825,0.08686399193528146,0.15389676942786984,1.1225911497458376,0.15389676942786984,0.01750456698296172,0.9824954330170382,0.07228744505762975,0.13919235192593518,0.014103133851096588,0.9858968661489034,True,0.9285496075269508,0.9285496075269508,4.652759574693562e-16
PbSe/Cr,signed_current_sweep,nominal_transport,alpha_preserving_flattened,0.75,n,-0.75,309.894134846523,362.9980470654064,0.10487729606544753,0.13108351432198567,0.046158896282472744,0.09307228537975745,1.1256646576970228,0.09307228537975745,0.01061523623495188,0.9893847637650481,0.031127871988981114,0.07889501765965347,0.007993736572759232,0.9920062634272407,True,0.9340611096180433,0.9340611096180433,1.8030749107256684e-16
PbSe/Cr,signed_current_sweep,nominal_transport,original,0.7999999999999998,p,0.7999999999999998,309.894134846523,362.9980470654064,0.12396947940302633,0.15679331779152328,0.09883191971303129,0.1751003243268207,1.1523739911829782,0.1751003243268207,0.020444695795472888,0.9795553042045271,0.07866842022830799,0.1619947777432225,0.016413502624820737,0.9835864973751792,True,0.9148646473274673,0.9148646473274673,0.0
PbSe/Cr,signed_current_sweep,nominal_transport,original,0.7999999999999998,n,-0.7999999999999998,309.894134846523,362.9980470654064,0.09625296646375626,0.12022328918520826,0.052518566436946745,0.10589557654561388,1.1134416543838346,0.10589557654561388,0.011946633436276752,0.9880533665637232,0.03942651745754881,0.08769431188941627,0.008885291479335991,0.991114708520664,True,0.9372044182251349,0.9372044182251349,1.6345705550003599e-16
PbSe/Cr,signed_current_sweep,nominal_transport,alpha_preserving_flattened,0.7999999999999998,p,0.7999999999999998,309.894134846523,362.9980470654064,0.10878399187457038,0.13751730289832798,0.09883191971303129,0.1751003243268207,1.1313537045000628,0.1751003243268207,0.0200717670674263,0.9799282329325737,0.08295636967713105,0.15930050942415294,0.01614051616968256,0.9838594838303174,True,0.9226736755550841,0.9226736755550841,4.1881757990455726e-16
PbSe/Cr,signed_current_sweep,nominal_transport,alpha_preserving_flattened,0.7999999999999998,n,-0.7999999999999998,309.894134846523,362.9980470654064,0.111869115803144,0.1398224152767847,0.052518566436946745,0.10589557909481594,1.1346367341324648,0.10589557909481594,0.012174045599025851,0.9878259544009742,0.036177267492605705,0.09058537030823823,0.009178216940310176,0.9908217830596898,True,0.9290312904002169,0.9290312904002169,1.6289956305161587e-16
PbSe/Cr,signed_current_sweep,nominal_transport,original,0.8500000000000005,p,0.8500000000000005,309.894134846523,362.9980470654064,0.1317175718657156,0.16659290015349365,0.11157197186353944,0.19767185050957528,1.1627336793897256,0.19767185050957528,0.023287632281330923,0.9767123677186691,0.09025769373094539,0.18346392779658524,0.018588782320022413,0.9814112176799776,True,0.9084313802206702,0.9084313802206702,0.0
PbSe/Cr,signed_current_sweep,nominal_transport,original,0.8500000000000005,n,-0.8500000000000005,309.894134846523,362.9980470654064,0.1022687768677411,0.12773724475928389,0.05928853789170951,0.11954616930923134,1.1209981284316632,0.11954616930923134,0.013578156389128586,0.9864218436108714,0.04511238715750624,0.10014916476537221,0.010147231914819022,0.989852768085181,True,0.9325511636986965,0.9325511636986965,1.4841576501272674e-16
PbSe/Cr,signed_current_sweep,nominal_transport,alpha_preserving_flattened,0.8500000000000005,p,0.8500000000000005,309.894134846523,362.9980470654064,0.11558299136673114,0.14611213432947362,0.11157197186353944,0.19767185050957528,1.1402009927695533,0.19767185050957528,0.022836339840402876,0.9771636601595971,0.09434367240405485,0.18077901911794936,0.01831674419473144,0.9816832558052686,True,0.916661037800077,0.916661037800077,1.263421355378439e-16
PbSe/Cr,signed_current_sweep,nominal_transport,alpha_preserving_flattened,0.8500000000000005,n,-0.8500000000000005,309.894134846523,362.9980470654064,0.11886093554084062,0.14856131623158386,0.05928853789170951,0.1195461772941399,1.1436923802631194,0.1195461772941399,0.013853042787186161,0.9861469572128139,0.041587587232810905,0.10309138638897704,0.010445341292260744,0.9895546587077393,True,0.9239227221261489,0.9239227221261489,0.0
PbSe/Cr,signed_current_sweep,nominal_transport,original,0.9000000000000004,p,0.9000000000000004,309.894134846523,362.9980470654064,0.13946566432840474,0.17639248251546383,0.12508414838680537,0.22161134797613272,1.17320704417528,0.22161134797613272,0.026343101906504074,0.9736568980934959,0.10239450490425059,0.20627892817044852,0.02090042516270262,0.9790995748372974,True,0.9018702608876317,0.9018702608876317,3.438337159301796e-16
PbSe/Cr,signed_current_sweep,nominal_transport,original,0.9000000000000004,n,-0.9000000000000004,309.894134846523,362.9980470654064,0.10828458727172585,0.13525120033335938,0.0664688106467608,0.13402406083487645,1.128616905447126,0.13402406083487645,0.015326026722836034,0.984673973277164,0.05116790193107643,0.11344336523793844,0.011494216042277959,0.988505783957722,True,0.9278119979942383,0.9278119979942383,1.353840889863518e-16
PbSe/Cr,signed_current_sweep,nominal_transport,alpha_preserving_flattened,0.9000000000000004,p,0.9000000000000004,309.894134846523,362.9980470654064,0.12238199085889176,0.1547069657606191,0.12508414838680537,0.22161134797613272,1.149135220627393,0.22161134797613272,0.02580259500795989,0.9741974049920401,0.10644704141171225,0.20363103861122425,0.020632137858407826,0.9793678621415922,True,0.9105117082049063,0.9105117082049063,2.2977808712884825e-16
PbSe/Cr,signed_current_sweep,nominal_transport,alpha_preserving_flattened,0.9000000000000004,n,-0.9000000000000004,309.894134846523,362.9980470654064,0.1258527552785371,0.1573002171863829,0.0664688106467608,0.1340240766378238,1.1528334174100643,0.1340240766378238,0.015654876123358807,0.9843451238766412,0.04735691558919289,0.11641525715506564,0.011795331648978382,0.9882046683510216,True,0.9187352455966769,0.9187352455966769,2.699304748048119e-16
PbSe/Cr,signed_current_sweep,nominal_transport,original,0.9500000000000002,p,0.9500000000000002,309.894134846523,362.9980470654064,0.14721375679109383,0.18619206487743398,0.1393684492828294,0.24691881672649346,1.183796967062625,0.24691881672649346,0.0296163589210579,0.9703836410789421,0.11513952780557302,0.2304417891084475,0.023348634833125884,0.9766513651668741,True,0.8951813927344126,0.8951813927344126,4.1875587956065095e-16
PbSe/Cr,signed_current_sweep,nominal_transport,original,0.9500000000000002,n,-0.9500000000000002,309.894134846523,362.9980470654064,0.1143003976757106,0.14276515590743488,0.07405938470210073,0.1493292461175993,1.136299394294121,0.1493292461175993,0.017192455241174312,0.9828075447588257,0.05759148647919641,0.12758054859515036,0.012926612193399429,0.9870733878066006,True,0.9229866193589092,0.9229866193589092,1.2401328808262768e-16
PbSe/Cr,signed_current_sweep,nominal_transport,alpha_preserving_flattened,0.9500000000000002,p,0.9500000000000002,309.894134846523,362.9980470654064,0.1291809903510524,0.16330179719176455,0.1393684492828294,0.24691881672649346,1.158158671529264,0.24691881672649346,0.028974937305893372,0.9710250626941066,0.1192641465468006,0.22785978257357795,0.02308702287484065,0.9769129771251593,True,0.9042255889628074,0.9042255889628074,0.0
PbSe/Cr,signed_current_sweep,nominal_transport,alpha_preserving_flattened,0.9500000000000002,n,-0.9500000000000002,309.894134846523,362.9980470654064,0.13284457501623356,0.1660391181411819,0.07405938470210073,0.14932927269886587,1.1620617126486399,0.14932927269886587,0.017582247811459038,0.982417752188541,0.05348333287675745,0.130559202472351,0.013228412929898237,0.9867715870701017,True,0.9134686534449691,0.9134686534449691,6.060009539724009e-16
PbSe/Cr,signed_current_sweep,nominal_transport,original,1.0,p,1.0,309.894134846523,362.9980470654064,0.15496184925378295,0.19599164723940415,0.15442487455161147,0.27359425676065746,1.1945063953227146,0.27359425676065746,0.033112785086715175,0.9668872149132848,0.12834742756648337,0.2559545597634539,0.02593361895388663,0.9740663810461133,True,0.8883648110577481,0.8883648110577481,1.8339578563493186e-16
PbSe/Cr,signed_current_sweep,nominal_transport,original,1.0,n,-1.0,309.894134846523,362.9980470654064,0.12031620807969534,0.15027911148151038,0.08206026005772933,0.16546171879245836,1.1440470471183852,0.16546171879245836,0.01917969384616379,0.9808203061538362,0.06438155945065999,0.1425636818354176,0.01444472098797416,0.9855552790120259,True,0.9180746781145057,0.9180746781145057,2.114658575286303e-16
PbSe/Cr,signed_current_sweep,nominal_transport,alpha_preserving_flattened,1.0,p,1.0,309.894134846523,362.9980470654064,0.13597998984321302,0.17189662862291002,0.15442487455161147,0.27359425676065746,1.1672736788896436,0.27359425676065746,0.03235786984297376,0.9676421301570263,0.13279263692693177,0.2534685267586059,0.025681731147261518,0.9743182688527385,True,0.8978025411591184,0.8978025411591184,1.8687105575920427e-16
PbSe/Cr,signed_current_sweep,nominal_transport,alpha_preserving_flattened,1.0,n,-1.0,309.894134846523,362.9980470654064,0.13983639475393003,0.1747780190959809,0.08206026005772933,0.1654617597682321,1.1713791799865376,0.1654617597682321,0.019637915827208686,0.9803620841727914,0.05996491424238225,0.1455254724383026,0.014744813117559223,0.9852551868824407,True,0.9081226947703205,0.9081226947703205,2.070195523790279e-16
PbSe/Cr,signed_current_sweep,nominal_transport,original,1.0499999999999998,p,1.0499999999999998,309.894134846523,362.9980470654064,0.1627099417164721,0.20579122960137433,0.17025342419315156,0.30163766807862474,1.2053383812493665,0.30163766807862474,0.03683789580518482,0.9631621041948152,0.14225113795412386,0.2828193308523346,0.028655589358892484,0.9713444106411075,True,0.8814204281858085,0.8814204281858085,3.208981234609054e-16
PbSe/Cr,signed_current_sweep,nominal_transport,original,1.0499999999999998,n,-1.0499999999999998,309.894134846523,362.9980470654064,0.1263320184836801,0.15779306705558585,0.09047143671364655,0.18242147091663935,1.1518613621713156,0.18242147091663935,0.021290037111937613,0.9787099628880623,0.07153653247366148,0.15839621172593252,0.016048891656533826,0.9839511083434662,True,0.9130757719436825,0.9130757719436825,1.8393157696016796e-16
PbSe/Cr,signed_current_sweep,nominal_transport,alpha_preserving_flattened,1.0499999999999998,p,1.0499999999999998,309.894134846523,362.9980470654064,0.14277898933537364,0.18049146005405547,0.17025342419315156,0.30163766807862474,1.1764826700803137,0.30163766807862474,0.03595599932037508,0.9640440006796249,0.14703013839376536,0.2804606122608411,0.028416601199323172,0.9715833988006768,True,0.8912422888142045,0.8912422888142045,3.2648985590554397e-16
PbSe/Cr,signed_current_sweep,nominal_transport,alpha_preserving_flattened,1.0499999999999998,n,-1.0499999999999998,309.894134846523,362.9980470654064,0.1468282144916265,0.1835169200507799,0.09047143671364655,0.18242153064104524,1.1807877818319854,0.18242153064104524,0.02182469588145402,0.978175304118546,0.06679972852633856,0.1613163491102031,0.01634476343270636,0.9836552365672936,True,0.9026970740976998,0.9026970740976998,1.8038559878044879e-16
PbSe/Cr,signed_current_sweep,nominal_transport,original,1.1000000000000005,p,1.1000000000000005,309.894134846523,362.9980470654064,0.1704580341791613,0.2155908119633447,0.18685409820745005,0.33104905068039586,1.216296041871277,0.33104905068039586,0.04079734441669884,0.9592026555833012,0.1568478529042909,0.31103823747216164,0.03151476237870596,0.968485237621294,True,0.8743481010277026,0.8743481010277026,0.0
PbSe/Cr,signed_current_sweep,nominal_transport,original,1.1000000000000005,n,-1.1000000000000005,309.894134846523,362.9980470654064,0.13234782888766494,0.16530702262966152,0.09929291466985256,0.20020867355267213,1.1597438851042388,0.20020867355267213,0.023525845156662426,0.9764741548433375,0.0790548091542136,0.17508189084177442,0.017739504414427162,0.9822604955855728,True,0.9079894651291454,0.9079894651291454,3.2504952833719166e-16
PbSe/Cr,signed_current_sweep,nominal_transport,alpha_preserving_flattened,1.1000000000000005,p,1.1000000000000005,309.894134846523,362.9980470654064,0.1495779888275344,0.18908629148520112,0.18685409820745005,0.33104905068039586,1.1857881420056198,0.33104905068039586,0.0397740398465923,0.9602259601534077,0.16197425091078493,0.3088394500319128,0.031291978632682044,0.9687080213673179,True,0.8845444859529968,0.8845444859529968,2.8938193882592666e-16
PbSe/Cr,signed_current_sweep,nominal_transport,alpha_preserving_flattened,1.1000000000000005,n,-1.1000000000000005,309.894134846523,362.9980470654064,0.1538200342293231,0.19225582100557911,0.09929291466985256,0.20020859212965209,1.1902895356639185,0.20020859212965209,0.02414546545914519,0.9758545345408548,0.07398583708877375,0.1779341482941484,0.01802849851555437,0.9819715014844457,True,0.897191457933355,0.897191457933355,0.0
PbSe/Cr,signed_current_sweep,nominal_transport,original,1.1500000000000004,p,1.1500000000000004,309.894134846523,362.9980470654064,0.17820612664185045,0.22539039432531485,0.2042268965945063,0.3618284045659698,1.227382571535635,0.3618284045659698,0.04499692790136537,0.9550030720986347,0.17213473630324416,0.34061346209408566,0.03451135914388731,0.9654886408561127,True,0.8671476036241054,0.8671476036241054,1.277861540325874e-16
PbSe/Cr,signed_current_sweep,nominal_transport,original,1.1500000000000004,n,-1.1500000000000004,309.894134846523,362.9980470654064,0.1383636392916497,0.17282097820373699,0.10852469392634712,0.21882320792493917,1.167696212208093,0.21882320792493917,0.02588949066782986,0.9741105093321701,0.08693478403661542,0.19262458236901497,0.019516950684239587,0.9804830493157604,True,0.9028152817466547,0.9028152817466547,1.4540615996494357e-16
PbSe/Cr,signed_current_sweep,nominal_transport,alpha_preserving_flattened,1.1500000000000004,p,1.1500000000000004,309.894134846523,362.9980470654064,0.15637698831969502,0.1976811229163466,0.2042268965945063,0.3618284045659698,1.1951926736338627,0.3618284045659698,0.04381681784552015,0.9561831821544798,0.17762254576216077,0.3386085256813226,0.034308216613418534,0.9656917833865815,True,0.8777086906851835,0.8777086906851835,1.2973552110476726e-16
PbSe/Cr,signed_current_sweep,nominal_transport,alpha_preserving_flattened,1.1500000000000004,n,-1.1500000000000004,309.894134846523,362.9980470654064,0.1608118539670196,0.20099472196037813,0.10852469392634712,0.2188231412812298,1.1998865090721493,0.2188231412812298,0.026603187364546865,0.9733968126354531,0.08152129259162942,0.19538122142128833,0.019796256615890614,0.9802037433841094,True,0.8916054830251127,0.8916054830251127,4.2888238048217495e-16
PbSe/Cr,signed_current_sweep,nominal_transport,original,1.2000000000000002,p,1.2000000000000002,309.894134846523,362.9980470654064,0.18595421910453958,0.23518997668728503,0.22237181935432054,0.39397572973534695,1.238601252160065,0.39397572973534695,0.04944259286795886,0.9505574071320412,0.18810891868533966,0.37154723775112597,0.03764560590798517,0.9623543940920148,True,0.8598186298692061,0.8598186298692061,2.3150429584418533e-16
PbSe/Cr,signed_current_sweep,nominal_transport,original,1.2000000000000002,n,-1.2000000000000002,309.894134846523,362.9980470654064,0.14437944969563443,0.18033493377781248,0.11816677448313025,0.2382650315613813,1.1757199935629083,0.2382650315613813,0.028383403223607797,0.9716165967763922,0.0951748415242695,0.21102787729704195,0.02138159430926631,0.9786184056907337,True,0.8975527052035794,0.8975527052035794,0.0
PbSe/Cr,signed_current_sweep,nominal_transport,alpha_preserving_flattened,1.2000000000000002,p,1.2000000000000002,309.894134846523,362.9980470654064,0.16317598781185566,0.20627595434749205,0.22237181935432054,0.39397572973534695,1.2046989205400127,0.39397572973534695,0.048089276635925736,0.9519107233640742,0.1939725626282437,0.36977140459214636,0.03746567639036604,0.962534323609634,True,0.8707343925676321,0.8707343925676321,2.3485058935433766e-16
PbSe/Cr,signed_current_sweep,nominal_transport,alpha_preserving_flattened,1.2000000000000002,n,-1.2000000000000002,309.894134846523,362.9980470654064,0.16780367370471608,0.2097336229151771,0.11816677448313025,0.238264987445651,1.2095808115579232,0.238264987445651,0.029200841813734574,0.9707991581862654,0.08940413773936118,0.21365995751432848,0.021648279792323363,0.9783517202076767,True,0.8859387586778031,0.8859387586778031,2.5862777277840487e-16
PbSe/Cr,signed_current_sweep,nominal_transport,original,1.25,p,1.25,309.894134846523,362.9980470654064,0.1937023115672287,0.24498955904925518,0.2412888664868929,0.42749102618852736,1.2499554602596132,0.42749102618852736,0.05414044177265674,0.9458595582273432,0.20476749373756084,0.40384185143956947,0.04091773439217031,0.9590822656078297,True,0.8523607643412782,0.8523607643412782,0.0
PbSe/Cr,signed_current_sweep,nominal_transport,original,1.25,n,-1.25,309.894134846523,362.9980470654064,0.15039526009961918,0.18784888935188798,0.12821915634020206,0.2585341288571578,1.1838169365352618,0.2585341288571578,0.031010065649613283,0.9689899343503867,0.10377335475554093,0.2302962522814786,0.023333888869553843,0.9766661111304462,True,0.8922011751885761,0.8922011751885761,1.1974313291429168e-16
PbSe/Cr,signed_current_sweep,nominal_transport,alpha_preserving_flattened,1.25,p,1.25,309.894134846523,362.9980470654064,0.16997498730401625,0.21487078577863755,0.2412888664868929,0.42749102618852736,1.2143096499586647,0.42749102618852736,0.05259648282500205,0.9474035171749979,0.2110218064861927,0.40233173737844513,0.04076472784806225,0.9592352721519377,True,0.8636209257652414,0.8636209257652414,1.0711631663483884e-16
PbSe/Cr,signed_current_sweep,nominal_transport,alpha_preserving_flattened,1.25,n,-1.25,309.894134846523,362.9980470654064,0.17479549344241255,0.21847252386997618,0.12821915634020206,0.2585341165249206,1.2193746168323647,0.2585341165249206,0.03194149699058589,0.9680585030094141,0.09763240396737312,0.2327727852505907,0.023584814121313556,0.9764151858786865,True,0.8801908488070704,0.8801908488070704,1.179270168542605e-16
PbSe/Cr,signed_current_sweep,nominal_transport,original,1.3000000000000007,p,1.3000000000000007,309.894134846523,362.9980470654064,0.20145040402991796,0.25478914141122555,0.26097803799222363,0.46237429392551177,1.261448613949644,0.46237429392551177,0.05909673665683141,0.9409032633431685,0.222107514597966,0.43749964775362654,0.04432798215350329,0.9556720178464967,True,0.8447735825535163,0.8447735825535163,1.941507920631454e-16
PbSe/Cr,signed_current_sweep,nominal_transport,original,1.3000000000000007,n,-1.3000000000000007,309.894134846523,362.9980470654064,0.15641107050360403,0.1953628449259636,0.13868183949756271,0.279630480413432,1.1919888057782158,0.279630480413432,0.03377201241930282,0.9662279875806972,0.11272868443161514,0.2504342600504365,0.025374295652903254,0.9746257043470967,True,0.8867601345405794,0.8867601345405794,0.0
PbSe/Cr,signed_current_sweep,nominal_transport,alpha_preserving_flattened,1.3000000000000007,p,1.3000000000000007,309.894134846523,362.9980470654064,0.17677398679617704,0.22346561720978314,0.26097803799222363,0.46237429392551177,1.2240276855046268,0.46237429392551177,0.05734362937262333,0.9426563706273767,0.22876774432186237,0.43629326572203825,0.04420575009813791,0.9557942499018621,True,0.8563676296722922,0.8563676296722922,3.934315475399158e-16
PbSe/Cr,signed_current_sweep,nominal_transport,alpha_preserving_flattened,1.3000000000000007,n,-1.3000000000000007,309.894134846523,362.9980470654064,0.18178731318010916,0.22721142482477533,0.13868183949756271,0.2796305107744377,1.2292701706384994,0.2796305107744377,0.03482829014478871,0.9651717098552113,0.10620411007790394,0.2527221751273231,0.02560610991656655,0.9743938900834335,True,0.8743613058326716,0.8743613058326716,1.0828231334492813e-16
PbSe/Cr,signed_current_sweep,nominal_transport,original,1.3500000000000005,p,1.3500000000000005,309.894134846523,362.9980470654064,0.20919849649260705,0.2645887237731957,0.2814393338703121,0.49862553294629863,1.273084256129531,0.49862553294629863,0.06431790879359504,0.935682091206405,0.2401259899209874,0.4725230327766387,0.047876592979196206,0.9521234070208038,True,0.8370565192383077,0.8370565192383077,8.968443596752016e-17
PbSe/Cr,signed_current_sweep,nominal_transport,original,1.3500000000000005,n,-1.3500000000000005,309.894134846523,362.9980470654064,0.16242688090758878,0.20287680050003906,0.1495548239552118,0.3015540625384693,1.2002374316358644,0.3015540625384693,0.03667183190043407,0.9633281680995659,0.12203917759275389,0.2714470114548148,0.02750333249677706,0.972496667503223,True,0.8812289625050375,0.8812289625050375,1.0142721044219216e-16
PbSe/Cr,signed_current_sweep,nominal_transport,alpha_preserving_flattened,1.3500000000000005,p,1.3500000000000005,309.894134846523,362.9980470654064,0.18357298628833765,0.23206044864092862,0.2814393338703121,0.49862553294629863,1.2338559637801174,0.49862553294629863,0.0623360433221542,0.9376639566778457,0.2472078016307398,0.4716598286207174,0.04778913211239327,0.9522108678876067,True,0.8489737087724503,0.8489737087724503,9.08251314608919e-17
PbSe/Cr,signed_current_sweep,nominal_transport,alpha_preserving_flattened,1.3500000000000005,n,-1.3500000000000005,309.894134846523,362.9980470654064,0.18877913291780565,0.2359503257795743,0.1495548239552118,0.30155414830825694,1.2392697357131401,0.30155414830825694,0.03786442845023522,0.9621355715497648,0.115117260818549,0.2735106417373262,0.027712421959601285,0.9722875780403987,True,0.8684496788835352,0.8684496788835352,1.0000886458854661e-16
PbSe/Cr,signed_current_sweep,nominal_transport,original,1.4000000000000004,p,1.4000000000000004,309.894134846523,362.9980470654064,0.21694658895529617,0.2743883061351659,0.3026727541211586,0.536244743250889,1.284866007726132,0.536244743250889,0.06981056326318871,0.9301894367368113,0.25881987968725373,0.5089144782537108,0.05156381730938875,0.9484361826906113,True,0.8292089345486,0.8292089345486,0.0
PbSe/Cr,signed_current_sweep,nominal_transport,original,1.4000000000000004,n,-1.4000000000000004,309.894134846523,362.9980470654064,0.16844269131157352,0.21039075607411456,0.16083810971314957,0.3243050025295859,1.208564708326637,0.3243050025295859,0.03971218752676424,0.9602878124732358,0.13170316633790405,0.2933400805084665,0.029721564166856482,0.9702784358331435,True,0.8756070603222785,0.8756070603222785,1.882108916750351e-16
PbSe/Cr,signed_current_sweep,nominal_transport,alpha_preserving_flattened,1.4000000000000004,p,1.4000000000000004,309.894134846523,362.9980470654064,0.1903719857804983,0.24065528007207407,0.3026727541211586,0.536244743250889,1.2437975305613889,0.536244743250889,0.06757919166024161,0.9324208083397584,0.2663393586875239,0.508435369095043,0.05151527340233865,0.9484847265976614,True,0.8414382555213752,0.8414382555213752,0.0
PbSe/Cr,signed_current_sweep,nominal_transport,alpha_preserving_flattened,1.4000000000000004,n,-1.4000000000000004,309.894134846523,362.9980470654064,0.19577095265550212,0.24468922673437332,0.16083810971314957,0.32430500256306893,1.2493756845351571,0.32430500256306893,0.04105319403994435,0.9589468059600557,0.12436984539483667,0.29514074616191277,0.029904009742207763,0.9700959902577923,True,0.862455463739106,0.862455463739106,2.785021293616853e-16
PbSe/Cr,signed_current_sweep,nominal_transport,original,1.4500000000000002,p,1.4500000000000002,309.894134846523,362.9980470654064,0.2246946814179853,0.28418788849713605,0.32467829874476317,0.5752319248392825,1.29679753130632,0.5752319248392825,0.07558148328395299,0.924418516716047,0.27818609072374173,0.5466765260747284,0.05538991269137281,0.9446100873086272,True,0.8212301810358735,0.8212301810358735,4.656622003783659e-16
PbSe/Cr,signed_current_sweep,nominal_transport,original,1.4500000000000002,n,-1.4500000000000002,309.894134846523,362.9980470654064,0.1744585017155583,0.21790471164819006,0.17253169677137595,0.3478834795137112,1.2169726029859083,0.3478834795137112,0.04289580882825122,0.9571041911717488,0.14171896648461924,0.31612014441002884,0.03202966720481087,0.9679703327951892,True,0.8698937784541652,0.8698937784541652,8.770154334797018e-17
PbSe/Cr,signed_current_sweep,nominal_transport,alpha_preserving_flattened,1.4500000000000002,p,1.4500000000000002,309.894134846523,362.9980470654064,0.1971709852726589,0.24925011150321955,0.32467829874476317,0.5752319248392825,1.253855519115061,0.5752319248392825,0.0730786862795945,0.9269213137204055,0.28615974655597615,0.5466239413934242,0.055384584749221616,0.9446154152507784,True,0.8337603148052818,0.8337603148052818,1.5707017800302443e-16
PbSe/Cr,signed_current_sweep,nominal_transport,alpha_preserving_flattened,1.4500000000000002,n,-1.4500000000000002,309.894134846523,362.9980470654064,0.2027627723931986,0.25342812768917233,0.17253169677137595,0.34788336924807134,1.2595903990049238,0.34788336924807134,0.04439798537720419,0.9556020146227958,0.13395983591521424,0.3176150984877296,0.03218113772145445,0.9678188622785455,True,0.8563782061024026,0.8563782061024026,0.0
PbSe/Cr,signed_current_sweep,nominal_transport,original,1.5,p,1.5,309.894134846523,362.9980470654064,0.23244277388067444,0.2939874708591062,0.34745596774112586,0.6155870777114794,1.3088825929343568,0.6155870777114794,0.0816376399405585,0.9183623600594415,0.2982214719101909,0.5858117930933282,0.05935514426785629,0.9406448557321437,True,0.8131195039901128,0.8131195039901128,0.0
PbSe/Cr,signed_current_sweep,nominal_transport,original,1.5,n,-1.5,309.894134846523,362.9980470654064,0.180474312119543,0.22541866722226553,0.18463558512989098,0.37228914122418794,1.2254631543038286,0.37228914122418794,0.04622542168633434,0.9537745783136656,0.15208487616288308,0.33978770737082814,0.03442769269792861,0.9655723073020714,True,0.8640885053169023,0.8640885053169023,0.0
PbSe/Cr,signed_current_sweep,nominal_transport,alpha_preserving_flattened,1.5,p,1.5,309.894134846523,362.9980470654064,0.20396998476481953,0.257844942934365,0.34745596774112586,0.6155870777114794,1.264033167074929,0.6155870777114794,0.07884029104187361,0.9211597089581264,0.30666624281221283,0.5862297187488282,0.059397488989946054,0.940602511010054,True,0.8259388626362268,0.8259388626362268,2.938283917667158e-16
PbSe/Cr,signed_current_sweep,nominal_transport,alpha_preserving_flattened,1.5,n,-1.5,309.894134846523,362.9980470654064,0.20975459213089506,0.26216702864397134,0.18463558512989098,0.37228912915348333,1.269916377304349,0.37228912915348333,0.047902230220311544,0.9520977697796884,0.14388518576389867,0.34093636045803644,0.03454407558831898,0.965455924411681,True,0.850217388040028,0.850217388040028,3.240348764090617e-16
PbSe/Cr,signed_current_sweep,nominal_transport,original,1.5500000000000007,p,1.5500000000000007,309.894134846523,362.9980470654064,0.24019086634336365,0.3037870532210766,0.3710057611102469,0.6573102018674802,1.3211250337131575,0.6573102018674802,0.08798619755279438,0.9120138024472056,0.3189228090272385,0.626322976325809,0.06345978530372287,0.9365402146962771,True,0.8048760877830405,0.8048760877830405,2.7266237951026237e-16
PbSe/Cr,signed_current_sweep,nominal_transport,original,1.5500000000000007,n,-1.5500000000000007,309.894134846523,362.9980470654064,0.18649012252352787,0.2329326227963412,0.19714977478869486,0.3975219357822299,1.234038483734271,0.3975219357822299,0.04970385305713671,0.9502961469428632,0.1627991743705043,0.36434203732952036,0.036915566472887816,0.9630844335271121,True,0.858190571585684,0.858190571585684,0.0
PbSe/Cr,signed_current_sweep,nominal_transport,alpha_preserving_flattened,1.5500000000000007,p,1.5500000000000007,309.894134846523,362.9980470654064,0.2107689842569803,0.26643977436551064,0.3710057611102469,0.6573102018674802,1.2743338291368527,0.6573102018674802,0.08486992917203956,0.9151300708279604,0.327856066950114,0.627257001741974,0.06355442186444073,0.9364455781355593,True,0.8179727802440566,0.8179727802440566,1.378699686940852e-16
PbSe/Cr,signed_current_sweep,nominal_transport,alpha_preserving_flattened,1.5500000000000007,n,-1.5500000000000007,309.894134846523,362.9980470654064,0.2167464118685917,0.2709059295987705,0.19714977478869486,0.3975220483022281,1.2803561225850573,0.3975220483022281,0.0515694213995176,0.9484305786004824,0.1541438279267192,0.36510724826272833,0.03699309855037651,0.9630069014496235,True,0.8439725611171294,0.8439725611171294,1.5215806290450366e-16
PbSe/Cr,signed_current_sweep,nominal_transport,original,1.6000000000000005,p,1.6000000000000005,309.894134846523,362.9980470654064,0.2479389588060528,0.3135866355830467,0.3953276788521256,0.7004012973072837,1.3335287686219826,0.7004012973072837,0.09463452045112672,0.9053654795488733,0.3402868192128324,0.6682128585564846,0.06770411775397306,0.932295882246027,True,0.7964990486306808,0.7964990486306808,1.2834987783850613e-16
PbSe/Cr,signed_current_sweep,nominal_transport,original,1.6000000000000005,n,-1.6000000000000005,309.894134846523,362.9980470654064,0.19250593292751264,0.2404465783704167,0.21007426574778723,0.42358221225508214,1.2427007918380697,0.42358221225508214,0.053334047565251154,0.9466659524347488,0.1738601193084269,0.3897870741675673,0.03949368772314162,0.9605063122768583,True,0.852199386769973,0.852199386769973,4.3527883169071717e-16
PbSe/Cr,signed_current_sweep,nominal_transport,alpha_preserving_flattened,1.6000000000000005,p,1.6000000000000005,309.894134846523,362.9980470654064,0.2175679837491409,0.2750346057966561,0.3953276788521256,0.7004012973072837,1.2847609754022162,0.7004012973072837,0.0911736901837892,0.9088263098162108,0.3497263754328734,0.6697102273323647,0.0678558329306943,0.9321441670693057,True,0.8098608770037927,0.8098608770037927,1.2976461173159462e-16
PbSe/Cr,signed_current_sweep,nominal_transport,alpha_preserving_flattened,1.6000000000000005,n,-1.6000000000000005,309.894134846523,362.9980470654064,0.22373823160628814,0.27964483055356953,0.21007426574778723,0.4235820687824671,1.2909122710730137,0.4235820687824671,0.0554031618873626,0.9445968381126374,0.1647336730597797,0.3901305354791792,0.03952848762976949,0.9604715123702305,True,0.8376432383678368,0.8376432383678368,1.4333454362682847e-16
PbSe/Cr,signed_current_sweep,nominal_transport,original,1.6500000000000004,p,1.6500000000000004,309.894134846523,362.9980470654064,0.2556870512687419,0.32338621794501693,0.4204217209667624,0.7448603640308903,1.3460978023049752,0.7448603640308903,0.10159018115613602,0.898409818843864,0.36231014498094055,0.7114843143990276,0.07208843287786666,0.9279115671221333,True,0.78798742502534,0.78798742502534,0.0
PbSe/Cr,signed_current_sweep,nominal_transport,original,1.6500000000000004,n,-1.6500000000000004,309.894134846523,362.9980470654064,0.19852174333149739,0.24796053394449216,0.22340905800716815,0.4504698612095564,1.2514523711507266,0.4504698612095564,0.05711896374290494,0.9428810362570951,0.18526594691829318,0.4161268426609472,0.042162464243756026,0.957837535756244,True,0.8461143269055527,0.8461143269055527,2.7403427943644044e-16
PbSe/Cr,signed_current_sweep,nominal_transport,alpha_preserving_flattened,1.6500000000000004,p,1.6500000000000004,309.894134846523,362.9980470654064,0.2243669832413015,0.2836294372278016,0.4204217209667624,0.7448603640308903,1.2953181958132298,0.7448603640308903,0.09775783746335213,0.9022421625366479,0.37227425635470907,0.7135939786828223,0.0723021865601887,0.9276978134398113,True,0.8016018944955828,0.8016018944955828,0.0
PbSe/Cr,signed_current_sweep,nominal_transport,alpha_preserving_flattened,1.6500000000000004,n,-1.6500000000000004,309.894134846523,362.9980470654064,0.23073005134398458,0.28838373150836855,0.22340905800716815,0.4504698284528282,1.301587462254427,0.4504698284528282,0.05940723224665296,0.940592767753347,0.17565260780467873,0.4160090561716434,0.042150529977242696,0.9578494700227573,True,0.8312289850825942,0.8312289850825942,2.707841482927939e-16
PbSe/Cr,signed_current_sweep,nominal_transport,original,1.7000000000000002,p,1.7000000000000002,309.894134846523,362.9980470654064,0.26343514373143107,0.3331858003069871,0.44628788745415726,0.7906874020383003,1.3588361534965667,0.7906874020383003,0.10886096183199896,0.891139038168001,0.38498934775452187,0.7561403168984986,0.07661303190784825,0.9233869680921517,True,0.77934027516317,0.77934027516317,1.146295090127488e-16
PbSe/Cr,signed_current_sweep,nominal_transport,original,1.7000000000000002,n,-1.7000000000000002,309.894134846523,362.9980470654064,0.2045375537354821,0.25547448951856766,0.23715415156683778,0.4781844759093622,1.2602956072586287,0.4781844759093622,0.06106159578000115,0.9389384042199989,0.1970148690621878,0.4433654571465694,0.044922312904216596,0.9550776870957834,True,0.8399348117433961,0.8399348117433961,0.0
PbSe/Cr,signed_current_sweep,nominal_transport,alpha_preserving_flattened,1.7000000000000002,p,1.7000000000000002,309.894134846523,362.9980470654064,0.23116598273346217,0.2922242686589471,0.44628788745415726,0.7906874020383003,1.3060092048980028,0.7906874020383003,0.10462881624160436,0.8953711837583956,0.3954967236641802,0.7589129955323444,0.07689396298888933,0.9231060370111107,True,0.7931945132455125,0.7931945132455125,0.0
PbSe/Cr,signed_current_sweep,nominal_transport,alpha_preserving_flattened,1.7000000000000002,n,-1.7000000000000002,309.894134846523,362.9980470654064,0.2377218710816811,0.2971226324631676,0.23715415156683778,0.4781846736064684,1.3123844405509142,0.4781846736064684,0.06358533734966919,0.9364146626503308,0.1868984926764835,0.4427457081565246,0.044859519202984116,0.9551404807970159,True,0.8247294114957551,0.8247294114957551,1.2820520187906539e-16
PbSe/Cr,signed_current_sweep,nominal_transport,original,1.75,p,1.75,309.894134846523,362.9980470654064,0.27118323619412016,0.34298538266895723,0.4729261783143101,0.8378824113295137,1.3717479228386444,0.8378824113295137,0.11645486593134716,0.8835451340686529,0.4083209008541348,0.8021839444761723,0.08127822675320515,0.9187217732467948,True,0.7705565826569779,0.7705565826569779,2.1737974623411956e-16
PbSe/Cr,signed_current_sweep,nominal_transport,original,1.75,n,-1.75,309.894134846523,362.9980470654064,0.2105533641394669,0.26298844509264313,0.25130954642679604,0.5067268926127537,1.2692329842369174,0.5067268926127537,0.06516517379693529,0.9348348262030647,0.20910507174570114,0.47150712644053167,0.047773660146752085,0.9522263398532479,True,0.8336603222710911,0.8336603222710911,1.23076306002491e-16
PbSe/Cr,signed_current_sweep,nominal_transport,alpha_preserving_flattened,1.75,p,1.75,309.894134846523,362.9980470654064,0.2379649822256228,0.30081910009009255,0.4729261783143101,0.8378824113295137,1.3168378566556345,0.8378824113295137,0.11179326281231987,0.8882067371876802,0.4193907109084103,0.8056721859428249,0.08163165950743667,0.9183683404925633,True,0.7846373361396928,0.7846373361396928,2.1963492556980624e-16
PbSe/Cr,signed_current_sweep,nominal_transport,alpha_preserving_flattened,1.75,n,-1.75,309.894134846523,362.9980470654064,0.2447136908193776,0.3058615334179666,0.25130954642679604,0.5067267872673584,1.3233060330580177,0.5067267872673584,0.06794138725853993,0.9320586127414601,0.19846916000782885,0.47034345644569064,0.04765575572550572,0.9523442442744943,True,0.8181441161542791,0.8181441161542791,0.0
PbSe/Cr,signed_current_sweep,nominal_transport,original,1.8000000000000007,p,1.8000000000000007,309.894134846523,362.9980470654064,0.2789313286568095,0.35278496503092766,0.5003365935472215,0.8864453919045309,1.384837259689881,0.8864453919045309,0.12438012279948106,0.8756198772005189,0.4323011818854161,0.8496183889269191,0.08608434081037153,0.9139156591896285,True,0.7616352955648236,0.7616352955648236,0.0
PbSe/Cr,signed_current_sweep,nominal_transport,original,1.8000000000000007,n,-1.8000000000000007,309.894134846523,362.9980470654064,0.2165691745434517,0.27050240066671877,0.2658752425870432,0.5360962196812384,1.2782670949806816,0.5360962196812384,0.06943278874342976,0.9305672112565703,0.22153471322030893,0.5005561590208497,0.05071694251145475,0.9492830574885452,True,0.8272903501085601,0.8272903501085601,0.0
PbSe/Cr,signed_current_sweep,nominal_transport,alpha_preserving_flattened,1.8000000000000007,p,1.8000000000000007,309.894134846523,362.9980470654064,0.24476398171778352,0.3094139315212382,0.5003365935472215,0.8864453919045309,1.3278081233611096,0.8864453919045309,0.11925801120832602,0.880741988791674,0.4439530644368092,0.8538766386911923,0.0865157917167324,0.9134842082832676,True,0.7759289539067776,0.7759289539067776,2.0862333349286758e-16
PbSe/Cr,signed_current_sweep,nominal_transport,alpha_preserving_flattened,1.8000000000000007,n,-1.8000000000000007,309.894134846523,362.9980470654064,0.2517055105570742,0.3146004343727658,0.2658752425870432,0.5360963238240636,1.3343550935905477,0.5360963238240636,0.07247938532073799,0.9275206146792621,0.21036241175206066,0.49880533687408657,0.050539547139197484,0.9494604528608025,True,0.8114728207728665,0.8114728207728665,1.1570507749238486e-16
PbSe/Cr,signed_current_sweep,nominal_transport,original,1.8500000000000005,p,1.8500000000000005,309.894134846523,362.9980470654064,0.2866794211194985,0.36258454739289775,0.5285191331528906,0.9363763437633508,1.398108352627625,0.9363763437633508,0.13264519368921807,0.8673548063107819,0.4569264644559552,0.8984469635982789,0.09103170979164198,0.908968290208358,True,0.7525753407978718,0.7525753407978718,0.0
PbSe/Cr,signed_current_sweep,nominal_transport,original,1.8500000000000005,n,-1.8500000000000005,309.894134846523,362.9980470654064,0.22258498494743648,0.2780163562407943,0.2808512400475788,0.566293088871096,1.2874006432343323,0.566293088871096,0.07386781245166597,0.926132187548334,0.23430192198621527,0.5305169684913037,0.05375260718988371,0.9462473928101163,True,0.8208244822693059,0.8208244822693059,1.1146798227667578e-16
PbSe/Cr,signed_current_sweep,nominal_transport,alpha_preserving_flattened,1.8500000000000005,p,1.8500000000000005,309.894134846523,362.9980470654064,0.2515629812099442,0.3180087629523836,0.5285191331528906,0.9363763437633508,1.3389241213892193,0.9363763437633508,0.1270301039851823,0.8729698960148177,0.46918053600981346,0.9035316367923945,0.09154689489810423,0.9084531051018958,True,0.7670679174726592,0.7670679174726592,0.0
PbSe/Cr,signed_current_sweep,nominal_transport,alpha_preserving_flattened,1.8500000000000005,n,-1.8500000000000005,309.894134846523,362.9980470654064,0.25869733029477066,0.3233393353275648,0.2808512400475788,0.5662931343205634,1.3455345937579677,0.5662931343205634,0.07720339858321407,0.9227966014167859,0.222576017168555,0.5281344599225568,0.05351120860166026,0.9464887913983397,True,0.8047152865668038,0.8047152865668038,0.0
PbSe/Cr,signed_current_sweep,nominal_transport,original,1.9000000000000004,p,1.9000000000000004,309.894134846523,362.9980470654064,0.29442751358218766,0.37238412975486795,0.5574737971313176,0.9876752669059738,1.41156541793175,0.9876752669059738,0.14125877737886863,0.8587412226211314,0.4821929091364292,0.9486731126562947,0.09612068266399663,0.9038793173360034,True,0.743375633323485,0.743375633323485,9.368103571357996e-17
PbSe/Cr,signed_current_sweep,nominal_transport,original,1.9000000000000004,n,-1.9000000000000004,309.894134846523,362.9980470654064,0.2286007953514212,0.28553031181486976,0.2962375388084029,0.5973172429921245,1.2966364522910176,0.5973172429921245,0.0784735921897816,0.9215264078102184,0.24740479468968532,0.5613940794057992,0.05688111261519614,0.9431188873848039,True,0.8142623959876187,0.8142623959876187,1.0636319340318121e-16
PbSe/Cr,signed_current_sweep,nominal_transport,alpha_preserving_flattened,1.9000000000000004,p,1.9000000000000004,309.894134846523,362.9980470654064,0.2583619807021048,0.3266035943835291,0.5574737971313176,0.9876752669059738,1.3501901134485406,0.9876752669059738,0.1351168016954057,0.8648831983045943,0.4950697747412957,0.9546426721880417,0.09672552550157663,0.9032744744984234,True,0.7580527455760143,0.7580527455760143,9.460715753306914e-17
PbSe/Cr,signed_current_sweep,nominal_transport,alpha_preserving_flattened,1.9000000000000004,n,-1.9000000000000004,309.894134846523,362.9980470654064,0.2656891500324671,0.3320782362823638,0.2962375388084029,0.5973171102474886,1.356847577491805,0.5973171102474886,0.08211760482965809,0.9178823951703419,0.23510771038349354,0.5583340147447231,0.05657106324171382,0.9434289367582862,True,0.7978713164423361,0.7978713164423361,1.0520449825613686e-16
PbSe/Cr,signed_current_sweep,nominal_transport,original,1.9500000000000002,p,1.9500000000000002,309.894134846523,362.9980470654064,0.30217560604487675,0.3821837121168381,0.5872005854825028,1.0403421613324004,1.425212685670262,1.0403421613324004,0.1502298152502345,0.8497701847497655,0.5080965535931685,1.0003004209035953,0.10135162264388095,0.898648377356119,True,0.7340350894188177,0.7340350894188177,0.0
PbSe/Cr,signed_current_sweep,nominal_transport,original,1.9500000000000002,n,-1.9500000000000002,309.894134846523,362.9980470654064,0.23461660575540594,0.2930442673889453,0.3120341388695158,0.6291686496519042,1.3059774757679012,0.6291686496519042,0.08325359877788009,0.9167464012221199,0.26084139391019306,0.593192133050428,0.06010292904799248,0.9398970709520075,True,0.8076038284335691,0.8076038284335691,1.016527317261443e-16
PbSe/Cr,signed_current_sweep,nominal_transport,alpha_preserving_flattened,1.9500000000000002,p,1.9500000000000002,309.894134846523,362.9980470654064,0.2651609801942654,0.3351984258146746,0.5872005854825028,1.0403421613324004,1.3616105122645665,1.0403421613324004,0.14352559288656852,0.8564744071134315,0.5216173183021728,1.007215462139979,0.10205226280688692,0.897947737193113,True,0.7488819457036482,0.7488819457036482,9.030863806375296e-17
PbSe/Cr,signed_current_sweep,nominal_transport,alpha_preserving_flattened,1.9500000000000002,n,-1.9500000000000002,309.894134846523,362.9980470654064,0.2726809697701636,0.34081713723716284,0.3120341388695158,0.6291684783443494,1.368297128702384,0.6291684783443494,0.08722633526158359,0.9127736647384164,0.24795518782435624,0.5894072734603207,0.05971944259440276,0.9402805574055972,True,0.7909408880286979,0.7909408880286979,1.0056004892034006e-16
PbSe/Cr,signed_current_sweep,nominal_transport,original,2.0,p,2.0,309.894134846523,362.9980470654064,0.3099236985075659,0.3919832944788083,0.6176994982064459,1.0943770270426298,1.439054382968558,1.0943770270426298,0.15956749565483805,0.8404325043451619,0.5346333017804903,1.053332624864499,0.10672490832036159,0.8932750916796384,True,0.72455264396227,0.72455264396227,3.4200827785046085e-16
PbSe/Cr,signed_current_sweep,nominal_transport,original,2.0,n,-2.0,309.894134846523,362.9980470654064,0.24063241615939068,0.30055822296302076,0.3282410402309173,0.6618473102443961,1.3154268018686812,0.6618473102443961,0.08821140698851933,0.9117885930114806,0.2746097458338588,0.6259158941706908,0.06341853925792662,0.9365814607420734,True,0.8008486588924161,0.8008486588924161,1.9458529396638053e-16
PbSe/Cr,signed_current_sweep,nominal_transport,alpha_preserving_flattened,2.0,p,2.0,309.894134846523,362.9980470654064,0.27195997968642605,0.34379325724582005,0.6176994982064459,1.0943770270426298,1.3731898851824857,1.0943770270426298,0.15226420462659565,0.8477357953734044,0.5488195832982037,1.0612559666889023,0.10752771069241297,0.892472289307587,True,0.7395540329902343,0.7395540329902343,0.0
PbSe/Cr,signed_current_sweep,nominal_transport,alpha_preserving_flattened,2.0,n,-2.0,309.894134846523,362.9980470654064,0.27967278950786006,0.3495560381919618,0.3282410402309173,0.6618472414892035,1.3798864519936291,0.6618472414892035,0.09253400690705546,0.9074659930929445,0.26111610551201414,0.6213575953992471,0.06295668703100853,0.9370433129689915,True,0.7839240569249293,0.7839240569249293,1.9251940812627103e-16
PbSe/Cr,signed_current_sweep,nominal_transport,original,2.0500000000000007,p,2.0500000000000007,309.894134846523,362.9980470654064,0.31767179097025516,0.4017828768407786,0.6489705353031477,1.1497798640366639,1.453094751023562,1.1497798640366639,0.16928126167649163,0.8307187383235084,0.5617989120901358,1.1077736245596472,0.11224093484814616,0.8877590651518539,True,0.7149272204718059,0.7149272204718059,1.636884796065658e-16
PbSe/Cr,signed_current_sweep,nominal_transport,original,2.0500000000000007,n,-2.0500000000000007,309.894134846523,362.9980470654064,0.24664822656337557,0.30807217853709634,0.3448582428926077,0.6953533761688975,1.3249876629012942,0.6953533761688975,0.09335071673985834,0.9066492832601416,0.28870783780855785,0.6595702575362264,0.06682843918885202,0.9331715608111479,True,0.7939969248397147,0.7939969248397147,0.0
PbSe/Cr,signed_current_sweep,nominal_transport,alpha_preserving_flattened,2.0500000000000007,p,2.0500000000000007,309.894134846523,362.9980470654064,0.2787589791785868,0.3523880886769657,0.6489705353031477,1.1497798640366639,1.3849329589310648,1.1497798640366639,0.16134061351475207,0.838659386485248,0.5766728547288458,1.116770407988814,0.11315249959416313,0.8868475004058369,True,0.7300675490587912,0.7300675490587912,1.6524472898881345e-16
PbSe/Cr,signed_current_sweep,nominal_transport,alpha_preserving_flattened,2.0500000000000007,n,-2.0500000000000007,309.894134846523,362.9980470654064,0.2866646092455567,0.358294939146761,0.3448582428926077,0.6953533879297149,1.3916188370801452,0.6953533879297149,0.09804515295098178,0.9019548470490182,0.2745880762161096,0.654188432063913,0.06628314626184074,0.9337168537381593,True,0.7768209720063866,0.7768209720063866,0.0
PbSe/Cr,signed_current_sweep,nominal_transport,original,2.1000000000000005,p,2.1000000000000005,309.894134846523,362.9980470654064,0.3254198834329443,0.41158245920274883,0.6810136967726069,1.2065506723145,1.4673379345376705,1.2065506723145,0.17938080387837899,0.820619196121621,0.5895889844671585,1.1636274965621167,0.117900115270444,0.882099884729556,True,0.7051578613614379,0.7051578613614379,3.137389375351663e-16
PbSe/Cr,signed_current_sweep,nominal_transport,original,2.1000000000000005,n,-2.1000000000000005,309.894134846523,362.9980470654064,0.2526640369673603,0.3155861341111718,0.3618857468545865,0.7296866943500989,1.3346634491322413,0.7296866943500989,0.09867529849116484,0.9013247015088351,0.3031336157774208,0.6941602548434475,0.07033313865820494,0.9296668613417951,True,0.7870487818553605,0.7870487818553605,0.0
PbSe/Cr,signed_current_sweep,nominal_transport,alpha_preserving_flattened,2.1000000000000005,p,2.1000000000000005,309.894134846523,362.9980470654064,0.2855579786707474,0.36098292010811117,0.6810136967726069,1.2065506723145,1.3968446240745003,1.2065506723145,0.1707630571403613,0.8292369428596387,0.6051732745304789,1.1737652914380776,0.11892728864679958,0.8810727113532004,True,0.7204210886763189,0.7204210886763189,0.0
PbSe/Cr,signed_current_sweep,nominal_transport,alpha_preserving_flattened,2.1000000000000005,n,-2.1000000000000005,309.894134846523,362.9980470654064,0.29365642898325317,0.36703384010156004,0.3618857468545865,0.7296866372933074,1.4034976045534886,0.7296866372933074,0.10376438668634082,0.8962356133136592,0.2883686664598403,0.687903331945596,0.06969917982423578,0.9303008201757642,True,0.7696320237458171,0.7696320237458171,1.7709789809154549e-16
PbSe/Cr,signed_current_sweep,nominal_transport,original,2.1500000000000004,p,2.1500000000000004,309.894134846523,363.00761305593454,0.3331679758956334,0.42138897674349146,0.7138289826148242,1.2647891890587744,1.4817880039759315,1.2647891890587744,0.18989104038444327,0.8101089596155567,0.6179989455701036,1.2208985082708361,0.12370288196516563,0.8762971180348343,True,0.6952437003616976,0.6952437003616976,1.5049764922767129e-16
PbSe/Cr,signed_current_sweep,nominal_transport,original,2.1500000000000004,n,-2.1500000000000004,309.894134846523,362.9980470654064,0.25867984737134503,0.32310008968524734,0.3793235521168539,0.7648473462750665,1.344457714901057,0.7648473462750665,0.10418907117570123,0.8958109288242988,0.31788498158683515,0.7296910622433831,0.07393316211973434,0.9260668378802657,True,0.7800045958907738,0.7800045958907738,8.596306609820563e-17
PbSe/Cr,signed_current_sweep,nominal_transport,alpha_preserving_flattened,2.1500000000000004,p,2.1500000000000004,309.894134846523,363.0279063406713,0.29235697816290807,0.36961256372121004,0.7138289826148242,1.2650006636739966,1.4089299706129879,1.2650006636739966,0.1805844768913831,0.8194155231086169,0.6343168284389401,1.2322474288550609,0.12485276803182219,0.8751472319681778,True,0.7106132566081665,0.7106132566081665,0.0
PbSe/Cr,signed_current_sweep,nominal_transport,alpha_preserving_flattened,2.1500000000000004,n,-2.1500000000000004,309.894134846523,362.9980470654064,0.30064824872094964,0.375772741056359,0.3793235521168539,0.7648473387115889,1.4155262096527765,0.7648473387115889,0.10969654003659256,0.8903034599634074,0.3024553933748856,0.7225059456251968,0.07320515759937148,0.9267948424006285,True,0.7623577473942381,0.7623577473942381,2.5523753016119705e-16
PbSe/Cr,signed_current_sweep,nominal_transport,original,2.2,p,2.2,309.894134846523,363.08278798734057,0.3409160683583225,0.4312442861399459,0.7474163928297995,1.3251201148665805,1.4964489330170783,1.3251201148665805,0.20091733178208154,0.7990826682179184,0.6470240337302656,1.2795911335721222,0.12964968823176817,0.8703503117682319,True,0.6851839686066995,0.6851839686066995,0.0
PbSe/Cr,signed_current_sweep,nominal_transport,original,2.2,n,-2.2,309.894134846523,362.9980470654064,0.26469565777532983,0.3306140452593228,0.39717165867940996,0.800835232000732,1.35437418946943,0.800835232000732,0.10989605298869305,0.8901039470113069,0.33295979017290356,0.7661680077280879,0.07762904941190167,0.9223709505880984,True,0.7728649845013369,0.7728649845013369,1.6535117519561482e-16
PbSe/Cr,signed_current_sweep,nominal_transport,alpha_preserving_flattened,2.2,p,2.2,309.894134846523,363.1312956281474,0.29915597765506863,0.3783313768378659,0.7474163928297995,1.3256477737565429,1.421194208741618,1.3256477737565429,0.19088940775438482,0.8091105922456152,0.6640993326215321,1.292223963907011,0.13092966155405192,0.869070338445948,True,0.7006428895642733,0.7006428895642733,2.917211182054957e-16
PbSe/Cr,signed_current_sweep,nominal_transport,alpha_preserving_flattened,2.2,n,-2.2,309.894134846523,362.9980470654064,0.3076400684586461,0.38451164201115806,0.39717165867940996,0.8008352463536234,1.4277081985953435,0.8008352463536234,0.11584649196445923,0.8841535080355407,0.3168457214015111,0.758000031066926,0.07680146034862975,0.9231985396513702,True,0.7549988273365463,0.7549988273365463,1.6366652644784862e-16
PbSe/Cr,signed_current_sweep,nominal_transport,original,2.25,p,2.25,309.894134846523,363.230110265677,0.34866416082101165,0.4411555953775676,0.781775927417533,1.3877106633458192,1.5113245444462364,1.3877106633458192,0.21249901220689424,0.7875009877931057,0.6766592810387759,1.3400458549580785,0.13577503215936101,0.864224967840639,True,0.6749780516777186,0.6749780516777186,0.0
PbSe/Cr,signed_current_sweep,nominal_transport,original,2.25,n,-2.25,309.894134846523,362.9980470654064,0.2707114681793145,0.33812800083339833,0.4154300665422547,0.8376505731392866,1.3644167956610436,0.8376505731392866,0.1158004378331713,0.8841995621668287,0.34835584662277047,0.8035965795081282,0.08142135660669755,0.9185786433933024,True,0.7656307526648124,0.7656307526648124,0.0
PbSe/Cr,signed_current_sweep,nominal_transport,alpha_preserving_flattened,2.25,p,2.25,309.894134846523,363.3057249585275,0.3059549771472293,0.3871417316316933,0.781775927417533,1.3885661927507924,1.4336427390581477,1.3885661927507924,0.2017008746286797,0.7982991253713203,0.6945164178684832,1.353741090271692,0.13716264961159666,0.8628373503884034,True,0.6905089485635261,0.6905089485635261,1.4019530439631704e-16
PbSe/Cr,signed_current_sweep,nominal_transport,alpha_preserving_flattened,2.25,n,-2.25,309.894134846523,362.9980470654064,0.31463188819634264,0.393250542965957,0.4154300665422547,0.8376505440629264,1.4400471394221832,0.8376505440629264,0.12221931303346992,0.8777806869665301,0.33153705883304835,0.7943894594553924,0.08048848030501725,0.9195115196949828,True,0.747556305609413,0.747556305609413,1.5758036119887128e-16
PbSe/Cr,signed_current_sweep,nominal_transport,original,2.3000000000000007,p,2.3000000000000007,309.894134846523,363.44695855895054,0.3564122532837009,0.45112238728098314,0.8169075863780252,1.452629333128414,1.5264185126619139,1.452629333128414,0.22466151793056713,0.7753384820694329,0.7068994942062392,1.4027561655733296,0.1421289150574769,0.8578710849425231,True,0.6646254769372465,0.6646254769372465,0.0
PbSe/Cr,signed_current_sweep,nominal_transport,original,2.3000000000000007,n,-2.3000000000000007,309.894134846523,362.9980470654064,0.2767272785832994,0.34564195640747397,0.43409877570538846,0.8752931268502755,1.374589654921005,0.8752931268502755,0.12190649475870054,0.8780935052412995,0.364070903115951,0.8419824340716163,0.0853106568261928,0.9146893431738072,True,0.75830304950929,0.75830304950929,1.5340035691257995e-16
PbSe/Cr,signed_current_sweep,nominal_transport,alpha_preserving_flattened,2.3000000000000007,p,2.3000000000000007,309.894134846523,363.5488142080473,0.31275397663939003,0.3960454540839643,0.8169075863780252,1.453823719060167,1.4462811409507026,1.453823719060167,0.2130417534173359,0.7869582465826641,0.7255635126907527,1.4173774320704586,0.14361035908531608,0.856389640914684,True,0.6802105955306336,0.6802105955306336,0.0
PbSe/Cr,signed_current_sweep,nominal_transport,alpha_preserving_flattened,2.3000000000000007,n,-2.3000000000000007,309.894134846523,362.9980470654064,0.3216237079340392,0.40198944392075625,0.43409877570538846,0.8752931131213273,1.4525467665797178,0.8752931131213273,0.12882017653448682,0.8711798234655131,0.34652675420601825,0.8316782208647083,0.08426662174756587,0.9157333782524342,True,0.7400314240782384,0.7400314240782384,3.0372577043733717e-16
PbSe/Cr,signed_current_sweep,nominal_transport,original,2.3500000000000005,p,2.3500000000000005,309.894134846523,363.73119381042005,0.36416034574639006,0.4611432721559894,0.8528113697112748,1.5199416000870642,1.5417342327289296,1.5199416000870642,0.23743059005935077,0.7625694099406493,0.7377392332449371,1.467787519603956,0.1487179688217239,0.851282031178276,True,0.6541260499456012,0.6541260499456012,1.2869386073785927e-16
PbSe/Cr,signed_current_sweep,nominal_transport,original,2.3500000000000005,n,-2.3500000000000005,309.894134846523,362.9980470654064,0.2827430889872842,0.3531559119815494,0.45317778616881044,0.9137629833536202,1.3848971048474161,0.9137629833536202,0.12821868625489083,0.8717813137451091,0.38010265575563473,0.8813314048284168,0.08929754111837955,0.9107024588816205,True,0.7508833700956528,0.7508833700956528,1.4795354588905856e-16
PbSe/Cr,signed_current_sweep,nominal_transport,alpha_preserving_flattened,2.3500000000000005,p,2.3500000000000005,309.894134846523,363.85854390533706,0.31955297613155065,0.4050441468885247,0.8528113697112748,1.521483647321841,1.459115197329263,1.521483647321841,0.22493504522331415,0.7750649547766859,0.7572358245593612,1.483363089862339,0.15029610403620763,0.8497038959637924,True,0.6697472059351515,0.6697472059351515,1.2984741245912056e-16
PbSe/Cr,signed_current_sweep,nominal_transport,alpha_preserving_flattened,2.3500000000000005,n,-2.3500000000000005,309.894134846523,362.9980470654064,0.32861552767173563,0.41072834487555526,0.45317778616881044,0.9137630251739605,1.465210862471214,0.9137630251739605,0.13565442502048694,0.864345574979513,0.36181209254127566,0.8698704303300876,0.0881363016165142,0.9118636983834858,True,0.7324257040637662,0.7324257040637662,0.0
PbSe/Cr,signed_current_sweep,nominal_transport,original,2.4000000000000004,p,2.4000000000000004,309.894134846523,364.0809936224948,0.37190843820907915,0.47121585889836265,0.8894872774172822,1.5897073025842543,1.5572746880538346,1.5897073025842543,0.2508318310565266,0.7491681689434734,0.7691727877834162,1.5351987754762781,0.15554815705752406,0.8444518429424759,True,0.6434800117560519,0.6434800117560519,2.480110230589878e-16
PbSe/Cr,signed_current_sweep,nominal_transport,original,2.4000000000000004,n,-2.4000000000000004,309.894134846523,363.0058999528798,0.28875889939126886,0.360683287484718,0.472667097932521,0.953060212735557,1.395343721394676,0.953060212735557,0.13474162994869904,0.865258370051301,0.39644874129380825,0.9216495109339891,0.0933826193512135,0.9066173806487865,True,0.7433734934409407,0.7433734934409407,1.428185935423135e-16
PbSe/Cr,signed_current_sweep,nominal_transport,alpha_preserving_flattened,2.4000000000000004,p,2.4000000000000004,309.894134846523,364.23335008241384,0.3263519756237113,0.4141393367455205,0.8894872774172822,1.591605030144428,1.472150854076672,1.591605030144428,0.23740391298978802,0.762596087010212,0.7895283191155323,1.551753904773197,0.15722554235323982,0.8427744576467602,True,0.6591185219233505,0.6591185219233505,0.0
PbSe/Cr,signed_current_sweep,nominal_transport,alpha_preserving_flattened,2.4000000000000004,n,-2.4000000000000004,309.894134846523,362.9980470654064,0.33560734740943216,0.4194672458303542,0.472667097932521,0.9530601638689776,1.4780432606621574,0.9530601638689776,0.14272751925666163,0.8572724807433384,0.37739029144128633,0.9089296642894547,0.09209382943344026,0.9079061705665598,True,0.7247411516133476,0.7247411516133476,1.414071846194735e-16
PbSe/Cr,signed_current_sweep,nominal_transport,original,2.45,p,2.45,309.894134846523,364.4952109394211,0.37965653067176824,0.48133698195407126,0.926935309496048,1.6619840060331372,1.573042508023305,1.6619840060331372,0.2648912137609512,0.7351087862390489,0.8011941512069719,1.6050452279445622,0.1626250822948289,0.8373749177051711,True,0.6326879317470852,0.6326879317470852,3.5871301968077857e-16
PbSe/Cr,signed_current_sweep,nominal_transport,original,2.45,n,-2.45,309.894134846523,363.06448094632356,0.29477470979525366,0.36829975288927674,0.49256671099652033,0.9931846678419092,1.4059343189575912,0.9931846678419092,0.14148007892062156,0.8585199210793785,0.4131067337747436,0.9629429663162752,0.0975665211272288,0.9024334788727713,True,0.7357757878894885,0.7357757878894885,0.0
PbSe/Cr,signed_current_sweep,nominal_transport,alpha_preserving_flattened,2.45,p,2.45,309.894134846523,364.6720490155896,0.333150975115872,0.4233324001583748,0.926935309496048,1.664240557227685,1.485394169545469,1.664240557227685,0.25047135832052736,0.7495286416794726,0.8224356975353727,1.6226034269550484,0.16440409980119908,0.8355959001988009,True,0.6483248431907234,0.6483248431907234,2.4125229638165907e-16
PbSe/Cr,signed_current_sweep,nominal_transport,alpha_preserving_flattened,2.45,n,-2.45,309.894134846523,363.0284201051843,0.3425991671471287,0.4282430187313112,0.49256671099652033,0.993184709478509,1.4910480132217734,0.993184709478509,0.1500451312584243,0.8499548687415757,0.39325849706190347,0.9489823158177467,0.0961520114943009,0.9038479885056991,True,0.71698001310583,0.71698001310583,2.732286761887236e-16
PbSe/Cr,signed_current_sweep,nominal_transport,original,2.5,p,2.5,309.894134846523,364.9728067720786,0.3874046231344574,0.49150221199066163,0.9651554659475716,1.7368184103523157,1.5890400029041878,1.7368184103523157,0.27963369347667766,0.7203663065233223,0.8337969911867407,1.6773730863737786,0.16995342652119252,0.8300465734788075,True,0.6217506706351518,0.6217506706351518,0.0
PbSe/Cr,signed_current_sweep,nominal_transport,original,2.5,n,-2.5,309.894134846523,363.1780614537659,0.30079052019923835,0.37601850742125414,0.5128766253608082,1.0341365116525896,1.4166739879861687,1.0341365116525896,0.14843900895594922,0.8515609910440508,0.4300741411129237,1.0052181887943912,0.10184989670745467,0.8981501032925453,True,0.728092978993975,0.728092978993975,0.0
PbSe/Cr,signed_current_sweep,nominal_transport,alpha_preserving_flattened,2.5,p,2.5,309.894134846523,365.1737788899703,0.3399499746080325,0.43262448966149847,0.9651554659475716,1.7394339815700168,1.4988514237053119,1.7394339815700168,0.26415983800017906,0.7358401619998209,0.855952370857748,1.6959546201099691,0.17183612951323338,0.8281638704867667,True,0.6373668889383022,0.6373668889383022,1.1638017756663207e-16
PbSe/Cr,signed_current_sweep,nominal_transport,alpha_preserving_flattened,2.5,n,-2.5,309.894134846523,363.11506236992864,0.3495909868848251,0.43708986863113425,0.5128766253608082,1.0341365137381955,1.504229073134618,1.0341365137381955,0.15761302544034836,0.8423869745596516,0.40941377997498235,0.9899109033480717,0.10029894442768246,0.8997010555723175,True,0.7091451460784536,0.7091451460784536,1.320799905030532e-16
PbSe/Cr,signed_current_sweep,nominal_transport,original,2.5500000000000007,p,2.5500000000000007,309.894134846523,365.5130612956637,0.3951527155971466,0.5017059190976125,1.004147746771854,1.8142465485925603,1.6052685165267053,1.8142465485925603,0.29508303953413,0.70491696046587,0.8669746177947717,1.7522209646710782,0.17753710214339258,0.8224628978566074,True,0.6106700893014687,0.6106700893014687,1.1138233075626808e-16
PbSe/Cr,signed_current_sweep,nominal_transport,original,2.5500000000000007,n,-2.5500000000000007,309.894134846523,363.34449296642583,0.3068063306032232,0.38384187097474365,0.5335968410253853,1.075915617986286,1.4275680974043057,1.075915617986286,0.15562354369205825,0.8443764563079418,0.44734840164070006,1.0484818092540604,0.10623341794108122,0.8937665820589188,True,0.7203284584388326,0.7203284584388326,0.0
PbSe/Cr,signed_current_sweep,nominal_transport,alpha_preserving_flattened,2.5500000000000007,p,2.5500000000000007,309.894134846523,365.73811971258334,0.34674897410019323,0.44201667355247853,1.004147746771854,1.817219171618258,1.512529069171183,1.817219171618258,0.27849108337355605,0.7215089166264439,0.8900724323097895,1.7718415145427175,0.17952507948010057,0.8204749205198995,True,0.6262460054000005,0.6262460054000005,0.0
PbSe/Cr,signed_current_sweep,nominal_transport,alpha_preserving_flattened,2.5500000000000007,n,-2.5500000000000007,309.894134846523,363.25557023421896,0.3565828066225217,0.4460085618032938,0.5335968410253853,1.0759156058422399,1.517590649452661,1.0759156058422399,0.16543717424440615,0.8345628257555938,0.4258531309517544,1.0317607749212951,0.10453922295076128,0.8954607770492388,True,0.7012398315923315,0.7012398315923315,0.0
PbSe/Cr,signed_current_sweep,nominal_transport,original,2.6000000000000005,p,2.6000000000000005,309.894134846523,366.1158860327733,0.4029008080598358,0.5119413443036456,1.0439121519688939,1.8942949967125726,1.621728827936569,1.8942949967125726,0.3112619999688854,0.6887380000311146,0.9007199477688576,1.8296130463782356,0.18537855946650628,0.8146214405334937,True,0.5994485891585206,0.5994485891585206,1.0759266768234163e-16
PbSe/Cr,signed_current_sweep,nominal_transport,original,2.6000000000000005,n,-2.6000000000000005,309.894134846523,363.5619480545794,0.312822141007208,0.3917726188087382,0.5547273579902504,1.1185219470688443,1.4386223274598025,1.1185219470688443,0.16303902176965096,0.8369609782303491,0.4649268806640532,1.0927406806882667,0.11071777918146905,0.8892822208185309,True,0.7124861984161516,0.7124861984161516,1.249140921094616e-16
PbSe/Cr,signed_current_sweep,nominal_transport,alpha_preserving_flattened,2.6000000000000005,p,2.6000000000000005,309.894134846523,366.3647779070176,0.3535479735923539,0.45150949516458366,1.0439121519688939,1.8976127124085442,1.5264335572562366,1.8976127124085442,0.29348488603826106,0.7065151139617389,0.9247896264659295,1.8502829292050873,0.18747285646027131,0.8125271435397287,True,0.6149646415369966,0.6149646415369966,0.0
PbSe/Cr,signed_current_sweep,nominal_transport,alpha_preserving_flattened,2.6000000000000005,n,-2.6000000000000005,309.894134846523,363.4479250949194,0.3635746263602182,0.45499988206345415,0.5547273579902504,1.1185220504627285,1.5311369071833292,1.1185220504627285,0.17352371213306464,0.8264762878669354,0.4425734567045858,1.074536765777533,0.10887333697578913,0.8911266630242108,True,0.6932679799246783,0.6932679799246783,0.0
PbSe/Cr,signed_current_sweep,nominal_transport,original,2.6500000000000004,p,2.6500000000000004,309.894134846523,366.7811269126626,0.4106489005225249,0.5221999552860338,1.0844486815386918,1.9769677242397952,1.638420877928518,1.9769677242397952,0.3281899722371642,0.6718100277628358,0.9350254650336398,1.9095574915262952,0.19347862527453763,0.8065213747254624,True,0.588089397196331,0.588089397196331,2.079707163006933e-16
PbSe/Cr,signed_current_sweep,nominal_transport,original,2.6500000000000004,n,-2.6500000000000004,309.894134846523,363.8286486545998,0.31883795141119275,0.3998135235016992,0.5762681762554043,1.1619557841903563,1.4498426831640152,1.1619557841903563,0.17069104529483978,0.8293089547051602,0.48280686708313225,1.1380018869826283,0.1153036981762938,0.8846963018237062,True,0.7045709471804196,0.7045709471804196,1.2099714410718e-16
PbSe/Cr,signed_current_sweep,nominal_transport,alpha_preserving_flattened,2.6500000000000004,p,2.6500000000000004,309.894134846523,367.05420196146525,0.3603469730845146,0.4611037241682662,1.0844486815386918,1.9806177102336198,1.5405716140242522,1.9806177102336198,0.3091596480080641,0.6908403519919359,0.9600973153862765,1.9312805250511578,0.1956796287435789,0.8043203712564211,True,0.6035259552811353,0.6035259552811353,0.0
PbSe/Cr,signed_current_sweep,nominal_transport,alpha_preserving_flattened,2.6500000000000004,n,-2.6500000000000004,309.894134846523,363.6904018703474,0.3705664460979147,0.464064559855117,0.5762681762554043,1.1619555847085965,1.5448721863219828,1.1619555847085965,0.18187890736123893,0.8181210926387611,0.4595715756422991,1.118243874445454,0.11330179295960714,0.8866982070403928,True,0.6852341772297529,0.6852341772297529,0.0
PbSe/Cr,signed_current_sweep,nominal_transport,original,2.7,p,2.7,309.894134846523,367.50935465641203,0.41839699298521404,0.5324717408995041,1.1257573354812476,2.0622515500544507,1.6553431160680157,2.0622515500544507,0.34588356009552307,0.654116439904477,0.9698831770882762,1.9920407605060866,0.2018359277182594,0.7981640722817406,True,0.5765972711561235,0.5765972711561235,2.0109337762027285e-16
PbSe/Cr,signed_current_sweep,nominal_transport,original,2.7,n,-2.7,309.894134846523,364.14332117275876,0.32485376181517744,0.407968246283419,0.5982192958208469,1.206216738816577,1.4612355253228935,1.206216738816577,0.17858534935841652,0.8214146506415835,0.5009855701441355,1.1842727512141993,0.11999191690839049,0.8800080830916095,True,0.6965882422142406,0.6965882422142406,1.1727082731905782e-16
PbSe/Cr,signed_current_sweep,nominal_transport,alpha_preserving_flattened,2.7,p,2.7,309.894134846523,367.80661081853793,0.3671459725766752,0.4707990151836076,1.1257573354812476,2.066205438392571,1.5549498592529345,2.066205438392571,0.32552934495141045,0.6744706550485895,0.9959884415000662,2.0148130146700107,0.20414323946435237,0.7958567605356477,True,0.5919347084148223,0.5919347084148223,1.0140434248656614e-16
PbSe/Cr,signed_current_sweep,nominal_transport,alpha_preserving_flattened,2.7,n,-2.7,309.894134846523,363.9814818242621,0.37755826583561114,0.47320319055262094,0.5982192958208469,1.206216705208869,1.5588008170628938,1.206216705208869,0.19050931620186964,0.8094906837981304,0.4768442137021304,1.1628872687725547,0.11782511451464062,0.8821748854853594,True,0.6771437452534197,0.6771437452534197,2.322942593897114e-16
PbSe/Cr,signed_current_sweep,nominal_transport,original,2.75,p,2.75,309.894134846523,368.30112910072836,0.42614508544790314,0.5427444837106215,1.1678381137965617,2.15009980504553,1.6724931311409137,2.15009980504553,0.36435372777546743,0.6356462722245326,1.00528456699335,2.0770219011476536,0.21044631747533896,0.7895536825246611,True,0.5649778467409124,0.5649778467409124,0.0
PbSe/Cr,signed_current_sweep,nominal_transport,original,2.75,n,-2.75,309.894134846523,364.5046351431909,0.33086957221916224,0.41624032551015344,0.620580716686578,1.2513051685259546,1.4728075871108983,1.2513051685259546,0.18672802587636578,0.8132719741236343,0.5194601164191365,1.231560843205374,0.12478320236112406,0.8752167976388759,True,0.688544623706416,0.688544623706416,0.0
PbSe/Cr,signed_current_sweep,nominal_transport,alpha_preserving_flattened,2.75,p,2.75,309.894134846523,368.6227927241581,0.3739449720688358,0.4805948571467443,1.1678381137965617,2.154318926099914,1.569575047657567,2.154318926099914,0.34260392754238994,0.65739607245761,1.032455487115455,2.100828298235966,0.21285840980658627,0.7871415901934138,True,0.5801970327947743,0.5801970327947743,2.9426613749584557e-16
PbSe/Cr,signed_current_sweep,nominal_transport,alpha_preserving_flattened,2.75,n,-2.75,309.894134846523,364.31980190579776,0.3845500855733076,0.48241618772377215,0.620580716686578,1.25130492742713,1.5729272925452167,1.25130492742713,0.199421536229882,0.800578463770118,0.49438800035273234,1.2084722914956578,0.12244384297330829,0.8775561570266917,True,0.6690028758919514,0.6690028758919514,1.1263578282958708e-16
PbSe/Cr,signed_current_sweep,nominal_transport,original,2.8000000000000007,p,2.8000000000000007,309.894134846523,369.1576154838335,0.43389317791059234,0.5530037860126336,1.2106910164846345,2.2404323330221247,1.689866181273393,2.2404323330221247,0.3836051251038647,0.6163948748961353,1.0412205407585433,2.1644231490852786,0.21930191536819654,0.7806980846318035,True,0.5532391362898786,0.5532391362898786,0.0
PbSe/Cr,signed_current_sweep,nominal_transport,original,2.8000000000000007,n,-2.8000000000000007,309.894134846523,364.911606709089,0.33688538262314704,0.4246339848417144,0.6433524388525983,1.2972202693425297,1.484566014477817,1.2972202693425297,0.1951252600301911,0.8048747399698089,0.5382275471162926,1.279873985992642,0.12967834717381133,0.8703216528261887,True,0.6804475952315648,0.6804475952315648,2.206726979574505e-16
PbSe/Cr,signed_current_sweep,nominal_transport,alpha_preserving_flattened,2.8000000000000007,p,2.8000000000000007,309.894134846523,369.5041848483193,0.3807439715609966,0.49049055325214713,1.2106910164846345,2.244864976741153,1.5844537887957,2.244864976741153,0.3603877798120966,0.6396122201879034,1.0694904305734885,2.189241705810758,0.22181656091191662,0.7781834390880834,True,0.5683211758111129,0.5683211758111129,1.898392970097661e-16
PbSe/Cr,signed_current_sweep,nominal_transport,alpha_preserving_flattened,2.8000000000000007,n,-2.8000000000000007,309.894134846523,364.70425750647945,0.39154190531100425,0.4917039337076956,0.6433524388525983,1.2972207952453119,1.587256029498433,1.2972207952453119,0.2086224984475172,0.7913775015524828,0.512199464879619,1.2550044651375294,0.12715853788415352,0.8728414621158465,True,0.6608187620031379,0.6608187620031379,0.0
PbSe/Cr,signed_current_sweep,nominal_transport,original,2.8500000000000005,p,2.8500000000000005,309.894134846523,370.0799787041304,0.4416412703732815,0.5632323724791084,1.2543160435454646,2.333117049716296,1.7074561798305232,2.333117049716296,0.4036327053155593,0.5963672946844407,1.0776813701110985,2.2541278137012055,0.2283908981653212,0.7716091018346788,True,0.5413906359947542,0.5413906359947542,0.0
PbSe/Cr,signed_current_sweep,nominal_transport,original,2.8500000000000005,n,-2.8500000000000005,309.894134846523,365.3634162823711,0.3429011930271318,0.43315383295076915,0.6665344623189067,1.3439631075654612,1.4965183747200734,1.3439631075654612,0.20378379960149262,0.7962162003985074,0.5572848158732874,1.3292202607957164,0.1346781701451989,0.8653218298548011,True,0.6723060119066453,0.6723060119066453,1.0710439214031892e-16
PbSe/Cr,signed_current_sweep,nominal_transport,alpha_preserving_flattened,2.8500000000000005,p,2.8500000000000005,309.894134846523,370.4518934013939,0.38754297105315716,0.5004837872459604,1.2543160435454646,2.337690267352211,1.5995926301706513,2.337690267352211,0.3788755831860419,0.621124416813958,1.1070846992502765,2.2799174453235933,0.2310039341670014,0.7689960658329986,True,0.556317664166807,0.556317664166807,0.0
PbSe/Cr,signed_current_sweep,nominal_transport,alpha_preserving_flattened,2.8500000000000005,n,-2.8500000000000005,309.894134846523,365.13392617119825,0.3985337250487007,0.5010666923531308,0.6665344623189067,1.3439636193741469,1.6017917025865491,1.3439636193741469,0.21811915519674585,0.7818808448032541,0.5302750330935598,1.3024894959476547,0.13196977741112828,0.8680302225888717,True,0.652599584895528,0.652599584895528,0.0
PbSe/Cr,signed_current_sweep,nominal_transport,original,2.9000000000000004,p,2.9000000000000004,309.894134846523,371.06993257094945,0.4493893628359706,0.5734098851699604,1.2987131949790527,2.427964102398615,1.7252538527325199,2.427964102398615,0.4244196881383736,0.5755803118616264,1.114656630864412,2.345953320623737,0.23769476721526978,0.7623052327847302,True,0.5294451340751453,0.5294451340751453,1.7649186519172891e-16
PbSe/Cr,signed_current_sweep,nominal_transport,original,2.9000000000000004,n,-2.9000000000000004,309.894134846523,365.8593331467081,0.3489170034311166,0.4418047452423476,0.6901267870855038,1.391534095415361,1.5086727104551685,1.391534095415361,0.21271060420510426,0.7872893957948958,0.5766287872047919,1.3796080099687738,0.1397835165324863,0.8602164834675137,True,0.6641299334927895,0.6641299334927895,1.0401520626823138e-16
PbSe/Cr,signed_current_sweep,nominal_transport,alpha_preserving_flattened,2.9000000000000004,p,2.9000000000000004,309.894134846523,371.46776976837003,0.3943419705453178,0.510571836849666,1.2987131949790527,2.4325812220984293,1.614997724065693,2.4325812220984293,0.39805173314345654,0.6019482668565435,1.1452291199200852,2.3726734661544837,0.24040208398754057,0.7595979160124594,True,0.5442002078116165,0.5442002078116165,0.0
PbSe/Cr,signed_current_sweep,nominal_transport,alpha_preserving_flattened,2.9000000000000004,n,-2.9000000000000004,309.894134846523,365.608030588851,0.4055255447863972,0.5105045646500004,0.6901267870855038,1.3915340807429917,1.6165387700355724,1.3915340807429917,0.22791884050576247,0.7720811594942375,0.5486110246494574,1.350933276555073,0.13687815860238164,0.8631218413976184,True,0.6443549436204092,0.6443549436204092,0.0
PbSe/Cr,signed_current_sweep,nominal_transport,original,2.95,p,2.95,309.894134846523,372.12939479945373,0.4571374552986598,0.5835121777065005,1.3438824707853987,2.5247049679155316,1.7432475984176983,2.5247049679155316,0.445933361984215,0.554066638015785,1.152135137531863,2.439659500689938,0.24718918829417932,0.7528108117058206,True,0.517418055656164,0.517418055656164,0.0
PbSe/Cr,signed_current_sweep,nominal_transport,original,2.95,n,-2.95,309.894134846523,366.3988112108629,0.35493281383510134,0.4505920988884695,0.7141294131523895,1.43993166531324,1.5210375493249373,1.43993166531324,0.22191265651556247,0.7780873434844375,0.5962562358288478,1.431045837294104,0.14499525808107894,0.8550047419189211,True,0.6559310771970994,0.6559310771970994,1.0105939220343245e-16
PbSe/Cr,signed_current_sweep,nominal_transport,alpha_preserving_flattened,2.95,p,2.95,309.894134846523,372.5537775727196,0.40114097003747845,0.5207505182835254,1.3438824707853987,2.529238396798529,1.6306750322006671,2.529238396798529,0.4178856351818294,0.5821143648181706,1.1839138677319818,2.467256483879116,0.2499853472958645,0.7500146527041355,True,0.5319858344249689,0.5319858344249689,0.0
PbSe/Cr,signed_current_sweep,nominal_transport,alpha_preserving_flattened,2.95,n,-2.95,309.894134846523,366.12603018213616,0.41251736452409365,0.5200176136457818,0.7141294131523895,1.4399315818662153,1.631501909215078,1.4399315818662153,0.2380289046534144,0.7619710953465856,0.5672036511929663,1.4003418869143152,0.14188429748610312,0.8581157025138969,True,0.6360956185194689,0.6360956185194689,1.0010590561405211e-16
PbSe/Cr,signed_current_sweep,nominal_transport,original,3.0,p,3.0,309.894134846523,373.2609445808527,0.4648855477613489,0.5935964967931923,1.3898238709645034,2.6280124676246133,1.7614294930283574,2.6280124676246133,0.4690217034442933,0.5309782965557067,1.1901048691535723,2.5401278447696924,0.2573687598349257,0.7426312401650743,True,0.5052989827805994,0.5052989827805994,1.65664732420485e-16
PbSe/Cr,signed_current_sweep,nominal_transport,original,3.0,n,-3.0,309.894134846523,366.98141511492275,0.360948624239086,0.45952166098210684,0.7385423405195639,1.4891559868425353,1.5336219465098822,1.4891559868425353,0.23139755256514824,0.7686024474348517,0.6161638471302479,1.4835426048495435,0.15031429270719274,0.8496857072928072,True,0.6477228756578295,0.6477228756578295,9.822836594870859e-17
PbSe/Cr,signed_current_sweep,nominal_transport,alpha_preserving_flattened,3.0,p,3.0,309.894134846523,373.712815894838,0.40793996952963907,0.5311133810821774,1.3898238709645034,2.6420609917102476,1.6466434839860709,2.6420609917102476,0.44080110402533107,0.559198895974669,1.223128326080566,2.5739698646281592,0.260797673343833,0.7392023266561669,True,0.5195396983637285,0.5195396983637285,0.0
PbSe/Cr,signed_current_sweep,nominal_transport,alpha_preserving_flattened,3.0,n,-3.0,309.894134846523,366.68728420308975,0.4195091842617901,0.5296054011195357,0.7385423405195639,1.4891565541087393,1.6466857368567893,1.4891565541087393,0.2484570564274094,0.7515429435725907,0.5860490156273092,1.450721593025137,0.1469888289408047,0.8530111710591953,True,0.6278341188559373,0.6278341188559373,0.0
PbSe/Cr,signed_current_sweep,nominal_transport,original,3.0500000000000007,p,3.0500000000000007,309.894134846523,374.46744398346067,0.4726336402240381,0.6040474191262081,1.4365373955163663,2.755239515637783,1.7798999830906872,2.755239515637783,0.4968842283843919,0.503115771615608,1.2285522772515887,2.664326556568833,0.2699527203212682,0.7300472796787318,True,0.49272841018870533,0.49272841018870533,1.6056196129011736e-16
PbSe/Cr,signed_current_sweep,nominal_transport,original,3.0500000000000007,n,-3.0500000000000007,309.894134846523,367.60681470577447,0.3669644346430709,0.4685996136046531,0.7633655691870272,1.5392086521769044,1.5464355247786787,1.5392086521769044,0.24117349014620582,0.7588265098537942,0.636348219104335,1.537107425509693,0.15574154373806864,0.8442584562619313,True,0.6395206174599463,0.6395206174599463,0.0
PbSe/Cr,signed_current_sweep,nominal_transport,alpha_preserving_flattened,3.0500000000000007,p,3.0500000000000007,309.894134846523,374.94805824892643,0.41473896902179985,0.5417360770029114,1.4365373955163663,2.7708454559214806,1.6629511070804035,2.7708454559214806,0.46686577609582286,0.5331342239041772,1.2628602243672735,2.7001623938884447,0.2735836497753055,0.7264163502246945,True,0.5065897188535915,0.5065897188535915,0.0
PbSe/Cr,signed_current_sweep,nominal_transport,alpha_preserving_flattened,3.0500000000000007,n,-3.0500000000000007,309.894134846523,367.2916074738773,0.42650100399948676,0.5392677364731217,0.7633655691870272,1.539208331969828,1.6620947719838086,1.539208331969828,0.2592110096407305,0.7407889903592695,0.6051431128256243,1.5020788428141054,0.1521924062780382,0.8478075937219618,True,0.6195847028122292,0.6195847028122292,0.0
PbSe/Cr,signed_current_sweep,nominal_transport,original,3.1000000000000005,p,3.1000000000000005,309.894134846523,375.7532103655807,0.48038173268672724,0.6146613479795175,1.4840230444409865,2.889589328483094,1.7986770670945715,2.889589328483094,0.5266105759912805,0.47338942400871953,1.2674618977324752,2.7955774365317514,0.2832512148332095,0.7167487851667905,True,0.47976965541735,0.47976965541735,0.0
PbSe/Cr,signed_current_sweep,nominal_transport,original,3.1000000000000005,n,-3.1000000000000005,309.894134846523,368.27491043290985,0.3729802450470556,0.47783288500496457,0.7885990991547791,1.5900871007520954,1.5594884910712008,1.5900871007520954,0.2512484221910623,0.7487515778089378,0.6568058665637136,1.591749649957766,0.16127795859599767,0.8387220414040023,True,0.631341888827151,0.631341888827151,1.8581987047770496e-16
PbSe/Cr,signed_current_sweep,nominal_transport,alpha_preserving_flattened,3.1000000000000005,p,3.1000000000000005,309.894134846523,376.2639256553656,0.4215379685139604,0.5525977736012052,1.4840230444409865,2.9069036961390555,1.6796206842987962,2.9069036961390555,0.4947002308178507,0.5052997691821492,1.3030959145567202,2.833538243598925,0.2870974487372739,0.7129025512627261,True,0.4932368170633659,0.4932368170633659,1.5690654205384534e-16
PbSe/Cr,signed_current_sweep,nominal_transport,alpha_preserving_flattened,3.1000000000000005,n,-3.1000000000000005,309.894134846523,367.9386047079491,0.4334928237371832,0.5490037534543014,0.7885990991547791,1.5900880428451099,1.6777335960072242,1.5900880428451099,0.2702989929156798,0.7297010070843202,0.6244818327181682,1.554420258426788,0.15749570046143074,0.8425042995385692,True,0.6113634977734496,0.6113634977734496,9.203827765858775e-17
PbSe/Cr,signed_current_sweep,nominal_transport,original,3.1500000000000004,p,3.1500000000000004,309.894134846523,377.12296626949166,0.48812982514941633,0.6254709595274132,1.5322808177383653,3.0316636335249525,1.8177829356786368,3.0316636335249525,0.5583715613901288,0.4416284386098712,1.3068167549226575,2.9344720035635086,0.29732417676635714,0.7026758232336429,True,0.4664464919951536,0.4664464919951536,1.509033777421735e-16
PbSe/Cr,signed_current_sweep,nominal_transport,original,3.1500000000000004,n,-3.1500000000000004,309.894134846523,368.98552139553925,0.3789960554510404,0.4872284820875905,0.8142429304228194,1.6417951286434782,1.5727916792563796,1.6417951286434782,0.2616317344076232,0.7383682655923768,0.6775332256888036,1.6474788468806603,0.16692450679166226,0.8330754932083377,True,0.6232067056555137,0.6232067056555137,9.040875175656804e-17
PbSe/Cr,signed_current_sweep,nominal_transport,alpha_preserving_flattened,3.1500000000000004,p,3.1500000000000004,309.894134846523,377.66532554361396,0.42833696800612103,0.563727856197305,1.5322808177383653,3.0508538002993455,1.696683142801213,3.0508538002993455,0.5244721068604917,0.4755278931395083,1.3438203489732325,2.9747118214289787,0.3014013227420387,0.6985986772579613,True,0.479486949581357,0.479486949581357,1.5211496333759347e-16
PbSe/Cr,signed_current_sweep,nominal_transport,alpha_preserving_flattened,3.1500000000000004,n,-3.1500000000000004,309.894134846523,368.6280994658528,0.4404846434748797,0.5588124791952651,0.8142429304228194,1.6417942636521878,1.6936067061134634,1.6417942636521878,0.28172899966214016,0.7182710003378598,0.6440609633204089,1.6077526240387954,0.16289939887168522,0.8371006011283147,True,0.603188949862893,0.603188949862893,0.0
PbSe/Cr,signed_current_sweep,nominal_transport,original,3.2,p,3.2,309.894134846523,378.5820821697705,0.4958779176121055,0.6365149522101733,1.581310715408502,3.1821317637414595,1.8372508510667014,3.1821317637414595,0.5923615631944769,0.40763843680552314,1.3465979219091606,3.081680011219247,0.31223946634366684,0.6877605336563332,True,0.4527508221965795,0.4527508221965795,0.0
PbSe/Cr,signed_current_sweep,nominal_transport,original,3.2,n,-3.2,309.894134846523,369.73843792369564,0.38501186585502517,0.49679361338192235,0.8402970629911484,1.6943292431514023,1.5863565823505272,1.6943292431514023,0.2723321258191004,0.7276678741808996,0.6985266653773321,1.7043047747925466,0.17268217706926875,0.8273178229307312,True,0.6151377957870103,0.6151377957870103,1.7600936219532665e-16
PbSe/Cr,signed_current_sweep,nominal_transport,alpha_preserving_flattened,3.2,p,3.2,309.894134846523,379.15786710635683,0.4351359674982817,0.5751603141352644,1.581310715408502,3.203384142222296,1.7141751664933618,3.203384142222296,0.5563709873447422,0.4436290126552578,1.3850167127769766,3.1243752770334994,0.31656540121189114,0.6834345987881089,True,0.4653273105711002,0.4653273105711002,1.474844841611732e-16
PbSe/Cr,signed_current_sweep,nominal_transport,alpha_preserving_flattened,3.2,n,-3.2,309.894134846523,369.3602400278438,0.4474764632125762,0.5686929573983847,0.8402970629911484,1.6943289046176968,1.7097183477656461,1.6943289046176968,0.293509759626719,0.706490240373281,0.6638762014954512,1.6620828681366475,0.16840420351125676,0.8315957964887433,True,0.5950820150120131,0.5950820150120131,1.7436197972304284e-16
PbSe/Cr,signed_current_sweep,nominal_transport,original,3.25,p,3.25,309.894134846523,380.1369205436217,0.5036260100747946,0.6478395581702219,1.6311127374513963,3.341747952305939,1.8571224982277508,3.341747952305939,0.6288028428929617,0.37119715710703827,1.3867841110340842,3.2379573903234826,0.3280736753710304,0.6719263246289696,True,0.4386645908170938,0.4386645908170938,0.0
PbSe/Cr,signed_current_sweep,nominal_transport,original,3.25,n,-3.25,309.894134846523,370.53395783942204,0.3910276762590099,0.5065370386233531,0.8667614968597659,1.747687996973176,1.6001953833054783,1.747687996973176,0.2833591044344387,0.7166408955655613,0.7197824982798734,1.7622373436885486,0.17855197352125293,0.821448026478747,True,0.60716088463457,0.60716088463457,1.7138435044058753e-16
PbSe/Cr,signed_current_sweep,nominal_transport,alpha_preserving_flattened,3.25,p,3.25,309.894134846523,380.7487716033408,0.4419349669904423,0.5869360741471058,1.6311127374513963,3.365292526195362,1.7321399086490537,3.365292526195362,0.590617136413085,0.409382863586915,1.4266660608786292,3.2832906334221903,0.33266689322013726,0.6673331067798627,True,0.4507372140343893,0.4507372140343893,0.0
PbSe/Cr,signed_current_sweep,nominal_transport,alpha_preserving_flattened,3.25,n,-3.25,309.894134846523,370.1347147211146,0.45446828295027264,0.57864314683456,0.8667614968597659,1.747688288849061,1.7260726779150033,1.747688288849061,0.3056492319551762,0.6943507680448238,0.6839231627162202,1.7174180390536653,0.17401082852562005,0.8259891714743799,True,0.587066370699836,0.587066370699836,0.0
PbSe/Cr,signed_current_sweep,nominal_transport,original,3.3000000000000007,p,3.3000000000000007,309.894134846523,381.79538697328377,0.5113741025374838,0.6595007918585636,1.6816868838670496,3.5113788024010093,1.8774485046407097,3.5113788024010093,0.6679531026661232,0.3320468973338768,1.427351186645508,3.404151917111065,0.3449127015400264,0.6550872984599736,True,0.4241639618279911,0.4241639618279911,0.0
PbSe/Cr,signed_current_sweep,nominal_transport,original,3.3000000000000007,n,-3.3000000000000007,309.894134846523,371.37197043647114,0.39704348666299477,0.5164668939690029,0.8936362320286726,1.801878890588899,1.6143209686569506,1.801878890588899,0.2947241609539003,0.7052758390460997,0.7412969979796487,1.821286564510242,0.1845349104680647,0.8154650895319353,True,0.5993051361417082,0.5993051361417082,1.6693228301786487e-16
PbSe/Cr,signed_current_sweep,nominal_transport,alpha_preserving_flattened,3.3000000000000007,p,3.3000000000000007,309.894134846523,382.4454773378128,0.448733966482603,0.599101637267322,1.6816868838670496,3.5374398472416146,1.7506280251683892,3.5374398472416146,0.6274558819444711,0.3725441180555289,1.4687468730026294,3.452335009614403,0.3497946695040129,0.6502053304959872,True,0.43569062386632074,0.43569062386632074,0.0
PbSe/Cr,signed_current_sweep,nominal_transport,alpha_preserving_flattened,3.3000000000000007,n,-3.3000000000000007,309.894134846523,370.9517547676207,0.46146010268796916,0.5886612649491415,0.8936362320286726,1.801879448016167,1.7426736263246347,1.801879448016167,0.31815741181354523,0.6818425881864547,0.7041973976069045,1.773765272359914,0.17971999689918014,0.8202800031008198,True,0.57916873951268,0.57916873951268,0.0
PbSe/Cr,signed_current_sweep,nominal_transport,original,3.3500000000000005,p,3.3500000000000005,309.894134846523,383.56629406066037,0.519122195000173,0.671566077741905,1.7330331546554603,3.691984497233868,1.898291227165129,3.691984497233868,0.7101056432571049,0.2898943567428951,1.468271552611155,3.581218257489892,0.3628532727304262,0.6371467272695738,True,0.4092204230239829,0.4092204230239829,0.0
PbSe/Cr,signed_current_sweep,nominal_transport,original,3.3500000000000005,n,-3.3500000000000005,309.894134846523,372.25251441210946,0.40305929706697946,0.5265920565748669,0.9209212684978676,1.856894126040528,1.628746953620878,1.856894126040528,0.30643686697829486,0.6935631330217051,0.763066420874569,1.881462484173821,0.19063200587514476,0.8093679941248553,True,0.591603410594062,0.591603410594062,1.626438126855041e-16
PbSe/Cr,signed_current_sweep,nominal_transport,alpha_preserving_flattened,3.3500000000000005,p,3.3500000000000005,309.894134846523,384.25782023228186,0.4555329659747637,0.6117141736942965,1.7330331546554603,3.7208371109370777,1.7696998966692112,3.7208371109370777,0.6671761889485175,0.3328238110514825,1.5112344894537804,3.632503475168601,0.368049551688988,0.631950448311012,True,0.4201571442914092,0.4201571442914092,1.3443741630236778e-16
PbSe/Cr,signed_current_sweep,nominal_transport,alpha_preserving_flattened,3.3500000000000005,n,-3.3500000000000005,309.894134846523,371.81150799089863,0.46845192242566575,0.5987448942073571,0.9209212684978676,1.8568955180624385,1.7595249048208936,1.8568955180624385,0.3310420333889505,0.6689579666110494,0.72469441344823,1.831131748552714,0.18553243616842463,0.8144675638315754,True,0.571419243388582,0.571419243388582,0.0
PbSe/Cr,signed_current_sweep,nominal_transport,original,3.4000000000000004,p,3.4000000000000004,309.894134846523,385.46036643552685,0.5268702874628621,0.6841180813338351,1.785151549816629,3.884661109332717,1.9197279260748377,3.884661109332717,0.7556019584837417,0.24439804151625832,1.509513366382137,3.7702741359576715,0.38200863811132363,0.6179913618886763,True,0.39380044852626284,0.39380044852626284,0.0
PbSe/Cr,signed_current_sweep,nominal_transport,original,3.4000000000000004,n,-3.4000000000000004,309.894134846523,373.1758900974649,0.4090751074709642,0.536900851274602,0.9486166062673511,1.9127365805880683,1.6434860558901363,1.9127365805880683,0.31850880451099944,0.6814911954890006,0.7850870309366407,1.9427751188487903,0.1968442745926429,0.8031557254073571,True,0.5840682835119485,0.5840682835119485,0.0
PbSe/Cr,signed_current_sweep,nominal_transport,alpha_preserving_flattened,3.4000000000000004,p,3.4000000000000004,309.894134846523,386.19718672638515,0.46233196546692434,0.6248418399608724,1.785151549816629,3.9166176936298682,1.7894281154105085,3.9166176936298682,0.7101101050739159,0.2898898949260841,1.554100382528182,3.824919435942615,0.3875453645862887,0.6124546354137113,True,0.40410165745535803,0.40410165745535803,1.3033101986702603e-16
PbSe/Cr,signed_current_sweep,nominal_transport,alpha_preserving_flattened,3.4000000000000004,n,-3.4000000000000004,309.894134846523,372.71402007310616,0.4754437421633622,0.6088909249101048,0.9486166062673511,1.9127376362677144,1.7766297104924436,1.9127376362677144,0.34431233257892596,0.6556876674210741,0.7454097021034374,1.8895246393476488,0.1914488729800652,0.8085511270199348,True,0.5638518147421978,0.5638518147421978,1.5702857932049562e-16
PbSe/Cr,signed_current_sweep,nominal_transport,original,3.45,p,3.45,309.894134846523,387.4905830368953,0.5346183799255513,0.6972591115653778,1.838042069350556,4.0906567252582775,1.941854863712728,4.0906567252582775,0.8048409373779163,0.1951590626220837,1.551039514326217,3.972540413269746,0.4025024967395123,0.5974975032604877,True,0.37786658104143,0.37786658104143,0.0
PbSe/Cr,signed_current_sweep,nominal_transport,original,3.45,n,-3.45,309.894134846523,374.1422551917154,0.415090917874949,0.5473160480192739,0.9767222453371234,1.9694057573342527,1.658530426389184,1.9694057573342527,0.33094734476737203,0.6690526552326279,0.8073548051183023,2.0052359098946146,0.20317287587264254,0.7968271241273575,True,0.5763964340420964,0.5763964340420964,1.5452353287981431e-16
PbSe/Cr,signed_current_sweep,nominal_transport,alpha_preserving_flattened,3.45,p,3.45,309.894134846523,388.27707541996665,0.469130964959085,0.6385670153585374,1.838042069350556,4.1260574859462,1.8099008312789135,4.1260574859462,0.7566417629560064,0.24335823704399362,1.597311200680781,4.030851203975044,0.4084106150728938,0.5915893849271062,True,0.38748391995064785,0.38748391995064785,1.2632690929990627e-16
PbSe/Cr,signed_current_sweep,nominal_transport,alpha_preserving_flattened,3.45,n,-3.45,309.894134846523,373.65928908637085,0.48243556190105874,0.6191975143244655,0.9767222453371234,1.9694088384824604,1.7940060617421447,1.9694088384824604,0.3579810548329699,0.6420189451670302,0.7663386787042915,1.9489513312612972,0.19747005574470458,0.8025299442552954,True,0.5563327846600151,0.5563327846600151,3.0615741803868195e-16
PbSe/Cr,signed_current_sweep,nominal_transport,original,3.5,p,3.5,309.894134846523,389.67257446214546,0.5423664723882403,0.711116956064691,1.8917047132572404,4.311383050708643,1.9647933875466266,4.311383050708643,0.8582894070483675,0.14171059295163246,1.5928062545145931,4.189438049792296,0.4244788220012026,0.5755211779987974,True,0.36137592337773516,0.36137592337773516,0.0
PbSe/Cr,signed_current_sweep,nominal_transport,original,3.5,n,-3.5,309.894134846523,375.1524228515399,0.4211067282789338,0.5579279027106122,1.0052381857071842,2.0269031589410735,1.6738992962183823,2.0269031589410735,0.34376573096281293,0.6562342690371871,0.8298653309215547,2.06885802943946,0.20961914433076057,0.7903808556692394,True,0.5686595806896195,0.5686595806896195,1.5067509907137433e-16
PbSe/Cr,signed_current_sweep,nominal_transport,alpha_preserving_flattened,3.5,p,3.5,309.894134846523,390.5141967588608,0.4759299644512456,0.652991622079805,1.8917047132572404,4.350613227515958,1.8312263038788799,4.350613227515958,0.8072215517930241,0.19277844820697587,1.640827493968508,4.251727591586297,0.4307900721043097,0.5692099278956904,True,0.3702594282289095,0.3702594282289095,2.4482700534275476e-16
PbSe/Cr,signed_current_sweep,nominal_transport,alpha_preserving_flattened,3.5,n,-3.5,309.894134846523,374.64821603170867,0.4894273816387552,0.6296881938412963,1.0052381857071842,2.026905030584718,1.8116875238601562,2.026905030584718,0.3720633985648312,0.6279366014351688,0.787476171513164,2.0094209199700934,0.20359690604704517,0.7964030939529548,True,0.548696116415254,0.548696116415254,0.0
PbSe/Cr,constant_offsets,common_constant_offset_minus,original,2.801083194193748,p,2.801083194193748,309.894134846523,369.1769024847992,0.4340610316859564,0.5532257734507078,1.2116279215867447,2.242415996522969,1.6902449890884286,2.242415996522969,0.3840308332070874,0.6159691667929126,1.0420048982222407,2.1663432177954043,0.2194964590025811,0.7805035409974189,True,0.5529835649192223,0.5529835649192223,0.0
PbSe/Cr,constant_offsets,common_constant_offset_minus,original,2.801083194193748,n,-2.801083194193748,309.894134846523,364.92093708881913,0.3370157084411527,0.4248172335760029,0.6438503034391929,1.298224589962741,1.484822865696715,1.298224589962741,0.19531011352123265,0.8046898864787674,0.538637341234361,1.2809320399306456,0.1297855504511673,0.8702144495488326,True,0.6802716554661115,0.6802716554661115,1.0607100355396471e-16
PbSe/Cr,constant_offsets,common_constant_offset_minus,alpha_preserving_flattened,2.801083194193748,p,2.801083194193748,309.894134846523,369.52401095895937,0.38089126429646053,0.4907060249452872,1.2116279215867447,2.2468524708678053,1.584778979189284,2.2468524708678053,0.3607808804147997,0.6392191195852003,1.070298973115677,2.1911823466267117,0.2220131889364137,0.7779868110635864,True,0.5680624367964728,0.5680624367964728,0.0
PbSe/Cr,constant_offsets,common_constant_offset_minus,alpha_preserving_flattened,2.801083194193748,n,-2.801083194193748,309.894134846523,364.7131009206018,0.39169337528187625,0.49190598681786557,0.6438503034391929,1.2982243305022327,1.5875687238866383,1.2982243305022327,0.20882502073401543,0.7911749792659846,0.5125882662007595,1.2560230567044635,0.12726174278736338,0.8727382572126366,True,0.6606410381431298,0.6606410381431298,2.1019995545913191e-16
PbSe/Cr,constant_offsets,common_constant_offset_minus,original,2.8106854181890806,p,2.8106854181890806,309.894134846523,369.34914823144874,0.4355490100732222,0.5551929427329001,1.2199491768678876,2.2600476899565862,1.693607422551522,2.2600476899565862,0.38782036112900536,0.6121796388709946,1.0489687706756243,2.183406668971246,0.22122534807274064,0.7787746519272594,True,0.5507157865837015,0.5507157865837015,1.9345398146324884e-16
PbSe/Cr,constant_offsets,common_constant_offset_minus,original,2.8106854181890806,n,-2.8106854181890806,309.894134846523,365.00442604936535,0.33817101162140295,0.4264439939396215,0.648272158236615,1.3071406705662403,1.4871037730563004,1.3071406705662403,0.19695357018563434,0.8030464298143657,0.5422759982859633,1.2903326157932562,0.13073802792448658,0.8692619720755135,True,0.6787111026791504,0.6787111026791504,1.0547273745166067e-16
PbSe/Cr,constant_offsets,common_constant_offset_minus,alpha_preserving_flattened,2.8106854181890806,p,2.8106854181890806,309.894134846523,369.7010861810162,0.3821969746178181,0.49261806977196565,1.2199491768678876,2.264517146368103,1.5876670344270194,2.264517146368103,0.36427997273999674,0.6357200272600032,1.0774779488784403,2.2084354614236896,0.2237612949491606,0.7762387050508394,True,0.5657662078163748,0.5657662078163748,1.951387810247992e-16
PbSe/Cr,constant_offsets,common_constant_offset_minus,alpha_preserving_flattened,2.8106854181890806,n,-2.8106854181890806,309.894134846523,364.7923051814307,0.3930361156670032,0.49369851714546287,0.648272158236615,1.307140585734349,1.590344913596543,1.307140585734349,0.21062692053278043,0.7893730794672196,0.516040298851369,1.2650721582420006,0.12817860846604634,0.8718213915339537,True,0.6590648736551457,0.6590648736551457,1.0450769846588047e-16
PbSe/Cr,constant_offsets,common_constant_offset_plus,original,2.8010831941937164,p,2.8010831941937164,309.894134846523,369.17690248479863,0.43406103168595156,0.5532257734507015,1.2116279215867174,2.242415996522912,1.690244989088418,2.242415996522912,0.38403083320707526,0.6159691667929248,1.0420048982222632,2.1663432177953235,0.21949645900257292,0.780503540997427,True,0.5529835648715165,0.5529835648715165,1.8198273469171666e-16
PbSe/Cr,constant_offsets,common_constant_offset_plus,original,2.8010831941937164,n,-2.8010831941937164,309.894134846523,364.92093708881885,0.3370157084411489,0.42481723357599743,0.6438503034391784,1.2982245899627114,1.4848228656967073,1.2982245899627114,0.19531011352122718,0.8046898864787728,0.5386373412343539,1.2809320399306592,0.12978555045116866,0.8702144495488313,True,0.6802716554661119,0.6802716554661119,0.0
PbSe/Cr,constant_offsets,common_constant_offset_plus,alpha_preserving_flattened,2.8010831941937164,p,2.8010831941937164,309.894134846523,369.5240109589588,0.3808912642964562,0.4907060249452807,1.2116279215867174,2.246852470867748,1.584778979189274,2.246852470867748,0.36078088041478823,0.6392191195852117,1.0702989731155603,2.191182346626671,0.22201318893640956,0.7779868110635905,True,0.5680624367467406,0.5680624367467406,0.0
PbSe/Cr,constant_offsets,common_constant_offset_plus,alpha_preserving_flattened,2.8010831941937164,n,-2.8010831941937164,309.894134846523,364.7131009206015,0.3916933752818718,0.4919059868178597,0.6438503034391784,1.2982243305022036,1.5875687238866294,1.2982243305022036,0.20882502073400958,0.7911749792659905,0.5125882662007457,1.25602305670438,0.12726174278735491,0.8727382572126451,True,0.6606410381431346,0.6606410381431346,0.0
PbSe/Cr,constant_offsets,common_constant_offset_plus,original,2.8106854181890806,p,2.8106854181890806,309.894134846523,369.34914823144874,0.4355490100732222,0.5551929427329001,1.2199491768678876,2.2600476899565862,1.693607422551522,2.2600476899565862,0.38782036112900536,0.6121796388709946,1.0489687706756243,2.183406668971246,0.22122534807274064,0.7787746519272594,True,0.5507157865994166,0.5507157865994166,1.8086509394005837e-16
PbSe/Cr,constant_offsets,common_constant_offset_plus,original,2.8106854181890806,n,-2.8106854181890806,309.894134846523,365.00442604936535,0.33817101162140295,0.4264439939396215,0.648272158236615,1.3071406705662403,1.4871037730563004,1.3071406705662403,0.19695357018563434,0.8030464298143657,0.5422759982859633,1.2903326157932562,0.13073802792448658,0.8692619720755135,True,0.6787111026791504,0.6787111026791504,1.1413527274872215e-16
PbSe/Cr,constant_offsets,common_constant_offset_plus,alpha_preserving_flattened,2.8106854181890806,p,2.8106854181890806,309.894134846523,369.7010861810162,0.3821969746178181,0.49261806977196565,1.2199491768678876,2.264517146368103,1.5876670344270194,2.264517146368103,0.36427997273999674,0.6357200272600032,1.0774779488784403,2.2084354614236896,0.2237612949491606,0.7762387050508394,True,0.5657662078163748,0.5657662078163748,1.8233691953981832e-16
PbSe/Cr,constant_offsets,common_constant_offset_plus,alpha_preserving_flattened,2.8106854181890806,n,-2.8106854181890806,309.894134846523,364.7923051814307,0.3930361156670032,0.49369851714546287,0.648272158236615,1.307140585734349,1.590344913596543,1.307140585734349,0.21062692053278043,0.7893730794672196,0.516040298851369,1.2650721582420006,0.12817860846604634,0.8718213915339537,True,0.6590648736551457,0.6590648736551457,1.1300605433983954e-16
PbSe/Cr,constant_offsets,leg_constant_offsets_mm,original,2.8002679715845504,p,2.8002679715845504,309.894134846523,369.1623852882342,0.43393470328288164,0.5530587053905882,1.2109227638523288,2.2409229853596613,1.6899598851976365,2.2409229853596613,0.3837104099792652,0.6162895900207348,1.0414145601464753,2.1648979190356874,0.21935001962152978,0.7806499803784702,True,0.5531759151592758,0.5531759151592758,0.0
PbSe/Cr,constant_offsets,leg_constant_offsets_mm,original,2.8002679715845504,n,-2.8002679715845504,309.894134846523,364.91391438122355,0.3369176239480732,0.4246793160773048,0.6434755877255756,1.2974687233172464,1.4846295484689371,1.2974687233172464,0.19517098422287735,0.8048290157771226,0.5383289134860916,1.2801356929841825,0.12970486363596168,0.8702951363640383,True,0.6804040711076242,0.6804040711076242,1.0612203751216307e-16
PbSe/Cr,constant_offsets,leg_constant_offsets_mm,alpha_preserving_flattened,2.8002679715845504,p,2.8002679715845504,309.894134846523,369.509087979356,0.3807804103343419,0.4905438561775733,1.2109227638523288,2.2453565791784937,1.584534226369499,2.2453565791784937,0.36048500076857815,0.6395149992314219,1.069690431605675,2.189721714082591,0.22186519591817686,0.7781348040818231,True,0.5682571719984635,0.5682571719984635,0.0
PbSe/Cr,constant_offsets,leg_constant_offsets_mm,alpha_preserving_flattened,2.8002679715845504,n,-2.8002679715845504,309.894134846523,364.706444732868,0.3915793774912842,0.4917539182899657,0.6434755877255756,1.2974690528421464,1.5873333780026437,1.2974690528421464,0.20867259221397927,0.7913274077860207,0.512295638962534,1.2552564130347585,0.12718406554331696,0.872815934456683,True,0.6607747963336874,0.6607747963336874,2.1030100079428445e-16
PbSe/Cr,constant_offsets,leg_constant_offsets_mm,original,2.8098641350016433,p,2.8098641350016433,309.894134846523,369.3343159551579,0.4354217425117359,0.5550247356675504,1.2192363419410155,2.258536215024469,1.6933195230605886,2.258536215024469,0.3874951123692638,0.6125048876307362,1.0483723920676442,2.1819437552410412,0.22107712392202966,0.7789228760779703,True,0.5509099042359626,0.5509099042359626,0.0
PbSe/Cr,constant_offsets,leg_constant_offsets_mm,original,2.8098641350016433,n,-2.8098641350016433,309.894134846523,364.99722938816126,0.33807219794253096,0.426304691079231,0.6478933629185211,1.3063768963849194,1.4869084046366043,1.3063768963849194,0.1968126287456283,0.8031873712543717,0.5419643646575045,1.2895270878790017,0.13065641088275737,0.8693435891172426,True,0.6788446393971111,0.6788446393971111,0.0
PbSe/Cr,constant_offsets,leg_constant_offsets_mm,alpha_preserving_flattened,2.8098641350016433,p,2.8098641350016433,309.894134846523,369.6858425436675,0.382085296538332,0.492454388239511,1.2192363419410155,2.2630029908064344,1.5874196423301228,2.2630029908064344,0.36397967459176417,0.6360203254082358,1.076863122416667,2.206956734595309,0.22361146859662542,0.7763885314033746,True,0.5659627852590994,0.5659627852590994,1.9538112860094582e-16
PbSe/Cr,constant_offsets,leg_constant_offsets_mm,alpha_preserving_flattened,2.8098641350016433,n,-2.8098641350016433,309.894134846523,364.7854783977983,0.392921270387,0.49354510976488647,0.6478933629185211,1.306376505353195,1.5901071663241995,1.306376505353195,0.21047233087178244,0.7895276691282176,0.5157446645315517,1.2642968083854247,0.12810004910084116,0.8718999508991588,True,0.6591997315111779,0.6591997315111779,1.045581547526157e-16
PbSe/Cr,constant_offsets,leg_constant_offsets_mm,original,2.8106854181890806,p,2.8106854181890806,309.894134846523,369.34914823144874,0.4355490100732222,0.5551929427329001,1.2199491768678876,2.2600476899565862,1.693607422551522,2.2600476899565862,0.38782036112900536,0.6121796388709946,1.0489687706756243,2.183406668971246,0.22122534807274064,0.7787746519272594,True,0.5507157865837015,0.5507157865837015,1.9358776634022095e-16
PbSe/Cr,constant_offsets,leg_constant_offsets_mm,original,2.8106854181890806,n,-2.8106854181890806,309.894134846523,365.00442604936535,0.33817101162140295,0.4264439939396215,0.648272158236615,1.3071406705662403,1.4871037730563004,1.3071406705662403,0.19695357018563434,0.8030464298143657,0.5422759982859633,1.2903326157932562,0.13073802792448658,0.8692619720755135,True,0.6787111026791504,0.6787111026791504,1.0547273745166067e-16
PbSe/Cr,constant_offsets,leg_constant_offsets_mm,alpha_preserving_flattened,2.8106854181890806,p,2.8106854181890806,309.894134846523,369.7010861810162,0.3821969746178181,0.49261806977196565,1.2199491768678876,2.264517146368103,1.5876670344270194,2.264517146368103,0.36427997273999674,0.6357200272600032,1.0774779488784403,2.2084354614236896,0.2237612949491606,0.7762387050508394,True,0.5657662078163748,0.5657662078163748,1.9527490714608948e-16
PbSe/Cr,constant_offsets,leg_constant_offsets_mm,alpha_preserving_flattened,2.8106854181890806,n,-2.8106854181890806,309.894134846523,364.7923051814307,0.3930361156670032,0.49369851714546287,0.648272158236615,1.307140585734349,1.590344913596543,1.307140585734349,0.21062692053278043,0.7893730794672196,0.516040298851369,1.2650721582420006,0.12817860846604634,0.8718213915339537,True,0.6590648736551457,0.6590648736551457,1.0450769846588047e-16
PbSe/Cr,constant_offsets,leg_constant_offsets_mp,original,2.7157748713999545,p,2.7157748713999545,309.894134846523,367.7521966535326,0.42084149622909156,0.535713266137441,1.1389503392810763,2.089692833726327,1.660729554025538,2.089692833726327,0.35162651984527754,0.6483734801547225,0.9809939371169073,2.018584840404735,0.20452540531228725,0.7954745946877128,True,0.5729447178109293,0.5729447178109293,2.062657158641085e-16
PbSe/Cr,constant_offsets,leg_constant_offsets_mp,original,2.7157748713999545,n,-2.7157748713999545,309.894134846523,364.25228903444105,0.32675173452496475,0.4105651241921955,0.605229962501976,1.2203525721916915,1.4648667982259262,1.2203525721916915,0.18112721569021595,0.818872784309784,0.5067824353749207,1.1990818176589797,0.12149238904921367,0.8785076109507863,True,0.6940567551949374,0.6940567551949374,0.0
PbSe/Cr,constant_offsets,leg_constant_offsets_mp,alpha_preserving_flattened,2.7157748713999545,p,2.7157748713999545,309.894134846523,368.0571594262293,0.369291039429419,0.47387873105898914,1.1389503392810763,2.0937357043424623,1.5595370966483133,2.0937357043424623,0.33083985627010054,0.6691601437298995,1.0074318825020097,2.041685684695724,0.2068660101989876,0.7931339898010124,True,0.5882469526262065,0.5882469526262065,1.0404321646250507e-16
PbSe/Cr,constant_offsets,leg_constant_offsets_mp,alpha_preserving_flattened,2.7157748713999545,n,-2.7157748713999545,309.894134846523,364.0831658256825,0.37976416697988763,0.4761018035901129,0.605229962501976,1.220352703146402,1.5632361231327319,1.220352703146402,0.19329036413157238,0.8067096358684276,0.4823501171095708,1.1771672918676857,0.11927198335707921,0.8807280166429208,True,0.6745804458880514,0.6745804458880514,1.198119384632618e-16
PbSe/Cr,constant_offsets,leg_constant_offsets_mp,original,2.724726032541335,p,2.724726032541335,309.894134846523,367.8928672640909,0.42222858471252844,0.5375525265704909,1.1464706454052842,2.105377431414709,1.6637959508327436,2.105377431414709,0.35491984308669966,0.6450801569133003,0.9873224959549698,2.033755951361152,0.20606256023156064,0.7939374397684393,True,0.5708666681251071,0.5708666681251071,0.0
PbSe/Cr,constant_offsets,leg_constant_offsets_mp,original,2.724726032541335,n,-2.724726032541335,309.894134846523,364.31617740668844,0.32782870429140604,0.41204392673822343,0.6092261987175346,1.2284103539254123,1.4669353147601405,1.2284103539254123,0.18258062389930185,0.8174193761006981,0.5100848210291475,1.2075300699476599,0.12234837597081183,0.8776516240291882,True,0.6926176688107876,0.6926176688107876,0.0
PbSe/Cr,constant_offsets,leg_constant_offsets_mp,alpha_preserving_flattened,2.724726032541335,p,2.724726032541335,309.894134846523,368.2021987465731,0.37050821823050883,0.4756307496370286,1.1464706454052842,2.10946870963545,1.5621510142548616,2.10946870963545,0.3338845763597366,0.6661154236402633,1.013950654456399,2.057043393424488,0.2084220714254202,0.7915779285745798,True,0.5861480686544258,0.5861480686544258,2.068299539472931e-16
PbSe/Cr,constant_offsets,leg_constant_offsets_mp,alpha_preserving_flattened,2.724726032541335,n,-2.724726032541335,309.894134846523,364.14287891285505,0.38101586508275975,0.47774978383726785,0.6092261987175346,1.2284105302237611,1.5657616361260482,1.2284105302237611,0.19488097024692574,0.8051190297530743,0.48548630270315407,1.1853119748725296,0.12009721227952164,0.8799027877204784,True,0.6731238262888353,0.6731238262888353,0.0
PbSe/Cr,constant_offsets,leg_constant_offsets_mp,original,2.8106854181890806,p,2.8106854181890806,309.894134846523,369.34914823144874,0.4355490100732222,0.5551929427329001,1.2199491768678876,2.2600476899565862,1.693607422551522,2.2600476899565862,0.38782036112900536,0.6121796388709946,1.0489687706756243,2.183406668971246,0.22122534807274064,0.7787746519272594,True,0.5507157865837015,0.5507157865837015,1.9358776634022095e-16
PbSe/Cr,constant_offsets,leg_constant_offsets_mp,original,2.8106854181890806,n,-2.8106854181890806,309.894134846523,365.00442604936535,0.33817101162140295,0.4264439939396215,0.648272158236615,1.3071406705662403,1.4871037730563004,1.3071406705662403,0.19695357018563434,0.8030464298143657,0.5422759982859633,1.2903326157932562,0.13073802792448658,0.8692619720755135,True,0.6787111026791504,0.6787111026791504,1.1413527274872215e-16
PbSe/Cr,constant_offsets,leg_constant_offsets_mp,alpha_preserving_flattened,2.8106854181890806,p,2.8106854181890806,309.894134846523,369.7010861810162,0.3821969746178181,0.49261806977196565,1.2199491768678876,2.264517146368103,1.5876670344270194,2.264517146368103,0.36427997273999674,0.6357200272600032,1.0774779488784403,2.2084354614236896,0.2237612949491606,0.7762387050508394,True,0.5657662078163748,0.5657662078163748,1.9527490714608948e-16
PbSe/Cr,constant_offsets,leg_constant_offsets_mp,alpha_preserving_flattened,2.8106854181890806,n,-2.8106854181890806,309.894134846523,364.7923051814307,0.3930361156670032,0.49369851714546287,0.648272158236615,1.307140585734349,1.590344913596543,1.307140585734349,0.21062692053278043,0.7893730794672196,0.516040298851369,1.2650721582420006,0.12817860846604634,0.8718213915339537,True,0.6590648736551457,0.6590648736551457,1.1300605433983951e-16
PbSe/Cr,constant_offsets,leg_constant_offsets_pm,original,2.8106854181890806,p,2.8106854181890806,309.894134846523,369.34914823144874,0.4355490100732222,0.5551929427329001,1.2199491768678876,2.2600476899565862,1.693607422551522,2.2600476899565862,0.38782036112900536,0.6121796388709946,1.0489687706756243,2.183406668971246,0.22122534807274064,0.7787746519272594,True,0.5507157865994166,0.5507157865994166,1.8074831071949576e-16
PbSe/Cr,constant_offsets,leg_constant_offsets_pm,original,2.8106854181890806,n,-2.8106854181890806,309.894134846523,365.00442604936535,0.33817101162140295,0.4264439939396215,0.648272158236615,1.3071406705662403,1.4871037730563004,1.3071406705662403,0.19695357018563434,0.8030464298143657,0.5422759982859633,1.2903326157932562,0.13073802792448658,0.8692619720755135,True,0.6787111026791504,0.6787111026791504,1.0547273745166067e-16
PbSe/Cr,constant_offsets,leg_constant_offsets_pm,alpha_preserving_flattened,2.8106854181890806,p,2.8106854181890806,309.894134846523,369.7010861810162,0.3821969746178181,0.49261806977196565,1.2199491768678876,2.264517146368103,1.5876670344270194,2.264517146368103,0.36427997273999674,0.6357200272600032,1.0774779488784403,2.2084354614236914,0.2237612949491608,0.7762387050508393,True,0.5657662078231135,0.5657662078231135,0.0
PbSe/Cr,constant_offsets,leg_constant_offsets_pm,alpha_preserving_flattened,2.8106854181890806,n,-2.8106854181890806,309.894134846523,364.7923051814307,0.3930361156670032,0.49369851714546287,0.648272158236615,1.307140585734349,1.590344913596543,1.307140585734349,0.21062692053278043,0.7893730794672196,0.516040298851369,1.2650721582420006,0.12817860846604634,0.8718213915339537,True,0.6590648736551457,0.6590648736551457,1.0450769846588047e-16
PbSe/Cr,constant_offsets,leg_constant_offsets_pm,original,2.881653940978179,p,2.881653940978179,309.894134846523,370.69871115560596,0.44654642360343016,0.5696829050319153,1.2823332613710252,2.3929264008479265,1.7187000974913682,2.3929264008479265,0.4167059459822988,0.5832940540177012,1.1010305658846282,2.3120286264304077,0.2342574770448973,0.7657425229551027,True,0.5338385193594944,0.5338385193594944,0.0
PbSe/Cr,constant_offsets,leg_constant_offsets_pm,original,2.881653940978179,n,-2.881653940978179,309.894134846523,365.672290187518,0.3467096751764047,0.43861499923935926,0.6814226089826825,1.3739833616651902,1.5041890410810648,1.3739833616651902,0.20940360233854813,0.7905963976614518,0.569497977311798,1.3609981771665285,0.1378979462455768,0.8621020537544232,True,0.6671332061610479,0.6671332061610479,3.036232671620363e-16
PbSe/Cr,constant_offsets,leg_constant_offsets_pm,alpha_preserving_flattened,2.881653940978179,p,2.881653940978179,309.894134846523,371.0869760494114,0.3918472736258676,0.5068595252454199,1.2823332613710252,2.397540566241082,1.6093139884889993,2.397540566241082,0.39093720623652745,0.6090627937634725,1.1311698331675755,2.3384127482592976,0.23693074749796406,0.7630692525020359,True,0.5486585564972087,0.5486585564972087,1.7416609472859205e-16
PbSe/Cr,constant_offsets,leg_constant_offsets_pm,alpha_preserving_flattened,2.881653940978179,n,-2.881653940978179,309.894134846523,365.4289841780909,0.4029600980348429,0.5070329269218539,0.6814226089826825,1.3739831857304643,1.6111029145006603,1.3739831857304643,0.22428744102052597,0.775712558979474,0.5418531512802706,1.3330464930221946,0.13506584852327613,0.8649341514767239,True,0.6473823679002543,0.6473823679002543,2.0057004556346665e-16
PbSe/Cr,constant_offsets,leg_constant_offsets_pm,original,2.8918638039700477,p,2.8918638039700477,309.894134846523,370.9041446096734,0.44812856285327785,0.5717581927113479,1.2914361174511177,2.4123928346040904,1.722344094441041,2.4123928346040904,0.4209865343431225,0.5790134656568775,1.108605284117558,2.3308758657890842,0.23616710164510887,0.7638328983548911,True,0.5313949146219015,0.5313949146219015,1.716631300790921e-16
PbSe/Cr,constant_offsets,leg_constant_offsets_pm,original,2.8918638039700477,n,-2.8918638039700477,309.894134846523,365.77564943472055,0.3479380871765996,0.44038787479625147,0.6862598007846471,1.383736822559425,1.5066807991696354,1.383736822559425,0.21123943948798707,0.7887605605120129,0.5734616629453176,1.3713374143250625,0.1389455299924383,0.8610544700075617,True,0.6654622757918245,0.6654622757918245,1.0061597124991956e-16
PbSe/Cr,constant_offsets,leg_constant_offsets_pm,alpha_preserving_flattened,2.8918638039700477,p,2.8918638039700477,309.894134846523,371.29773506004454,0.39323561069180246,0.508923962093517,1.2914361174511177,2.4170107582726317,1.6124725703181733,2.4170107582726317,0.3948854879581978,0.6051145120418022,1.1389850341944117,2.3574466978808832,0.23885928980301174,0.7611407101969883,True,0.5461790848924096,0.5461790848924096,1.730464635536462e-16
PbSe/Cr,constant_offsets,leg_constant_offsets_pm,alpha_preserving_flattened,2.8918638039700477,n,-2.8918638039700477,309.894134846523,365.5278696190223,0.40438780846655736,0.50896366187531,0.6862598007846471,1.3837368995639001,1.6141244872179965,1.3837368995639001,0.22630325620818958,0.7736967437918104,0.5456097362779351,1.3429847509007111,0.1360728045748702,0.8639271954251297,True,0.6456978265462325,0.6456978265462325,9.969905644902393e-17
PbSe/Cr,constant_offsets,leg_constant_offsets_pp,original,2.801897959104094,p,2.801897959104094,309.894134846523,369.19142132405983,0.43418728916317073,0.5533927363016661,1.212332888502148,2.243908694863168,1.6905299900392163,2.243908694863168,0.3843512657059736,0.6156487342940264,1.0425950442233525,2.1677881708207893,0.2196428633534207,0.7803571366465794,True,0.5527912932604828,0.5527912932604828,0.0
PbSe/Cr,constant_offsets,leg_constant_offsets_pp,original,2.801897959104094,n,-2.801897959104094,309.894134846523,364.92795933208606,0.3371137378656419,0.42495509005354837,0.6442249177529688,1.2989800624518457,1.4850161259238894,1.2989800624518457,0.19544920562182794,0.804550794378172,0.5389456727870812,1.2817282142289252,0.12986621977345458,0.8701337802265454,True,0.680139301826287,0.680139301826287,1.1474680654931705e-16
PbSe/Cr,constant_offsets,leg_constant_offsets_pp,alpha_preserving_flattened,2.801897959104094,p,2.801897959104094,309.894134846523,369.5389356198874,0.381002056020694,0.49086811877893477,1.212332888502148,2.2483480332192256,1.585023663491896,2.2483480332192256,0.3610767657541162,0.6389232342458838,1.070907321491197,2.192642688782872,0.22216115253219865,0.7778388474678013,True,0.5678677774004866,0.5678677774004866,0.0
PbSe/Cr,constant_offsets,leg_constant_offsets_pp,alpha_preserving_flattened,2.801897959104094,n,-2.801897959104094,309.894134846523,364.7197566992496,0.391807309069511,0.4920579782924099,0.6442249177529688,1.2989797448530929,1.5878039924299014,1.2989797448530929,0.20897749708546212,0.7910225029145379,0.5128807992766367,1.2567895230682813,0.12733940206656744,0.8726605979334325,True,0.660507346270651,0.660507346270651,1.136108006469131e-16
PbSe/Cr,constant_offsets,leg_constant_offsets_pp,original,2.8106854181890806,p,2.8106854181890806,309.894134846523,369.34914823144874,0.4355490100732222,0.5551929427329001,1.2199491768678876,2.2600476899565862,1.693607422551522,2.2600476899565862,0.38782036112900536,0.6121796388709946,1.0489687706756243,2.183406668971246,0.22122534807274064,0.7787746519272594,True,0.5507157865994166,0.5507157865994166,1.8074831071949576e-16
PbSe/Cr,constant_offsets,leg_constant_offsets_pp,original,2.8106854181890806,n,-2.8106854181890806,309.894134846523,365.00442604936535,0.33817101162140295,0.4264439939396215,0.648272158236615,1.3071406705662403,1.4871037730563004,1.3071406705662403,0.19695357018563434,0.8030464298143657,0.5422759982859633,1.2903326157932562,0.13073802792448658,0.8692619720755135,True,0.6787111026791504,0.6787111026791504,1.1413527274872215e-16
PbSe/Cr,constant_offsets,leg_constant_offsets_pp,alpha_preserving_flattened,2.8106854181890806,p,2.8106854181890806,309.894134846523,369.7010861810162,0.3821969746178181,0.49261806977196565,1.2199491768678876,2.264517146368103,1.5876670344270194,2.264517146368103,0.36427997273999674,0.6357200272600032,1.0774779488784403,2.2084354614236914,0.2237612949491608,0.7762387050508393,True,0.5657662078231135,0.5657662078231135,0.0
PbSe/Cr,constant_offsets,leg_constant_offsets_pp,alpha_preserving_flattened,2.8106854181890806,n,-2.8106854181890806,309.894134846523,364.7923051814307,0.3930361156670032,0.49369851714546287,0.648272158236615,1.307140585734349,1.590344913596543,1.307140585734349,0.21062692053278043,0.7893730794672196,0.516040298851369,1.2650721582420006,0.12817860846604634,0.8718213915339537,True,0.6590648736551457,0.6590648736551457,1.1300605433983951e-16
PbSe/Cr,constant_offsets,leg_constant_offsets_pp,original,2.8115063914061906,p,2.8115063914061906,309.894134846523,369.36398501893865,0.4356762296011334,0.5553610738926644,1.2206619509582992,2.2615591210866666,1.6938952709649757,2.2615591210866666,0.38814567884742995,0.61185432115257,1.0495650651558752,2.1848694958890547,0.22137356342751688,0.7786264365724831,True,0.5505217122462364,0.5505217122462364,1.806532714093756e-16
PbSe/Cr,constant_offsets,leg_constant_offsets_pp,original,2.8115063914061906,n,-2.8115063914061906,309.894134846523,365.0116235853959,0.33826978800582064,0.4265832612309663,0.6486509212266541,1.3079041804515426,1.4872991204647779,1.3079041804515426,0.19709449925096073,0.8029055007490393,0.542587592275155,1.291138118736352,0.13081964243610844,0.8691803575638916,True,0.6785776053182532,0.6785776053182532,0.0
PbSe/Cr,constant_offsets,leg_constant_offsets_pp,alpha_preserving_flattened,2.8115063914061906,p,2.8115063914061906,309.894134846523,369.7163344479041,0.3823086105475423,0.4927817058879012,1.2206619509582992,2.2660312408575054,1.5879144034226538,2.2660312408575054,0.36458033166619963,0.6354196683338004,1.0780926936122068,2.2099141625963106,0.22391111870222388,0.7760888812977761,True,0.5655696713119224,0.5655696713119224,0.0
PbSe/Cr,constant_offsets,leg_constant_offsets_pp,alpha_preserving_flattened,2.8115063914061906,n,-2.8115063914061906,309.894134846523,364.79913282666854,0.39315091760187343,0.49385187519583834,0.6486509212266541,1.3079044156302908,1.5905826269965369,1.3079044156302908,0.21078150214855437,0.7892184978514456,0.5163358926004072,1.2658474727334361,0.12825716424801364,0.8717428357519863,True,0.6589300578086036,0.6589300578086036,1.1294980825071578e-16
PbSe/Cr,constant_gains,leg_gains_mm,original,2.6946428289096778,p,2.6946428289096778,309.894134846523,367.5412127002034,0.3966884940539742,0.504860893077676,1.121294452806982,2.0545015012484527,1.6128018433324176,2.0545015012484527,0.3357281278646787,0.6642718721353214,0.9750754505522621,1.9913757833214074,0.20176855144281255,0.7982314485571874,True,0.5837145871233159,0.5837145871233159,1.0508093651064151e-16
PbSe/Cr,constant_gains,leg_gains_mm,original,2.6946428289096778,n,-2.6946428289096778,309.894134846523,364.153671138791,0.30799874693837787,0.38681992986385527,0.5958477522860324,1.2014349793577221,1.4328611106869569,1.2014349793577221,0.174423349607676,0.825576650392324,0.504696665677349,1.18267958455285,0.11983049537652306,0.880169504623477,True,0.7031620089550136,0.7031620089550136,2.4621815924611923e-16
PbSe/Cr,constant_gains,leg_gains_mm,alpha_preserving_flattened,2.6946428289096778,p,2.6946428289096778,309.894134846523,367.8222817964017,0.3480966292809135,0.4463911004202782,1.121294452806982,2.058219969258855,1.5198688062015706,2.058219969258855,0.3169553915689277,0.6830446084310723,0.9995168261374355,2.0120028500295524,0.20385851025675128,0.7961414897432487,True,0.5985300264804775,0.5985300264804775,1.0597539034777504e-16
PbSe/Cr,constant_gains,leg_gains_mm,alpha_preserving_flattened,2.6946428289096778,n,-2.6946428289096778,309.894134846523,363.99989585849204,0.3579686814270474,0.44867395319343306,0.5958477522860324,1.201434933041385,1.5234641876300918,1.201434933041385,0.18545252878162807,0.8145474712183719,0.4821164277716401,1.1631630610600758,0.1178530581156517,0.8821469418843483,True,0.6844391504683497,0.6844391504683497,1.2192862921204135e-16
PbSe/Cr,constant_gains,leg_gains_mm,original,2.7029508224012315,p,2.7029508224012315,309.894134846523,367.6688190311923,0.39791154498726183,0.5064825759439511,1.128219354160443,2.068896151249967,1.6154251622252056,2.068896151249967,0.33863027989158223,0.6613697201084178,0.9809691883604145,2.005344787297874,0.2031839074600127,0.7968160925399873,True,0.5817893834765363,0.5817893834765363,0.0
PbSe/Cr,constant_gains,leg_gains_mm,original,2.7029508224012315,n,-2.7029508224012315,309.894134846523,364.2107793348883,0.3089483538983497,0.388118236275108,0.5995275947180834,1.2088547878571747,1.43464095543449,1.2088547878571747,0.17571855135769723,0.8242814486423028,0.5077765289105585,1.19044406302427,0.1206172015256128,0.8793827984743872,True,0.701836900274994,0.701836900274994,2.449300579757422e-16
PbSe/Cr,constant_gains,leg_gains_mm,alpha_preserving_flattened,2.7029508224012315,p,2.7029508224012315,309.894134846523,367.9537026089368,0.3491698641079825,0.4479307735219683,1.128219354160443,2.072658765829662,1.5221095550627861,2.072658765829662,0.31964945945612144,0.6803505405438786,1.0055753434808261,2.026129570433098,0.2052898462890229,0.7947101537109771,True,0.5965882233583313,0.5965882233583313,0.0
PbSe/Cr,constant_gains,leg_gains_mm,alpha_preserving_flattened,2.7029508224012315,n,-2.7029508224012315,309.894134846523,364.0533895299335,0.35907235329167053,0.45012389613343534,0.5995275947180834,1.208854814092968,1.5256312706987851,1.208854814092968,0.18686328561572715,0.8131367143842728,0.4850525867892887,1.170669130551979,0.11861358196107295,0.881386418038927,True,0.6830967441026189,0.6830967441026189,0.0
PbSe/Cr,constant_gains,leg_gains_mm,original,2.8106854181890806,p,2.8106854181890806,309.894134846523,369.4848274340073,0.41377155956956096,0.5274843923876746,1.2199491768678876,2.2617850563281046,1.649939999639387,2.2617850563281046,0.37811136934834644,0.6218886306516536,1.058764682843997,2.1925823571774297,0.2221550396625242,0.7778449603374757,True,0.5565056018460194,0.5565056018460194,3.8884284208013924e-16
PbSe/Cr,constant_gains,leg_gains_mm,original,2.8106854181890806,n,-2.8106854181890806,309.894134846523,365.06550310223014,0.3212624610403328,0.4052403553442875,0.648272158236615,1.3071406422839007,1.4581421085122237,1.3071406422839007,0.19311785303689527,0.8068821469631047,0.5484633858599456,1.293666123860854,0.13107578290757688,0.8689242170924232,True,0.6845096083341182,0.6845096083341182,2.2913390811277677e-16
PbSe/Cr,constant_gains,leg_gains_mm,alpha_preserving_flattened,2.8106854181890806,p,2.8106854181890806,309.894134846523,369.82000392660933,0.36308712588692715,0.468133210500274,1.2199491768678876,2.2659998636513743,1.5517368200552168,2.2659998636513743,0.35626913498983137,0.6437308650101686,1.0855871955918173,2.2153478769407178,0.22446166907117357,0.7755383309288264,True,0.5710431944547851,0.5710431944547851,0.0
PbSe/Cr,constant_gains,leg_gains_mm,alpha_preserving_flattened,2.8106854181890806,n,-2.8106854181890806,309.894134846523,364.8620467388548,0.373384309883653,0.4691023288842289,0.648272158236615,1.3071405733105501,1.554186440204126,1.3071405733105501,0.20583805306884168,0.7941619469311583,0.5238160882656295,1.2703581931463812,0.1287141957793329,0.871285804220667,True,0.6655693142194059,0.6655693142194059,3.404353477775828e-16
PbSe/Cr,constant_gains,leg_gains_mp,original,2.7971504400851095,p,2.7971504400851095,309.894134846523,369.23999711049356,0.4117790245947902,0.5248513619337626,1.2082280299919828,2.2369363639034576,1.645554121729386,2.2369363639034576,0.37296326216088155,0.6270367378391184,1.0488531203194058,2.1684576755083222,0.2197106983608156,0.7802893016391844,True,0.5597129645542073,0.5597129645542073,9.808653676684792e-17
PbSe/Cr,constant_gains,leg_gains_mp,original,2.7971504400851095,n,-2.7971504400851095,309.894134846523,364.8283018176029,0.35336966109846596,0.445234356330427,0.6420436256662996,1.2945816825937564,1.5131766949689274,1.2945816825937564,0.19848119055494426,0.8015188094450557,0.5309286847437298,1.27348203605862,0.12903070724071367,0.8709692927592864,True,0.6751995911278246,0.6751995911278246,1.0594985955125021e-16
PbSe/Cr,constant_gains,leg_gains_mp,alpha_preserving_flattened,2.7971504400851095,p,2.7971504400851095,309.894134846523,369.46947610210213,0.37770173261251655,0.48681534922434117,1.2082280299919828,2.2398602596366985,1.578518735923843,2.2398602596366985,0.3582373965563932,0.6417626034436068,1.0687597515702043,2.1854380122283534,0.22143116617593464,0.7785688338240654,True,0.5697735024376913,0.5697735024376913,3.946302574442893e-16
PbSe/Cr,constant_gains,leg_gains_mp,alpha_preserving_flattened,2.7971504400851095,n,-2.7971504400851095,309.894134846523,364.69123166306616,0.3884133881885516,0.4878145475699138,0.6420436256662996,1.2945817556787012,1.5811411843266197,1.2945817556787012,0.20739600567531638,0.7926039943246836,0.51249332357051,1.2536007762611547,0.12701631446573367,0.8729836855342663,True,0.6622459305308146,0.6622459305308146,2.1061689249599426e-16
PbSe/Cr,constant_gains,leg_gains_mp,original,2.8033663637590087,p,2.8033663637590087,309.894134846523,369.35177012643857,0.41269409407075164,0.5260608535943916,1.2136039281764561,2.248326205586413,1.647566612810831,2.248326205586413,0.3753207363228232,0.6246792636771767,1.0534001313788697,2.1795160582248068,0.2208311467868198,0.7791688532131802,True,0.5582410124317675,0.5582410124317675,0.0
PbSe/Cr,constant_gains,leg_gains_mp,original,2.8033663637590087,n,-2.8033663637590087,309.894134846523,364.88097517180734,0.3541549312829302,0.44633628023075816,0.6449003390315696,1.3003417725503605,1.51475292285113,1.3003417725503605,0.199571980864671,0.800428019135329,0.5332515276821305,1.2795571744391168,0.1296462474522166,0.8703537525477834,True,0.6741860253174892,0.6741860253174892,3.1668643669311774e-16
PbSe/Cr,constant_gains,leg_gains_mp,alpha_preserving_flattened,2.8033663637590087,p,2.8033663637590087,309.894134846523,369.5832742584943,0.3785410743610953,0.48805007310460835,1.2136039281764561,2.2512638727200365,1.5803703011364576,2.2512638727200365,0.3604836039908039,0.6395163960091961,1.073406120983843,2.196583994386092,0.2225604902810131,0.7774395097189869,True,0.5682879128448995,0.5682879128448995,1.9650241552600542e-16
PbSe/Cr,constant_gains,leg_gains_mp,alpha_preserving_flattened,2.8033663637590087,n,-2.8033663637590087,309.894134846523,364.74198847845383,0.38927653374565185,0.48896831281984265,0.6449003390315696,1.3003416720504224,1.5829184734717048,1.3003416720504224,0.2085529237916071,0.7914470762083929,0.514730343382346,1.259456826889733,0.12760965644689065,0.8723903435531093,True,0.6612265483659974,0.6612265483659974,1.049233053625899e-16
PbSe/Cr,constant_gains,leg_gains_mp,original,2.8106854181890806,p,2.8106854181890806,309.894134846523,369.4848274340073,0.41377155956956096,0.5274843923876746,1.2199491768678876,2.2617850563281046,1.649939999639387,2.2617850563281046,0.37811136934834644,0.6218886306516536,1.058764682843997,2.1925823571774297,0.2221550396625242,0.7778449603374757,True,0.5565056018460194,0.5565056018460194,3.8884284208013924e-16
PbSe/Cr,constant_gains,leg_gains_mp,original,2.8106854181890806,n,-2.8106854181890806,309.894134846523,364.9438533060269,0.3550795622024731,0.447636315335116,0.648272158236615,1.307140692539163,1.5166130875502823,1.307140692539163,0.20086181786127355,0.7991381821387264,0.5359922261077124,1.2867311231418614,0.13037312042616808,0.8696268795738319,True,0.6729917561148893,0.6729917561148893,0.0
PbSe/Cr,constant_gains,leg_gains_mp,alpha_preserving_flattened,2.8106854181890806,p,2.8106854181890806,309.894134846523,369.71872067904405,0.37952937284504795,0.48950616924275697,1.2199491768678876,2.2647379044675544,1.5825556544161357,2.2647379044675544,0.3631425972949925,0.6368574027050076,1.0788881794203458,2.209752002873189,0.22389468848713812,0.7761053115128619,True,0.5665361713488737,0.5665361713488737,0.0
PbSe/Cr,constant_gains,leg_gains_mp,alpha_preserving_flattened,2.8106854181890806,n,-2.8106854181890806,309.894134846523,364.80270463685065,0.3902928604647232,0.4903284501725047,0.648272158236615,1.3071406493695998,1.585015251208083,1.3071406493695998,0.2099210647689358,0.7900789352310642,0.5173696163356007,1.2663711098678898,0.12831021978227558,0.8716897802177244,True,0.6600255802662017,0.6600255802662017,3.1341778689279037e-16
PbSe/Cr,constant_gains,leg_gains_pm,original,2.805019324153486,p,2.805019324153486,309.894134846523,369.11310866200347,0.45640453074659165,0.5816751852861612,1.2150355146207847,2.247892401388085,1.7362485557681866,2.247892401388085,0.3954464410956087,0.6045535589043913,1.0349640320133522,2.1638079834535584,0.21923958605825458,0.7807604139417454,True,0.5463641096327876,0.5463641096327876,0.0
PbSe/Cr,constant_gains,leg_gains_pm,original,2.805019324153486,n,-2.805019324153486,309.894134846523,365.0152775774613,0.3206148242387964,0.4043261212364822,0.6456610737011481,1.3018757275649036,1.4568860645287216,1.3018757275649036,0.1921743291988635,0.8078256708011364,0.5462891620628539,1.288119423510094,0.1305137846627285,0.8694862153372716,True,0.6854268547844335,0.6854268547844335,1.1496245055636893e-16
PbSe/Cr,constant_gains,leg_gains_pm,alpha_preserving_flattened,2.805019324153486,p,2.805019324153486,309.894134846523,369.5787570648437,0.384088723331158,0.4946014748115822,1.2150355146207847,2.2538626083251323,1.5910772398114466,2.2538626083251323,0.36334480613755565,0.6366551938624443,1.071833967960768,2.1969408963363226,0.2225966520090547,0.7774033479909452,True,0.5663526115027472,0.5663526115027472,0.0
PbSe/Cr,constant_gains,leg_gains_pm,alpha_preserving_flattened,2.805019324153486,n,-2.805019324153486,309.894134846523,364.73504046020344,0.39498151454634456,0.4960061490695323,0.6456610737011481,1.3018758502931238,1.5940379490174508,1.3018758502931238,0.21026572352257059,0.7897342764774294,0.5126765116105848,1.2584360986749175,0.1275062350559884,0.8724937649440117,True,0.6590370276803581,0.6590370276803581,0.0
PbSe/Cr,constant_gains,leg_gains_pm,original,2.8106854181890806,p,2.8106854181890806,309.894134846523,369.2138924463633,0.4573264605768833,0.5828945437096182,1.2199491768678876,2.258298070865649,1.7383871733647431,2.258298070865649,0.3977663379895832,0.6022336620104167,1.039032887762809,2.1738437220776836,0.22025641897437606,0.7797435810256239,True,0.5450308085794421,0.5450308085794421,3.600654209246458e-16
PbSe/Cr,constant_gains,leg_gains_pm,original,2.8106854181890806,n,-2.8106854181890806,309.894134846523,365.06550310223014,0.3212624610403328,0.4052403553442875,0.648272158236615,1.3071406422839007,1.4581421085122237,1.3071406422839007,0.19311785303689527,0.8068821469631047,0.5484633858599456,1.293666123860854,0.13107578290757688,0.8689242170924232,True,0.6845096083341182,0.6845096083341182,2.2913390811277677e-16
PbSe/Cr,constant_gains,leg_gains_pm,alpha_preserving_flattened,2.8106854181890806,p,2.8106854181890806,309.894134846523,369.6834326036539,0.38486457639058835,0.4957315651067314,1.2199491768678876,2.264295842112928,1.5927957239354888,2.264295842112928,0.36542100255247356,0.6345789974475264,1.0760662889684967,2.207124422164836,0.223628458899652,0.776371541100348,True,0.564997929183281,0.564997929183281,1.8197838107729322e-16
PbSe/Cr,constant_gains,leg_gains_pm,alpha_preserving_flattened,2.8106854181890806,n,-2.8106854181890806,309.894134846523,364.78189289562096,0.3957793708692833,0.4970692899151593,0.648272158236615,1.307140323504874,1.5956926229743513,1.307140323504874,0.21133513428145254,0.7886648657185474,0.5147091139321629,1.2637694678103484,0.1280466183295918,0.8719533816704081,True,0.6581064045462149,0.6581064045462149,1.1304718741426736e-16
PbSe/Cr,constant_gains,leg_gains_pm,original,2.8178875975553512,p,2.8178875975553512,309.894134846523,369.3431391984723,0.4584983267618008,0.5844438156360223,1.2262092512643203,2.2715671948974494,1.741110136720201,2.2715671948974494,0.40073021253420077,0.5992697874657993,1.0442143147517442,2.1866418059086072,0.2215531359764791,0.7784468640235209,True,0.5433341056468192,0.5433341056468192,0.0
PbSe/Cr,constant_gains,leg_gains_pm,original,2.8178875975553512,n,-2.8178875975553512,309.894134846523,365.13012192514384,0.32208567300602936,0.40640459330713546,0.6515987164380939,1.3138481534806858,1.4597419788102428,1.3138481534806858,0.19432180110546213,0.8056781988945378,0.5512325114618629,1.300735550319325,0.13179206556402162,0.8682079344359783,True,0.6833428851418564,0.6833428851418564,3.4220175604521945e-16
PbSe/Cr,constant_gains,leg_gains_pm,alpha_preserving_flattened,2.8178875975553512,p,2.8178875975553512,309.894134846523,369.8176141026609,0.3858507642054719,0.4971695631076455,1.2262092512643203,2.277597854379507,1.5949848765640848,2.277597854379507,0.36807292217600523,0.6319270778239947,1.0814562960537626,2.220107402014096,0.22494390978518364,0.7750560902148164,True,0.5632737157460528,0.5632737157460528,0.0
PbSe/Cr,constant_gains,leg_gains_pm,alpha_preserving_flattened,2.8178875975553512,n,-2.8178875975553512,309.894134846523,364.8422426572563,0.3967935270605183,0.4984219433969659,0.6515987164380939,1.3138481251581253,1.5977997367958179,1.3138481251581253,0.2127001350059811,0.7872998649940189,0.517297614231002,1.2705663300355525,0.12873528445530336,0.8712647155446966,True,0.6569228968822859,0.6569228968822859,1.1255489503880785e-16
PbSe/Cr,constant_gains,leg_gains_pp,original,2.8106854181890806,p,2.8106854181890806,309.894134846523,369.2138924463633,0.4573264605768833,0.5828945437096182,1.2199491768678876,2.258298070865649,1.7383871733647431,2.258298070865649,0.3977663379895832,0.6022336620104167,1.039032887762809,2.1738437220776836,0.22025641897437606,0.7797435810256239,True,0.5450308085794421,0.5450308085794421,3.600654209246458e-16
PbSe/Cr,constant_gains,leg_gains_pp,original,2.8106854181890806,n,-2.8106854181890806,309.894134846523,364.9438533060269,0.3550795622024731,0.447636315335116,0.648272158236615,1.307140692539163,1.5166130875502823,1.307140692539163,0.20086181786127355,0.7991381821387264,0.5359922261077124,1.2867311231418614,0.13037312042616808,0.8696268795738319,True,0.6729917561148893,0.6729917561148893,0.0
PbSe/Cr,constant_gains,leg_gains_pp,alpha_preserving_flattened,2.8106854181890806,p,2.8106854181890806,309.894134846523,369.58246721951883,0.40130682334870904,0.5170874129619368,1.2199491768678876,2.2630242547593116,1.624390285838895,2.2630242547593116,0.3724601784082742,0.6275398215917258,1.0692594028357816,2.2012411753794225,0.22303236137169394,0.7769676386283061,True,0.5605739937364288,0.5605739937364288,1.815512070496604e-16
PbSe/Cr,constant_gains,leg_gains_pp,alpha_preserving_flattened,2.8106854181890806,n,-2.8106854181890806,309.894134846523,364.72331001718027,0.41268792145035343,0.5182862648898884,0.648272158236615,1.307140490763813,1.6273100554415818,1.307140490763813,0.21552260638329288,0.7844773936167071,0.5081368997760429,1.259445740963164,0.12760853320768892,0.872391466792311,True,0.6526634958380847,0.6526634958380847,2.0821833212240225e-16
PbSe/Cr,constant_gains,leg_gains_pp,original,2.903333155368618,p,2.903333155368618,309.894134846523,370.9837648559494,0.47240116849352887,0.6027492082642192,1.3017002988058093,2.4325221614715313,1.7737905824121014,2.4325221614715313,0.4371791133847966,0.5628208866152034,1.1064861560611723,2.341918766783829,0.23728598144474156,0.7627140185552584,True,0.5230558620844469,0.5230558620844469,0.0
PbSe/Cr,constant_gains,leg_gains_pp,original,2.903333155368618,n,-2.903333155368618,309.894134846523,365.8217809301077,0.36678393784830954,0.4643442522917958,0.6917141124277117,1.3947344982009098,1.5405646672688567,1.3947344982009098,0.21770666795035068,0.7822933320496493,0.5712067185905573,1.3794856061385263,0.13977111443152326,0.8602288855684768,True,0.6578091041848529,0.6578091041848529,0.0
PbSe/Cr,constant_gains,leg_gains_pp,alpha_preserving_flattened,2.903333155368618,p,2.903333155368618,309.894134846523,371.4026683163612,0.41453497362741276,0.5366297995640358,1.3017002988058093,2.4374316005021126,1.65484678174656,2.4374316005021126,0.40868667840152556,0.5913133215984745,1.1389686698191301,2.37126580258993,0.24025945784900976,0.7597405421509902,True,0.538272829439624,0.538272829439624,1.7117924830695596e-16
PbSe/Cr,constant_gains,leg_gains_pp,alpha_preserving_flattened,2.903333155368618,n,-2.903333155368618,309.894134846523,365.55822191458685,0.42629122327711444,0.5365747508200168,0.6917141124277117,1.3947343603304134,1.6565031692254728,1.3947343603304134,0.23409062756963023,0.7659093724303698,0.5413950417780978,1.3484215456248247,0.1366236670515378,0.8633763329484622,True,0.637354068943532,0.637354068943532,2.96017233061288e-16
PbSe/Cr,constant_gains,leg_gains_pp,original,2.91430277235319,p,2.91430277235319,309.894134846523,371.2088278530267,0.47418603423374056,0.6050857488426151,1.3115552677600903,2.453621443501146,1.7780346028236302,2.453621443501146,0.44202621011776094,0.557973789882239,1.1145859654471932,2.362281484049115,0.23934915606023457,0.7606508439397655,True,0.5204347699981644,0.5204347699981644,1.685982145730339e-16
PbSe/Cr,constant_gains,leg_gains_pp,original,2.91430277235319,n,-2.91430277235319,309.894134846523,365.93576613532775,0.3681697517039634,0.46635445128603886,0.6969509715645399,1.405293779702942,1.543451781755435,1.405293779702942,0.21976597034962533,0.7802340296503747,0.5754396158311498,1.3907078964476867,0.14090817016882534,0.8590918298311747,True,0.6560052422291294,0.6560052422291294,9.899367961463444e-17
PbSe/Cr,constant_gains,leg_gains_pp,alpha_preserving_flattened,2.91430277235319,p,2.91430277235319,309.894134846523,371.63384415686374,0.41610120445386606,0.5389659366203762,1.3115552677600903,2.4585266354166055,1.6585203608344934,2.4585266354166055,0.41313879632726774,0.5868612036727323,1.1473441330549368,2.3918485070074365,0.2423449218231519,0.7576550781768481,True,0.5356093104687929,0.5356093104687929,1.7000302859631234e-16
PbSe/Cr,constant_gains,leg_gains_pp,alpha_preserving_flattened,2.91430277235319,n,-2.91430277235319,309.894134846523,365.6672038683325,0.42790187255261614,0.5387582102467595,0.6969509715645399,1.4052938850860586,1.6600134466265664,1.4052938850860586,0.2363627406836552,0.7636372593163447,0.5453900073522896,1.3591762229862285,0.1377133436914867,0.8622866563085133,True,0.6355372866607175,0.6355372866607175,2.9417244988000697e-16
PbSe/Cr,multiplicative_temperature_drifts,multiplicative_temperature_drifts_mm,original,2.8106854181890806,p,2.8106854181890806,309.894134846523,369.67581080979835,0.3959543043937498,0.4774318289771225,1.2199491768678876,2.264200200787086,1.585785033418128,2.264200200787086,0.3637972349402551,0.6362027650597448,1.0868824780786437,2.208050439887204,0.2237222841113561,0.7762777158886439,True,0.5640611100855639,0.5640611100855639,1.8224778899683865e-16
PbSe/Cr,multiplicative_temperature_drifts,multiplicative_temperature_drifts_mm,original,2.8106854181890806,n,-2.8106854181890806,309.894134846523,365.20444116435146,0.29392337015425757,0.3518355508301901,0.648272158236615,1.307140426969832,1.3942460147990674,1.307140426969832,0.18465535770453817,0.8153446422954618,0.573910144593414,1.2964028758750672,0.13135307386099251,0.8686469261390075,True,0.6969420507693234,0.6969420507693234,1.0654578997879011e-16
PbSe/Cr,multiplicative_temperature_drifts,multiplicative_temperature_drifts_mm,alpha_preserving_flattened,2.8106854181890806,p,2.8106854181890806,309.894134846523,370.0318716681642,0.34088593126898276,0.41481910273664613,1.2199491768678876,2.2686066180903333,1.4863864829111233,2.2686066180903333,0.34165768709027494,0.658342312909725,1.1138661691979068,2.2263266568793822,0.2255740520495078,0.7744259479504922,True,0.5799644086554564,0.5799644086554564,0.0
PbSe/Cr,multiplicative_temperature_drifts,multiplicative_temperature_drifts_mm,alpha_preserving_flattened,2.8106854181890806,n,-2.8106854181890806,309.894134846523,364.9851140533359,0.35055348736202113,0.4183286217293734,0.648272158236615,1.307140198365418,1.491683492658824,1.307140198365418,0.19756004164435012,0.8024399583556499,0.5492619488053299,1.2728124078522722,0.1289628597182462,0.8710371402817538,True,0.67614975502179,0.67614975502179,1.0552480697870485e-16
PbSe/Cr,multiplicative_temperature_drifts,multiplicative_temperature_drifts_mm,original,2.824768856473626,p,2.824768856473626,309.894134846523,369.9399849160276,0.3979383037318978,0.4798240695465016,1.2322053498671028,2.290261758064729,1.589619137521172,2.290261758064729,0.36887435125066825,0.6311256487493317,1.0975717748683154,2.233654790385479,0.2263165472102346,0.7736834527897654,True,0.5607188120790976,0.5607188120790976,1.8061098042447105e-16
PbSe/Cr,multiplicative_temperature_drifts,multiplicative_temperature_drifts_mm,original,2.824768856473626,n,-2.824768856473626,309.894134846523,365.33550030377603,0.295396125382276,0.35378235457957297,0.654784999814427,1.3202728337186556,1.3968243161946339,1.3202728337186556,0.18685543241691227,0.8131445675830877,0.5796091861715491,1.310029162531424,0.13273370535366438,0.8672662946463356,True,0.6946943667058226,0.6946943667058226,0.0
PbSe/Cr,multiplicative_temperature_drifts,multiplicative_temperature_drifts_mm,alpha_preserving_flattened,2.824768856473626,p,2.824768856473626,309.894134846523,370.3030561239031,0.3425940007469927,0.417037632416404,1.2322053498671028,2.2947014423826633,1.4896459463193568,2.2947014423826633,0.34634546256800536,0.6536545374319946,1.1248607410645992,2.2519535333976775,0.2281705975113975,0.7718294024886025,True,0.5765798835065734,0.5765798835065734,0.0
PbSe/Cr,multiplicative_temperature_drifts,multiplicative_temperature_drifts_mm,alpha_preserving_flattened,2.824768856473626,n,-2.824768856473626,309.894134846523,365.1100919587955,0.35230999784617056,0.42050032509873253,0.654784999814427,1.320272776778573,1.494893803941659,1.320272776778573,0.19997433669188341,0.8000256633081166,0.5546990907718701,1.285899864462229,0.13028889631283477,0.8697111036871652,True,0.673874656196563,0.673874656196563,1.0465600352579975e-16
PbSe/Cr,multiplicative_temperature_drifts,multiplicative_temperature_drifts_mm,original,2.8342300906346907,p,2.8342300906346907,309.894134846523,370.1205151135076,0.39927115171506505,0.48143110060425376,1.2404734297039675,2.3078687162942484,1.5921975359609186,2.3078687162942484,0.3723130871384681,0.6276869128615319,1.1047784136232357,2.25095903762141,0.22806983402221878,0.7719301659777812,True,0.5584684646080591,0.5584684646080591,0.0
PbSe/Cr,multiplicative_temperature_drifts,multiplicative_temperature_drifts_mm,original,2.8342300906346907,n,-2.8342300906346907,309.894134846523,365.4256163882859,0.2963855202866088,0.3550943280309719,0.6591785975658332,1.3291316162294062,1.3985620504466916,1.3291316162294062,0.18834321650239094,0.8116567834976091,0.5834522532055854,1.3192264257140542,0.13366558294559858,0.8663344170544014,True,0.693182473046996,0.693182473046996,1.0508438241487703e-16
PbSe/Cr,multiplicative_temperature_drifts,multiplicative_temperature_drifts_mm,alpha_preserving_flattened,2.8342300906346907,p,2.8342300906346907,309.894134846523,370.4883182455484,0.3437414794356702,0.41852864236127196,1.2404734297039675,2.3123267361205393,1.4918415741533586,2.3123267361205393,0.34952010412800444,0.6504798958719955,1.1322740236167275,2.269263129946043,0.22992442632204924,0.7700755736779508,True,0.5743002396070018,0.5743002396070018,1.810489233285951e-16
PbSe/Cr,multiplicative_temperature_drifts,multiplicative_temperature_drifts_mm,alpha_preserving_flattened,2.8342300906346907,n,-2.8342300906346907,309.894134846523,365.19610498278087,0.353490019135087,0.42196062393723527,0.6591785975658332,1.3291318158456997,1.497055986805874,1.3291318158456997,0.20160734526971968,0.7983926547302803,0.5583650785220963,1.2947311851469563,0.1311836961777364,0.8688163038222636,True,0.6723447032898718,0.6723447032898718,1.0407852152967567e-16
PbSe/Cr,multiplicative_temperature_drifts,multiplicative_temperature_drifts_mp,original,2.801570239026658,p,2.801570239026658,309.894134846523,369.5076446796949,0.3946702067849157,0.47588343097427166,1.2120493074447816,2.2474272410081135,1.5833061562655477,2.2474272410081135,0.36053779278673886,0.6394622072132612,1.0799884409905942,2.1915774402772263,0.22205322029273342,0.7779467797072666,True,0.5662194922290068,0.5662194922290068,0.0
PbSe/Cr,multiplicative_temperature_drifts,multiplicative_temperature_drifts_mp,original,2.801570239026658,n,-2.801570239026658,309.894134846523,364.7345463147488,0.38117845220537716,0.4989814918878666,0.6440742248326573,1.2986761440160464,1.5828052043253626,1.2986761440160464,0.20827089678031174,0.7917291032196883,0.5073842134015983,1.2716180599781008,0.12884184697795445,0.8711581530220456,True,0.6628401272720129,0.6628401272720129,2.2710258401269986e-16
PbSe/Cr,multiplicative_temperature_drifts,multiplicative_temperature_drifts_mp,alpha_preserving_flattened,2.801570239026658,p,2.801570239026658,309.894134846523,369.5314399864232,0.38266826415703803,0.4896997511803564,1.2120493074447816,2.247727610182488,1.5848452549338787,2.247727610182488,0.3609364968051196,0.6390635031948804,1.0721072576510466,2.1917519261328264,0.22207089940615166,0.7779291005938483,True,0.5677893503291894,0.5677893503291894,1.8355494028048743e-16
PbSe/Cr,multiplicative_temperature_drifts,multiplicative_temperature_drifts_mp,alpha_preserving_flattened,2.801570239026658,n,-2.801570239026658,309.894134846523,364.71583367407277,0.39352077102052796,0.49126567894322987,0.6440742248326573,1.298675685581893,1.5881160495786801,1.298675685581893,0.20896964211073724,0.7910303578892628,0.5139618903154065,1.2556157653962186,0.12722047554992477,0.8727795244500752,True,0.6603149917561189,0.6603149917561189,1.1336811417940477e-16
PbSe/Cr,multiplicative_temperature_drifts,multiplicative_temperature_drifts_mp,original,2.80247196567083,p,2.80247196567083,309.894134846523,369.52418509685185,0.39479723720384335,0.4760366448551247,1.2128296648517147,2.2490831919489813,1.5835512844456703,2.2490831919489813,0.3608593042536611,0.6391406957463389,1.08066958421518,2.1932040867134464,0.2222180340350188,0.7777819659649812,True,0.5660061450828012,0.5660061450828012,0.0
PbSe/Cr,multiplicative_temperature_drifts,multiplicative_temperature_drifts_mp,original,2.80247196567083,n,-2.80247196567083,309.894134846523,364.74191458871337,0.381301140104381,0.49916183885251153,0.6444889011076863,1.2995119900867318,1.5830738611810977,1.2995119900867318,0.20844031636877652,0.7915596836312235,0.5077040374969334,1.2725117018194647,0.12893239182707375,0.8710676081729263,True,0.6626913241533903,0.6626913241533903,0.0
PbSe/Cr,multiplicative_temperature_drifts,multiplicative_temperature_drifts_mp,alpha_preserving_flattened,2.80247196567083,p,2.80247196567083,309.894134846523,369.5479659747803,0.3827914315739611,0.48987746608769284,1.2128296648517147,2.249383190856482,1.5851145760671734,2.249383190856482,0.36126372832061565,0.6387362716793843,1.0727818352286782,2.1933684518858283,0.22223468770883412,0.7777653122911659,True,0.5675740526735803,0.5675740526735803,1.8344850376002332e-16
PbSe/Cr,multiplicative_temperature_drifts,multiplicative_temperature_drifts_mp,alpha_preserving_flattened,2.80247196567083,n,-2.80247196567083,309.894134846523,364.72320233446993,0.3936474314766255,0.4914330810816771,0.6444889011076863,1.2995121665291793,1.588375762925062,1.2995121665291793,0.20913843605660212,0.7908615639433979,0.5142865731248217,1.2564614536921734,0.1273061616890634,0.8726938383109366,True,0.6601671220302713,0.6601671220302713,1.133060152007492e-16
PbSe/Cr,multiplicative_temperature_drifts,multiplicative_temperature_drifts_mp,original,2.8106854181890806,p,2.8106854181890806,309.894134846523,369.67581080979835,0.3959543043937498,0.4774318289771225,1.2199491768678876,2.264200200787086,1.585785033418128,2.264200200787086,0.3637972349402551,0.6362027650597448,1.0868824780786437,2.208050439887204,0.2237222841113561,0.7762777158886439,True,0.5640611100855639,0.5640611100855639,1.8224778899683865e-16
PbSe/Cr,multiplicative_temperature_drifts,multiplicative_temperature_drifts_mp,original,2.8106854181890806,n,-2.8106854181890806,309.894134846523,364.810048934633,0.3824186530885484,0.5008079339378338,0.648272158236615,1.3071403053020305,1.5855251028104302,1.3071403053020305,0.2099885347707459,0.7900114652292541,0.5106210084675343,1.2806679915057142,0.12975879675221436,0.8702412032477856,True,0.6613353515685685,0.6613353515685685,1.1292462458325067e-16
PbSe/Cr,multiplicative_temperature_drifts,multiplicative_temperature_drifts_mp,alpha_preserving_flattened,2.8106854181890806,p,2.8106854181890806,309.894134846523,369.69959855118003,0.3839133122871812,0.49149766200225353,1.2199491768678876,2.264498509382635,1.5875714654249755,2.264498509382635,0.3642550472029515,0.6357449527970485,1.078934687592321,2.2081269811784745,0.22373003936558514,0.7762699606344149,True,0.5656111313290457,0.5656111313290457,3.649656522565345e-16
PbSe/Cr,multiplicative_temperature_drifts,multiplicative_temperature_drifts_mp,alpha_preserving_flattened,2.8106854181890806,n,-2.8106854181890806,309.894134846523,364.79104369801865,0.39480112882916646,0.492958988460976,0.648272158236615,1.3071405343973512,1.590744407786923,1.3071405343973512,0.2106798216810687,0.7893201783189313,0.5172479495905734,1.2641786155159498,0.12808807365940786,0.8719119263405921,True,0.6588197412270613,0.6588197412270613,3.3822834095450314e-16
PbSe/Cr,multiplicative_temperature_drifts,multiplicative_temperature_drifts_pm,original,2.7996917697958295,p,2.7996917697958295,309.894134846523,368.8348517033379,0.4732852498733599,0.6308595841761858,1.2104244800564743,2.2357096733875665,1.8029340327719345,2.2357096733875665,0.4084091817401481,0.5915908182598519,1.0037606789925269,2.1405531414842844,0.21688337794451223,0.7831166220554877,True,0.540625428757458,0.540625428757458,0.0
PbSe/Cr,multiplicative_temperature_drifts,multiplicative_temperature_drifts_pm,original,2.7996917697958295,n,-2.7996917697958295,309.894134846523,365.10451888364935,0.2927737252437584,0.3503206412697454,0.6432108033248168,1.2969352551532398,1.3922402872960589,1.2969352551532398,0.1829501405385241,0.8170498594614759,0.5694793480491811,1.2858194070910278,0.1302807442767519,0.869719255723248,True,0.698694054548935,0.698694054548935,0.0
PbSe/Cr,multiplicative_temperature_drifts,multiplicative_temperature_drifts_pm,alpha_preserving_flattened,2.7996917697958295,p,2.7996917697958295,309.894134846523,369.500039081331,0.37899243399412147,0.4915291352026611,1.2104244800564743,2.244318432594331,1.5844385393746516,2.244318432594331,0.3602965706344701,0.6397034293655299,1.0678157370629011,2.1890276225816843,0.2217948697457489,0.7782051302542511,True,0.568551834211258,0.568551834211258,1.9639702752804091e-16
PbSe/Cr,multiplicative_temperature_drifts,multiplicative_temperature_drifts_pm,alpha_preserving_flattened,2.7996917697958295,n,-2.7996917697958295,309.894134846523,364.7029871022663,0.389740693979026,0.49237609878364824,0.6432108033248168,1.2969352269849037,1.586759555906943,1.2969352269849037,0.2085113324890198,0.7914886675109802,0.5108892940365248,1.2555750033684316,0.12721634549302174,0.8727836545069783,True,0.6611156687823616,0.6611156687823616,2.108289210544495e-16
PbSe/Cr,multiplicative_temperature_drifts,multiplicative_temperature_drifts_pm,original,2.8106854181890806,p,2.8106854181890806,309.894134846523,369.0262708590841,0.47514371575269454,0.6335818496163172,1.2199491768678876,2.2558421364811916,1.8077275564486015,2.2558421364811916,0.4131825174943013,0.5868174825056987,1.0114002351994782,2.1598195885407594,0.2188354771648567,0.7811645228351433,True,0.5380406410719216,0.5380406410719216,0.0
PbSe/Cr,multiplicative_temperature_drifts,multiplicative_temperature_drifts_pm,original,2.8106854181890806,n,-2.8106854181890806,309.894134846523,365.20444116435146,0.29392337015425757,0.3518355508301901,0.648272158236615,1.307140426969832,1.3942460147990674,1.307140426969832,0.18465535770453817,0.8153446422954618,0.573910144593414,1.2964028758750672,0.13135307386099251,0.8686469261390075,True,0.6969420507693234,0.6969420507693234,1.0654578997879011e-16
PbSe/Cr,multiplicative_temperature_drifts,multiplicative_temperature_drifts_pm,alpha_preserving_flattened,2.8106854181890806,p,2.8106854181890806,309.894134846523,369.7025727611501,0.3804806369484551,0.49373871791404567,1.2199491768678876,2.264535768021827,1.587763061829668,2.264535768021827,0.36430500134942356,0.6356949986505764,1.076018694423742,2.2087794705940986,0.22379615036549028,0.7762038496345097,True,0.56592126082579,0.56592126082579,1.9497194555673135e-16
PbSe/Cr,multiplicative_temperature_drifts,multiplicative_temperature_drifts_pm,alpha_preserving_flattened,2.8106854181890806,n,-2.8106854181890806,309.894134846523,364.79356593197775,0.39127110250484,0.4944382450065067,0.648272158236615,1.3071406275248114,1.5899460668020509,1.3071406275248114,0.2105741035842174,0.7894258964157825,0.5148300093738093,1.2659663293955057,0.12826920694569832,0.8717307930543017,True,0.659310008463794,0.659310008463794,2.0946775929016764e-16
PbSe/Cr,multiplicative_temperature_drifts,multiplicative_temperature_drifts_pm,original,2.818386927374105,p,2.818386927374105,309.894134846523,369.16224753516616,0.4764456486077181,0.6354905540815015,1.2266438584445316,2.2700144968335167,1.81109678788368,2.2700144968335167,0.41655326764776857,0.5834467323522314,1.0167656968904333,2.173380659694224,0.2202095009455837,0.7797904990544163,True,0.5362271233148329,0.5362271233148329,0.0
PbSe/Cr,multiplicative_temperature_drifts,multiplicative_temperature_drifts_pm,original,2.818386927374105,n,-2.818386927374105,309.894134846523,365.27570459819515,0.294728744359527,0.3528993263402169,0.6518296635464184,1.314313217396403,1.395654716999909,1.314313217396403,0.1858562275578292,0.8141437724421707,0.5770234652334985,1.3038448789531603,0.1321071064215348,0.8678928935784652,True,0.6957133425262492,0.6957133425262492,1.060643217827834e-16
PbSe/Cr,multiplicative_temperature_drifts,multiplicative_temperature_drifts_pm,alpha_preserving_flattened,2.818386927374105,p,2.818386927374105,309.894134846523,369.84635472997803,0.38152318518285355,0.4952896380222768,1.2266438584445316,2.278763375537252,1.590099792154098,2.278763375537252,0.36713337460721485,0.6328666253927852,1.0817811828764758,2.222682662458934,0.22520483822164195,0.774795161778358,True,0.5640748496891226,0.5640748496891226,1.9398184491812374e-16
PbSe/Cr,multiplicative_temperature_drifts,multiplicative_temperature_drifts_pm,alpha_preserving_flattened,2.818386927374105,n,-2.818386927374105,309.894134846523,364.8583237700282,0.3923432175022264,0.4958851754888407,0.6518296635464184,1.3143136486327294,1.5921844480980172,1.3143136486327294,0.21202772332445458,0.7879722766755455,0.5175981787574416,1.2732736205072221,0.12900959033035655,0.8709904096696435,True,0.6580441155503866,0.6580441155503866,2.085222645312714e-16
PbSe/Cr,multiplicative_temperature_drifts,multiplicative_temperature_drifts_pp,original,2.7726188281593522,p,2.7726188281593522,309.894134846523,368.3768358918991,0.4687085946552887,0.6241683054489437,1.1871281226764332,2.186632170975733,1.7912099211620636,2.186632170975733,0.3968464266056669,0.6031535733943332,0.9850458414220014,2.0935872320214433,0.21212473640689827,0.7878752635931017,True,0.546969710508266,0.546969710508266,9.841605236420276e-17
PbSe/Cr,multiplicative_temperature_drifts,multiplicative_temperature_drifts_pp,original,2.7726188281593522,n,-2.7726188281593522,309.894134846523,364.50455295368215,0.37723935625488775,0.4932160168948639,0.6308312877153349,1.2719738772205178,1.5742270501597955,1.2719738772205178,0.20288307446204845,0.7971169255379515,0.49716007990843797,1.2431159721351042,0.12595398170142413,0.8740460182985759,True,0.6676104299866819,0.6676104299866819,1.1557759754983654e-16
PbSe/Cr,multiplicative_temperature_drifts,multiplicative_temperature_drifts_pp,alpha_preserving_flattened,2.7726188281593522,p,2.7726188281593522,309.894134846523,368.7047864556644,0.4177722262661983,0.5608257327578362,1.1871281226764332,2.190981841665029,1.6806673292243264,2.190981841665029,0.3730961698732043,0.6269038301267957,1.0141207341676048,2.12323697505108,0.21512888346535225,0.7848711165346478,True,0.561317797990075,0.561317797990075,2.9771329650786863e-16
PbSe/Cr,multiplicative_temperature_drifts,multiplicative_temperature_drifts_pp,alpha_preserving_flattened,2.7726188281593522,n,-2.7726188281593522,309.894134846523,364.3176773220413,0.4296202846959112,0.560504773897063,0.6308312877153349,1.2719734771391622,1.6812770236201424,1.2719734771391622,0.21667938195499026,0.7833206180450097,0.4701937950577597,1.2173599001187911,0.12334434599875402,0.876655654001246,True,0.6491053100573394,0.6491053100573394,2.2896783922006347e-16
PbSe/Cr,multiplicative_temperature_drifts,multiplicative_temperature_drifts_pp,original,2.7822795116439765,p,2.7822795116439765,309.894134846523,368.53809946063063,0.4703417240755682,0.6265538862750701,1.195415196849199,2.2040624070665458,1.7953805421211881,2.2040624070665458,0.40094117235654325,0.5990588276434567,0.9917079048648475,2.1102674366138188,0.21381479447959412,0.7861852055204059,True,0.5447092216355158,0.5447092216355158,1.9557213710673484e-16
PbSe/Cr,multiplicative_temperature_drifts,multiplicative_temperature_drifts_pp,original,2.7822795116439765,n,-2.7822795116439765,309.894134846523,364.57966969773025,0.3785537778341213,0.4951339900884619,0.6352349789192904,1.2808529154836514,1.5770792717767221,1.2808529154836514,0.20466945797554867,0.7953305420244513,0.5005621505285411,1.2525858637916278,0.12691348233302782,0.8730865176669722,True,0.6660202629780148,0.6660202629780148,1.1489529437602615e-16
PbSe/Cr,multiplicative_temperature_drifts,multiplicative_temperature_drifts_pp,alpha_preserving_flattened,2.7822795116439765,p,2.7822795116439765,309.894134846523,368.87091718403974,0.4192278772217622,0.5631229772401907,1.195415196849199,2.2084583339030983,1.684272767316016,2.2084583339030983,0.3768789587082673,0.6231210412917327,1.0210034136258899,2.1402353432124737,0.21685117824745287,0.7831488217525471,True,0.5590301832614498,0.5590301832614498,9.86013854058033e-17
PbSe/Cr,multiplicative_temperature_drifts,multiplicative_temperature_drifts_pp,alpha_preserving_flattened,2.7822795116439765,n,-2.7822795116439765,309.894134846523,364.3883199165058,0.43111721804530223,0.5626032684836343,0.6352349789192904,1.2808532290525523,1.68469347219297,1.2808532290525523,0.21863541699644512,0.7813645830035549,0.4734023250474173,1.226495221118039,0.12426994753535052,0.8757300524646495,True,0.6475016856337374,0.6475016856337374,1.138089503486184e-16
PbSe/Cr,multiplicative_temperature_drifts,multiplicative_temperature_drifts_pp,original,2.8106854181890806,p,2.8106854181890806,309.894134846523,369.0262708590841,0.47514371575269454,0.6335818496163172,1.2199491768678876,2.2558421364811916,1.8077275564486015,2.2558421364811916,0.4131825174943013,0.5868174825056987,1.0114002351994782,2.1598195885407594,0.2188354771648567,0.7811645228351433,True,0.5380406410719216,0.5380406410719216,0.0
PbSe/Cr,multiplicative_temperature_drifts,multiplicative_temperature_drifts_pp,original,2.8106854181890806,n,-2.8106854181890806,309.894134846523,364.810048934633,0.3824186530885484,0.5008079339378338,0.648272158236615,1.3071403053020305,1.5855251028104302,1.3071403053020305,0.2099885347707459,0.7900114652292541,0.5106210084675343,1.2806679915057142,0.12975879675221436,0.8702412032477856,True,0.6613353515685685,0.6613353515685685,1.1292462458325067e-16
PbSe/Cr,multiplicative_temperature_drifts,multiplicative_temperature_drifts_pp,alpha_preserving_flattened,2.8106854181890806,p,2.8106854181890806,309.894134846523,369.3735165661828,0.4235080179666535,0.5699155389690721,1.2199491768678876,2.2603610381785746,1.6949615209302673,2.2603610381785746,0.388184250090085,0.611815749909915,1.041351820438744,2.1907398156770688,0.2219683511767975,0.7780316488232025,True,0.552277975451548,0.552277975451548,0.0
PbSe/Cr,multiplicative_temperature_drifts,multiplicative_temperature_drifts_pp,alpha_preserving_flattened,2.8106854181890806,n,-2.8106854181890806,309.894134846523,364.60574790512635,0.43551874397198537,0.5687988952361418,0.648272158236615,1.3071406996128054,1.694804779565522,1.3071406996128054,0.2244617124698416,0.7755382875301584,0.4828864688287823,1.2535779123564446,0.12701399786784573,0.8729860021321543,True,0.6427793644020664,0.6427793644020664,1.1185936803197666e-16
PbSe/Cr,common_additive_temperature_drift,common_additive_temperature_drift_minus,original,2.7999194822679043,p,2.7999194822679043,309.894134846523,369.50820335684665,0.3770214580677712,0.47718403030579215,1.2106213874179896,2.2447865883682487,1.5764856491885202,2.2447865883682487,0.3585628864377582,0.6414371135622419,1.066772109823004,2.1878604386735288,0.2216766092906463,0.7783233907093536,True,0.568724133173959,0.568724133173959,1.8406178556427514e-16
PbSe/Cr,common_additive_temperature_drift,common_additive_temperature_drift_minus,original,2.7999194822679043,n,-2.7999194822679043,309.894134846523,364.7033036186723,0.395347471007579,0.4996020812561437,0.6433154384708071,1.29714620584687,1.5909960540364387,1.29714620584687,0.20910204818168004,0.7908979518183199,0.5143286720836825,1.2655806295748224,0.12823012738333606,0.8717698726166639,True,0.6606364211135649,0.6606364211135649,0.0
PbSe/Cr,common_additive_temperature_drift,common_additive_temperature_drift_minus,alpha_preserving_flattened,2.7999194822679043,p,2.7999194822679043,309.894134846523,369.50271181117677,0.38073302276060383,0.4904745376010283,1.2106213874179896,2.244717275189899,1.5844296210797737,2.244717275189899,0.36035857134940424,0.6396414286505958,1.069430339170866,2.18909748836971,0.22180194863008776,0.7781980513699123,True,0.5683404062290458,0.5683404062290458,1.840425353525839e-16
PbSe/Cr,common_additive_temperature_drift,common_additive_temperature_drift_minus,alpha_preserving_flattened,2.7999194822679043,n,-2.7999194822679043,309.894134846523,364.7036003783115,0.39153064600163406,0.49168891495822453,0.6433154384708071,1.2971462019231708,1.5872327896610108,1.2971462019231708,0.20860744777667595,0.791392552223324,0.5121705688237553,1.2549287674087146,0.12715086810067097,0.872849131899329,True,0.6608319720455381,0.6608319720455381,1.1341176858211877e-16
PbSe/Cr,common_additive_temperature_drift,common_additive_temperature_drift_minus,original,2.8010831941763574,p,2.8010831941763574,309.894134846523,369.5295260344687,0.3771781569883203,0.47738279336327366,1.2116279215717,2.2469220250684407,1.5768097832042436,2.2469220250684407,0.35897777532339115,0.6410222246766089,1.0676377943891795,2.1899484422186104,0.22188816828128335,0.7781118317187167,True,0.5684472966746897,0.5684472966746897,3.6784786275024896e-16
PbSe/Cr,common_additive_temperature_drift,common_additive_temperature_drift_minus,original,2.8010831941763574,n,-2.8010831941763574,309.894134846523,364.71280028072,0.3955117866469758,0.49983226771582595,0.6438503034311982,1.2982243437234624,1.5913428958723097,1.2982243437234624,0.20932146848811867,0.7906785315118814,0.5147484318985219,1.266718533293463,0.1283454211349797,0.8716545788650203,True,0.6604449590420841,0.6604449590420841,1.1332026360590232e-16
PbSe/Cr,common_additive_temperature_drift,common_additive_temperature_drift_minus,alpha_preserving_flattened,2.8010831941763574,p,2.8010831941763574,309.894134846523,369.524010958641,0.3808912642940958,0.4907060249418274,1.2116279215717,2.2468524708358903,1.5847789791840616,2.2468524708358903,0.3607808804084862,0.6392191195915138,1.0702989731025883,2.1911823465955758,0.22201318893325897,0.7779868110667411,True,0.5680624368688532,0.5680624368688532,0.0
PbSe/Cr,common_additive_temperature_drift,common_additive_temperature_drift_minus,alpha_preserving_flattened,2.8010831941763574,n,-2.8010831941763574,309.894134846523,364.7131009204598,0.3916933752794444,0.4919059868146217,0.6438503034311982,1.2982243304861207,1.587568723881617,1.2982243304861207,0.20882502073076323,0.7911749792692367,0.5125882661945593,1.256023056688056,0.12726174278570096,0.872738257214299,True,0.6606410381459822,0.6606410381459822,3.3999475286187516e-16
PbSe/Cr,common_additive_temperature_drift,common_additive_temperature_drift_minus,original,2.8106854181890806,p,2.8106854181890806,309.894134846523,369.7068942401621,0.37847113863329174,0.47902128470286953,1.2199491768678876,2.2645898886673694,1.5794867376012087,2.2645898886673694,0.36241469768140944,0.6375853023185906,1.0747922966982841,2.2072245408677724,0.22363860304513825,0.7763613969548617,True,0.5661605360532531,0.5661605360532531,0.0
PbSe/Cr,common_additive_temperature_drift,common_additive_temperature_drift_minus,original,2.8106854181890806,n,-2.8106854181890806,309.894134846523,364.79195864609966,0.39686761669977555,0.501734316210303,0.648272158236615,1.3071405768246562,1.5942102338480848,1.3071405768246562,0.2111388460941707,0.7888611539058293,0.5182175556099323,1.276129815205308,0.1292989833578796,0.8707010166421204,True,0.6588643674860455,0.6588643674860455,1.1266200158261704e-16
PbSe/Cr,common_additive_temperature_drift,common_additive_temperature_drift_minus,alpha_preserving_flattened,2.8106854181890806,p,2.8106854181890806,309.894134846523,369.7010861810162,0.3821969746178181,0.49261806977196565,1.2199491768678876,2.264517146368103,1.5876670344270194,2.264517146368103,0.36427997273999674,0.6357200272600032,1.0774779488784403,2.2084354614236896,0.2237612949491606,0.7762387050508394,True,0.5657662078057234,0.5657662078057234,0.0
PbSe/Cr,common_additive_temperature_drift,common_additive_temperature_drift_minus,alpha_preserving_flattened,2.8106854181890806,n,-2.8106854181890806,309.894134846523,364.7923051814307,0.3930361156670032,0.49369851714546287,0.648272158236615,1.307140585734349,1.590344913596543,1.307140585734349,0.21062692053278043,0.7893730794672196,0.516040298851369,1.2650721582420006,0.12817860846604634,0.8718213915339537,True,0.6590648736551938,0.6590648736551938,1.1267326690939268e-16
PbSe/Cr,differential_additive_temperature_drift,differential_additive_temperature_drift_minus,original,2.8106854181890806,p,2.8106854181890806,309.894134846523,369.7068942401621,0.37847113863329174,0.47902128470286953,1.2199491768678876,2.2645898886673694,1.5794867376012087,2.2645898886673694,0.36241469768140944,0.6375853023185906,1.0747922966982841,2.2072245408677724,0.22363860304513825,0.7763613969548617,True,0.5661605360532531,0.5661605360532531,0.0
PbSe/Cr,differential_additive_temperature_drift,differential_additive_temperature_drift_minus,original,2.8106854181890806,n,-2.8106854181890806,309.894134846523,365.22336082763013,0.27947440654303035,0.3510187759824833,0.648272158236615,1.30714046156677,1.3868645260860213,1.30714046156677,0.1836777507068643,0.8163222492931357,0.5652661484687868,1.3011671944619838,0.1318358002594681,0.8681641997405319,True,0.6995541368488023,0.6995541368488023,1.0678454453396024e-16
PbSe/Cr,differential_additive_temperature_drift,differential_additive_temperature_drift_minus,alpha_preserving_flattened,2.8106854181890806,p,2.8106854181890806,309.894134846523,370.061188720845,0.32511910317788767,0.41664209054758955,1.2199491768678876,2.2689637776618494,1.4806172932893247,2.2689637776618494,0.34038517356201303,0.659614826437987,1.102559371715043,2.22789529726817,0.22573298855040894,0.7742670114495911,True,0.5819432662867824,0.5819432662867824,0.0
PbSe/Cr,differential_additive_temperature_drift,differential_additive_temperature_drift_minus,alpha_preserving_flattened,2.8106854181890806,n,-2.8106854181890806,309.894134846523,365.00494815132015,0.33433951058863065,0.4181854424981858,0.648272158236615,1.3071406625337227,1.4832923569860934,1.3071406625337227,0.19644878107049624,0.8035512189295038,0.5399220773488562,1.278343451174774,0.12952327157445914,0.8704767284255408,True,0.6789379465870373,0.6789379465870373,1.0577422223605493e-16
PbSe/Cr,differential_additive_temperature_drift,differential_additive_temperature_drift_minus,original,2.8167547761748755,p,2.8167547761748755,309.894134846523,369.8202511706742,0.3792884043481923,0.48005573058575646,1.2252235505953846,2.2757998532965846,1.5811809672286026,2.2757998532965846,0.36459935647035924,0.6354006435296408,1.0793249843911306,2.218186546978253,0.2247492864793467,0.7752507135206533,True,0.564712869758057,0.564712869758057,1.8208091099559174e-16
PbSe/Cr,differential_additive_temperature_drift,differential_additive_temperature_drift_minus,original,2.8167547761748755,n,-2.8167547761748755,309.894134846523,365.2796279789376,0.28007789998637345,0.3518727307858312,0.6510749222406447,1.3127918534288086,1.3879776037097165,1.3127918534288086,0.1846199317462651,0.8153800682537349,0.5676758058757677,1.3071076242293178,0.13243769163483854,0.8675623083651615,True,0.6985829264772735,0.6985829264772735,2.1280744786138225e-16
PbSe/Cr,differential_additive_temperature_drift,differential_additive_temperature_drift_minus,alpha_preserving_flattened,2.8167547761748755,p,2.8167547761748755,309.894134846523,370.17754497587583,0.3258211611927894,0.4176481503402706,1.2252235505953846,2.280188550123616,1.4820533631885324,2.280188550123616,0.34240086756078,0.6575991324392201,1.1072276955093863,2.2389240146011273,0.22685043124464097,0.773149568755359,True,0.5804782694110064,0.5804782694110064,0.0
PbSe/Cr,differential_additive_temperature_drift,differential_additive_temperature_drift_minus,alpha_preserving_flattened,2.8167547761748755,n,-2.8167547761748755,309.894134846523,365.0586265883688,0.3350614790328492,0.41914159645783766,0.6510749222406447,1.312791598515556,1.4846806970720134,1.312791598515556,0.1974827223449026,0.8025172776550974,0.5422157294087026,1.2840712696655008,0.13010362092362804,0.869896379076372,True,0.6779542090534143,0.6779542090534143,2.1079456904803213e-16
PbSe/Cr,differential_additive_temperature_drift,differential_additive_temperature_drift_minus,original,2.826204073302482,p,2.826204073302482,309.894134846523,369.99874628415876,0.3805607937162894,0.48166616095322484,1.233457792960562,2.293318043014279,1.5838219952829857,2.293318043014279,0.3680195690826719,0.631980430917328,1.0863979740123206,2.2353182132411047,0.22648508718286434,0.7735149128171357,True,0.5624556078932489,0.5624556078932489,1.8098159425927173e-16
PbSe/Cr,differential_additive_temperature_drift,differential_additive_temperature_drift_minus,original,2.826204073302482,n,-2.826204073302482,309.894134846523,365.3685570502158,0.28101747034522495,0.3532054620801252,0.6554505390046329,1.3216147953852415,1.3897146686085124,1.3216147953852415,0.18609332175402954,0.8139066782459705,0.5714365038896716,1.3163856189031276,0.13337774903701627,0.8666222509629837,True,0.6970695064917408,0.6970695064917408,1.058149953255e-16
PbSe/Cr,differential_additive_temperature_drift,differential_additive_temperature_drift_minus,alpha_preserving_flattened,2.826204073302482,p,2.826204073302482,309.894134846523,370.36073190664814,0.32691418533128164,0.4192161926110354,1.233457792960562,2.2977273243369365,1.4842942380501531,2.2977273243369365,0.345556244153745,0.654443755846255,1.1145129297113572,2.2561568151775315,0.2285964789965146,0.7714035210034854,True,0.5781934201424873,0.5781934201424873,1.825043314995451e-16
PbSe/Cr,differential_additive_temperature_drift,differential_additive_temperature_drift_minus,alpha_preserving_flattened,2.826204073302482,n,-2.826204073302482,309.894134846523,365.14347357076144,0.33618550143557197,0.4206317562367067,0.6554505390046329,1.3216147417207367,1.4868463930332794,1.3216147417207367,0.19909998738046636,0.8009000126195336,0.5457950404368944,1.2930159329025694,0.13100990479008995,0.8689900952099101,True,0.6764214924979283,0.6764214924979283,0.0
PbSe/Cr,common_additive_temperature_drift,common_additive_temperature_drift_plus,original,2.8010831941591303,p,2.8010831941591303,309.894134846523,368.8277824755174,0.49094390637518337,0.6288028322534666,1.2116279215567964,2.2378386718975194,1.8113033947254695,2.2378386718975194,0.41069577042100275,0.5893042295789972,1.0154307929234647,2.140681709074496,0.21689640456493048,0.7831035954350696,True,0.5382616466978318,0.5382616466978318,2.8882948911856986e-16
PbSe/Cr,common_additive_temperature_drift,common_additive_temperature_drift_plus,original,2.8010831941591303,n,-2.8010831941591303,309.894134846523,365.1356507107453,0.2785196302294318,0.34967093656355974,0.6438503034232786,1.2982247118213701,1.3851077573352166,1.2982247118213701,0.1821938393913318,0.8178061606086682,0.5614632614855308,1.291799106473097,0.1308866144959685,0.8691133855040315,True,0.7010891866288489,0.7010891866288489,1.073913588096721e-16
PbSe/Cr,common_additive_temperature_drift,common_additive_temperature_drift_plus,alpha_preserving_flattened,2.8010831941591303,p,2.8010831941591303,309.894134846523,369.5240109583255,0.38089126429175335,0.49070602493840043,1.2116279215567964,2.246852470804274,1.5847789791788884,2.246852470804274,0.36078088040223183,0.6392191195977681,1.0702989730897685,2.1911823465647062,0.22201318893013122,0.7779868110698688,True,0.5680624368681907,0.5680624368681907,3.9176655595338882e-16
PbSe/Cr,common_additive_temperature_drift,common_additive_temperature_drift_plus,alpha_preserving_flattened,2.8010831941591303,n,-2.8010831941591303,309.894134846523,364.71310092031905,0.3916933752770355,0.491905986811408,0.6438503034232786,1.29822433047016,1.5875687238766438,1.29822433047016,0.20882502072754172,0.7911749792724583,0.5125882661884091,1.2560230566718344,0.12726174278405736,0.8727382572159427,True,0.6606410381488095,0.6606410381488095,0.0
PbSe/Cr,common_additive_temperature_drift,common_additive_temperature_drift_plus,original,2.8106854181890806,p,2.8106854181890806,309.894134846523,368.9948427039186,0.49262688151315265,0.6310934485813979,1.2199491768678876,2.255427484718881,1.8154284903344784,2.255427484718881,0.41486640672144365,0.5851335932785564,1.022200541772009,2.1575222165836383,0.21860270471889448,0.7813972952811055,True,0.5360158455337685,0.5360158455337685,0.0
PbSe/Cr,common_additive_temperature_drift,common_additive_temperature_drift_plus,original,2.8106854181890806,n,-2.8106854181890806,309.894134846523,365.22336082763013,0.27947440654303035,0.3510187759824833,0.648272158236615,1.30714046156677,1.3868645260860213,1.30714046156677,0.1836777507068643,0.8163222492931357,0.5652661484687868,1.3011671944619838,0.1318358002594681,0.8681641997405319,True,0.6995541368488023,0.6995541368488023,1.0678454453396024e-16
PbSe/Cr,common_additive_temperature_drift,common_additive_temperature_drift_plus,alpha_preserving_flattened,2.8106854181890806,p,2.8106854181890806,309.894134846523,369.7010861810162,0.38219697461781815,0.49261806977196565,1.2199491768678876,2.264517146368103,1.5876670344270196,2.264517146368103,0.3642799727399968,0.6357200272600032,1.0774779488784612,2.2084354614236896,0.2237612949491606,0.7762387050508394,True,0.5657662078089869,0.5657662078089869,0.0
PbSe/Cr,common_additive_temperature_drift,common_additive_temperature_drift_plus,alpha_preserving_flattened,2.8106854181890806,n,-2.8106854181890806,309.894134846523,364.7923051814307,0.39303611566700325,0.49369851714546287,0.648272158236615,1.307140585734349,1.590344913596543,1.307140585734349,0.21062692053278043,0.7893730794672196,0.5160402988513898,1.2650721582419382,0.12817860846604,0.87182139153396,True,0.6590648736552137,0.6590648736552137,0.0
PbSe/Cr,common_additive_temperature_drift,common_additive_temperature_drift_plus,original,2.8199913183716867,p,2.8199913183716867,309.894134846523,369.1590429580449,0.49425792017616443,0.633313678651558,1.2280408110770658,2.272557581637148,1.8194380547109914,2.272557581637148,0.41894057527738715,0.5810594247226128,1.028778833426495,2.1739231933111123,0.22026447109381259,0.7797355289061874,True,0.5338359798136291,0.5338359798136291,0.0
PbSe/Cr,common_additive_temperature_drift,common_additive_temperature_drift_plus,original,2.8199913183716867,n,-2.8199913183716867,309.894134846523,365.3098976269946,0.2803997185377673,0.3523287567446615,0.6525719940592126,1.315809969991822,1.3885720096577256,1.315809969991822,0.18512361996571514,0.8148763800342849,0.5689626556128722,1.3102814560591287,0.13275926803251673,0.8672407319674833,True,0.6980647382005016,0.6980647382005016,1.0620150579982387e-16
PbSe/Cr,common_additive_temperature_drift,common_additive_temperature_drift_plus,alpha_preserving_flattened,2.8199913183716867,p,2.8199913183716867,309.894134846523,369.87504569797403,0.3834623908301309,0.494474531231984,1.2280408110770658,2.281715756467473,1.5904751348455777,2.281715756467473,0.3676958090687334,0.6323041909312666,1.0844550007134872,2.2252345488826117,0.22546339837460977,0.7745366016253903,True,0.5635364821061563,0.5635364821061563,0.0
PbSe/Cr,common_additive_temperature_drift,common_additive_temperature_drift_plus,alpha_preserving_flattened,2.8199913183716867,n,-2.8199913183716867,309.894134846523,364.8706154140854,0.39433741919847887,0.4954383255443382,0.6525719940592126,1.3158106490127737,1.593042720023185,1.3158106490127737,0.21238364681642352,0.7876163531835765,0.5193950694473177,1.2738755805074338,0.12907058163008334,0.8709294183699167,True,0.6575362065669649,0.6575362065669649,0.0
PbSe/Cr,differential_additive_temperature_drift,differential_additive_temperature_drift_plus,original,2.781676500911766,p,2.781676500911766,309.894134846523,368.4974567115485,0.48754250872567656,0.6241747799848382,1.1948970820627647,2.202563696980444,1.8030039640064364,2.202563696980444,0.4023698332016314,0.5976301667983686,1.0018048669486754,2.1069110571012173,0.21347472213462446,0.7865252778653755,True,0.5427895352069542,0.5427895352069542,9.752079544854655e-17
PbSe/Cr,differential_additive_temperature_drift,differential_additive_temperature_drift_plus,original,2.781676500911766,n,-2.781676500911766,309.894134846523,364.55781963844163,0.3927715695973906,0.4960042431185377,0.6349596564737451,1.280297775798183,1.5855771868707138,1.280297775798183,0.2056831118259261,0.7943168881740739,0.5077672674817525,1.2478174787479872,0.12643034391634372,0.8735696560836563,True,0.663635045220061,0.663635045220061,2.293376940138869e-16
PbSe/Cr,differential_additive_temperature_drift,differential_additive_temperature_drift_plus,alpha_preserving_flattened,2.781676500911766,p,2.781676500911766,309.894134846523,368.831717162533,0.4347411164596834,0.5616106480775425,1.1948970820627647,2.206988837925921,1.6911806751161864,2.206988837925921,0.3781728954086023,0.6218271045913977,1.0304285753190687,2.1353711101788573,0.2163583283989747,0.7836416716010253,True,0.5572372733725666,0.5572372733725666,1.9668761066212255e-16
PbSe/Cr,differential_additive_temperature_drift,differential_additive_temperature_drift_plus,alpha_preserving_flattened,2.781676500911766,n,-2.781676500911766,309.894134846523,364.36612044877626,0.4470704141625204,0.5628320202831721,0.6349596564737451,1.2802980916433413,1.6943883333878702,1.2802980916433413,0.21979828791311967,0.7802017120868803,0.481191157360642,1.2212238998383353,0.12373585102393189,0.8762641489760681,True,0.6449404367391085,0.6449404367391085,1.1357011874712344e-16
PbSe/Cr,differential_additive_temperature_drift,differential_additive_temperature_drift_plus,original,2.7913879687293575,p,2.7913879687293575,309.894134846523,368.6615379455396,0.4892446309464471,0.6264904671673488,1.2032549633748815,2.22016995068856,1.8071508954438233,2.22016995068856,0.4065190408220876,0.5934809591779124,1.0086141141133411,2.123766683629563,0.21518255416550963,0.7848174458344903,True,0.5405255225671389,0.5405255225671389,1.9379086973703088e-16
PbSe/Cr,differential_additive_temperature_drift,differential_additive_temperature_drift_plus,original,2.7913879687293575,n,-2.7913879687293575,309.894134846523,364.6345067759577,0.39414282483018276,0.49791710223015057,0.6394009740787966,1.289253326184889,1.5884575679856057,1.289253326184889,0.2074981042606897,0.7925018957393103,0.511255720066775,1.2572559142378712,0.12738665737191063,0.8726133426280893,True,0.6620394307075849,0.6620394307075849,0.0
PbSe/Cr,differential_additive_temperature_drift,differential_additive_temperature_drift_plus,alpha_preserving_flattened,2.7913879687293575,p,2.7913879687293575,309.894134846523,369.0007244707228,0.4362588969636702,0.563855025575075,1.2032549633748815,2.2246400318598796,1.6947743591759736,2.2246400318598796,0.38200749808942713,0.6179925019105729,1.0374548935853563,2.1524921741228296,0.21809305486299413,0.7819069451370059,True,0.554944419646195,0.554944419646195,1.9542400861630479e-16
PbSe/Cr,differential_additive_temperature_drift,differential_additive_temperature_drift_plus,alpha_preserving_flattened,2.7913879687293575,n,-2.7913879687293575,309.894134846523,364.4382779294917,0.4486312390599927,0.5649185761107763,0.6394009740787966,1.2892528858952594,1.6978340979452176,1.2892528858952594,0.22178573948775923,0.7782142605122407,0.4844885322747345,1.2302953432386299,0.1246549804065942,0.8753450195934058,True,0.643332494190278,0.643332494190278,1.1289958467216888e-16
PbSe/Cr,differential_additive_temperature_drift,differential_additive_temperature_drift_plus,original,2.8106854181890806,p,2.8106854181890806,309.894134846523,368.9948427039186,0.49262688151315265,0.6310934485813979,1.2199491768678876,2.255427484718881,1.8154284903344784,2.255427484718881,0.41486640672144365,0.5851335932785564,1.022200541772009,2.1575222165836383,0.21860270471889448,0.7813972952811055,True,0.5360158455337685,0.5360158455337685,0.0
PbSe/Cr,differential_additive_temperature_drift,differential_additive_temperature_drift_plus,original,2.8106854181890806,n,-2.8106854181890806,309.894134846523,364.79195864609966,0.39686761669977555,0.501734316210303,0.648272158236615,1.3071405768246562,1.5942102338480848,1.3071405768246562,0.2111388460941707,0.7888611539058293,0.5182175556099323,1.276129815205308,0.1292989833578796,0.8707010166421204,True,0.6588643674860455,0.6588643674860455,1.1266200158261704e-16
PbSe/Cr,differential_additive_temperature_drift,differential_additive_temperature_drift_plus,alpha_preserving_flattened,2.8106854181890806,p,2.8106854181890806,309.894134846523,369.3438768804411,0.4392748460577487,0.5683298724567359,1.2199491768678876,2.259979831174325,1.7019560147000845,2.259979831174325,0.38972040929456897,0.610279590705431,1.0514763314542623,2.186777412949414,0.2215668758423639,0.7784331241576361,True,0.5503753685143824,0.5503753685143824,0.0
PbSe/Cr,differential_additive_temperature_drift,differential_additive_temperature_drift_plus,alpha_preserving_flattened,2.8106854181890806,n,-2.8106854181890806,309.894134846523,364.58687842817716,0.45173272074537585,0.5690756294646833,0.648272158236615,1.3071405306184176,1.7047129042126299,1.3071405306184176,0.22577392564170173,0.7742260743582983,0.49106786873186203,1.2484308185799669,0.1264924882340949,0.8735075117659051,True,0.6401341260843019,0.6401341260843019,0.0
PbSe/Cr,common_additive_drift_sweep,common_additive_drift_sweep_-1.000000,original,2.7999194822679043,p,2.7999194822679043,309.894134846523,369.50820335684665,0.3770214580677712,0.47718403030579215,1.2106213874179896,2.2447865883682487,1.5764856491885202,2.2447865883682487,0.3585628864377582,0.6414371135622419,1.066772109823004,2.1878604386735288,0.2216766092906463,0.7783233907093536,True,0.568724133173959,0.568724133173959,1.8406178556427514e-16
PbSe/Cr,common_additive_drift_sweep,common_additive_drift_sweep_-1.000000,original,2.7999194822679043,n,-2.7999194822679043,309.894134846523,364.7033036186723,0.395347471007579,0.4996020812561437,0.6433154384708071,1.29714620584687,1.5909960540364387,1.29714620584687,0.20910204818168004,0.7908979518183199,0.5143286720836825,1.2655806295748224,0.12823012738333606,0.8717698726166639,True,0.6606364211135649,0.6606364211135649,0.0
PbSe/Cr,common_additive_drift_sweep,common_additive_drift_sweep_-1.000000,alpha_preserving_flattened,2.7999194822679043,p,2.7999194822679043,309.894134846523,369.50271181117677,0.38073302276060383,0.4904745376010283,1.2106213874179896,2.244717275189899,1.5844296210797737,2.244717275189899,0.36035857134940424,0.6396414286505958,1.069430339170866,2.18909748836971,0.22180194863008776,0.7781980513699123,True,0.5683404062290458,0.5683404062290458,1.840425353525839e-16
PbSe/Cr,common_additive_drift_sweep,common_additive_drift_sweep_-1.000000,alpha_preserving_flattened,2.7999194822679043,n,-2.7999194822679043,309.894134846523,364.7036003783115,0.39153064600163406,0.49168891495822453,0.6433154384708071,1.2971462019231708,1.5872327896610108,1.2971462019231708,0.20860744777667595,0.791392552223324,0.5121705688237553,1.2549287674087146,0.12715086810067097,0.872849131899329,True,0.6608319720455381,0.6608319720455381,1.1341176858211877e-16
PbSe/Cr,common_additive_drift_sweep,common_additive_drift_sweep_-1.000000,original,2.8010831941763574,p,2.8010831941763574,309.894134846523,369.5295260344687,0.3771781569883203,0.47738279336327366,1.2116279215717,2.2469220250684407,1.5768097832042436,2.2469220250684407,0.35897777532339115,0.6410222246766089,1.0676377943891795,2.1899484422186104,0.22188816828128335,0.7781118317187167,True,0.5684472966746897,0.5684472966746897,3.6784786275024896e-16
PbSe/Cr,common_additive_drift_sweep,common_additive_drift_sweep_-1.000000,original,2.8010831941763574,n,-2.8010831941763574,309.894134846523,364.71280028072,0.3955117866469758,0.49983226771582595,0.6438503034311982,1.2982243437234624,1.5913428958723097,1.2982243437234624,0.20932146848811867,0.7906785315118814,0.5147484318985219,1.266718533293463,0.1283454211349797,0.8716545788650203,True,0.6604449590420841,0.6604449590420841,1.1332026360590232e-16
PbSe/Cr,common_additive_drift_sweep,common_additive_drift_sweep_-1.000000,alpha_preserving_flattened,2.8010831941763574,p,2.8010831941763574,309.894134846523,369.524010958641,0.3808912642940958,0.4907060249418274,1.2116279215717,2.2468524708358903,1.5847789791840616,2.2468524708358903,0.3607808804084862,0.6392191195915138,1.0702989731025883,2.1911823465955758,0.22201318893325897,0.7779868110667411,True,0.5680624368688532,0.5680624368688532,0.0
PbSe/Cr,common_additive_drift_sweep,common_additive_drift_sweep_-1.000000,alpha_preserving_flattened,2.8010831941763574,n,-2.8010831941763574,309.894134846523,364.7131009204598,0.3916933752794444,0.4919059868146217,0.6438503034311982,1.2982243304861207,1.587568723881617,1.2982243304861207,0.20882502073076323,0.7911749792692367,0.5125882661945593,1.256023056688056,0.12726174278570096,0.872738257214299,True,0.6606410381459822,0.6606410381459822,3.3999475286187516e-16
PbSe/Cr,common_additive_drift_sweep,common_additive_drift_sweep_-1.000000,original,2.8106854181890806,p,2.8106854181890806,309.894134846523,369.7068942401621,0.37847113863329174,0.47902128470286953,1.2199491768678876,2.2645898886673694,1.5794867376012087,2.2645898886673694,0.36241469768140944,0.6375853023185906,1.0747922966982841,2.2072245408677724,0.22363860304513825,0.7763613969548617,True,0.5661605360532531,0.5661605360532531,0.0
PbSe/Cr,common_additive_drift_sweep,common_additive_drift_sweep_-1.000000,original,2.8106854181890806,n,-2.8106854181890806,309.894134846523,364.79195864609966,0.39686761669977555,0.501734316210303,0.648272158236615,1.3071405768246562,1.5942102338480848,1.3071405768246562,0.2111388460941707,0.7888611539058293,0.5182175556099323,1.276129815205308,0.1292989833578796,0.8707010166421204,True,0.6588643674860455,0.6588643674860455,1.1266200158261704e-16
PbSe/Cr,common_additive_drift_sweep,common_additive_drift_sweep_-1.000000,alpha_preserving_flattened,2.8106854181890806,p,2.8106854181890806,309.894134846523,369.7010861810162,0.3821969746178181,0.49261806977196565,1.2199491768678876,2.264517146368103,1.5876670344270194,2.264517146368103,0.36427997273999674,0.6357200272600032,1.0774779488784403,2.2084354614236896,0.2237612949491606,0.7762387050508394,True,0.5657662078057234,0.5657662078057234,0.0
PbSe/Cr,common_additive_drift_sweep,common_additive_drift_sweep_-1.000000,alpha_preserving_flattened,2.8106854181890806,n,-2.8106854181890806,309.894134846523,364.7923051814307,0.3930361156670032,0.49369851714546287,0.648272158236615,1.307140585734349,1.590344913596543,1.307140585734349,0.21062692053278043,0.7893730794672196,0.516040298851369,1.2650721582420006,0.12817860846604634,0.8718213915339537,True,0.6590648736551938,0.6590648736551938,1.1267326690939268e-16
PbSe/Cr,common_additive_drift_sweep,common_additive_drift_sweep_-0.750000,original,2.8010831941938448,p,2.8010831941938448,309.894134846523,369.441018491704,0.3913988756644991,0.49636871381026965,1.2116279215868284,2.245802246038572,1.6044788416003593,2.245802246038572,0.3650948953728818,0.6349051046271181,1.0613165511633458,2.184240475261479,0.22130983031299545,0.7786901696870046,True,0.564509213942035,0.564509213942035,1.849519103945543e-16
PbSe/Cr,common_additive_drift_sweep,common_additive_drift_sweep_-0.750000,original,2.8010831941938448,n,-2.8010831941938448,309.894134846523,364.764178276043,0.3808877670973748,0.48109034670937945,0.6438503034392374,1.2982245540140416,1.5640514253174995,1.2982245540140416,0.20573164653526757,0.7942683534647325,0.5208214492379375,1.2705871179861414,0.12873739071506254,0.8712626092849375,True,0.6653119643830446,0.6653119643830446,0.0
PbSe/Cr,common_additive_drift_sweep,common_additive_drift_sweep_-0.750000,alpha_preserving_flattened,2.8010831941938448,p,2.8010831941938448,309.894134846523,369.5240109589612,0.3808912642964737,0.4907060249453064,1.2116279215868284,2.246852470867984,1.5847789791893123,2.246852470867984,0.36078088041483486,0.6392191195851651,1.0702989731156611,2.1911823466269027,0.22201318893643304,0.7779868110635669,True,0.5680624369047949,0.5680624369047949,0.0
PbSe/Cr,common_additive_drift_sweep,common_additive_drift_sweep_-0.750000,alpha_preserving_flattened,2.8010831941938448,n,-2.8010831941938448,309.894134846523,364.7131009206025,0.3916933752818898,0.4919059868178836,0.6438503034392374,1.298224330502322,1.587568723886666,1.298224330502322,0.20882502073403342,0.7911749792659666,0.5125882662008013,1.2560230567045354,0.12726174278737068,0.8727382572126293,True,0.6606410381431128,0.6606410381431128,1.1227382831044932e-16
PbSe/Cr,common_additive_drift_sweep,common_additive_drift_sweep_-0.750000,original,2.8027424103592615,p,2.8027424103592615,309.894134846523,369.4711970462262,0.3916307200249146,0.4966662837419531,1.2130637575893906,2.2488467438407547,1.6049694298748856,2.2488467438407547,0.3657016157547012,0.6342983842452987,1.0625431956809384,2.1872105656310885,0.221610763384769,0.778389236615231,True,0.5641151776058756,0.5641151776058756,0.0
PbSe/Cr,common_additive_drift_sweep,common_additive_drift_sweep_-0.750000,original,2.8027424103592615,n,-2.8027424103592615,309.894134846523,364.7779191284995,0.3811133852231368,0.48140678947313886,0.6446132962932878,1.2997629282715433,1.5645198492098613,1.2997629282715433,0.20603712346601394,0.7939628765339861,0.5214275893799436,1.272210447408087,0.1289018683735355,0.8710981316264645,True,0.665039733117486,0.665039733117486,1.124254186950887e-16
PbSe/Cr,common_additive_drift_sweep,common_additive_drift_sweep_-0.750000,alpha_preserving_flattened,2.8027424103592615,p,2.8027424103592615,309.894134846523,369.55441469037294,0.38111688449379477,0.49103613557450865,1.2130637575893906,2.249898625063108,1.5852773356996528,2.249898625063108,0.3613836130595751,0.6386163869404249,1.0715379919838128,2.1941567976531875,0.22231456383510237,0.7776854361648976,True,0.5676659896560395,0.5676659896560395,1.851227564809203e-16
PbSe/Cr,common_additive_drift_sweep,common_additive_drift_sweep_-0.750000,alpha_preserving_flattened,2.8027424103592615,n,-2.8027424103592615,309.894134846523,364.7266584969618,0.39192539408857907,0.4922155164330366,0.6446132962932878,1.2997631037344446,1.5880478909212818,1.2997631037344446,0.20913564229129186,0.7908643577087081,0.5131840649055536,1.2575841830691121,0.12741991795844484,0.8725800820415551,True,0.6603687730346584,0.6603687730346584,0.0
PbSe/Cr,common_additive_drift_sweep,common_additive_drift_sweep_-0.750000,original,2.8106854181890806,p,2.8106854181890806,309.894134846523,369.61710993147534,0.3927406064932743,0.498089862747078,1.2199491768678876,2.2634616832553816,1.6073202618308557,2.2634616832553816,0.3686173910853603,0.6313826089146397,1.0684237041899995,2.201463407900397,0.22305487823376288,0.7769451217662371,True,0.5622268977429622,0.5622268977429622,1.8380984601283494e-16
PbSe/Cr,common_additive_drift_sweep,common_additive_drift_sweep_-0.750000,original,2.8106854181890806,n,-2.8106854181890806,309.894134846523,364.8444295375663,0.38219346543018234,0.48292391766145576,0.648272158236615,1.3071403547977885,1.5667660127258551,1.3071403547977885,0.20750406992336434,0.7924959300766357,0.5243334681433977,1.2799977848557826,0.12969089062115832,0.8703091093788416,True,0.6637359163452635,0.6637359163452635,2.237739773649133e-16
PbSe/Cr,common_additive_drift_sweep,common_additive_drift_sweep_-0.750000,alpha_preserving_flattened,2.8106854181890806,p,2.8106854181890806,309.894134846523,369.7010861810162,0.3821969746178181,0.49261806977196565,1.2199491768678876,2.264517146368103,1.5876670344270194,2.264517146368103,0.36427997273999674,0.6357200272600032,1.0774779488784403,2.2084354614237096,0.22376129494916264,0.7762387050508374,True,0.5657662078141935,0.5657662078141935,0.0
PbSe/Cr,common_additive_drift_sweep,common_additive_drift_sweep_-0.750000,alpha_preserving_flattened,2.8106854181890806,n,-2.8106854181890806,309.894134846523,364.7923051814307,0.3930361156670032,0.49369851714546287,0.648272158236615,1.307140585734349,1.590344913596543,1.307140585734349,0.21062692053278043,0.7893730794672196,0.516040298851369,1.2650721582420006,0.12817860846604634,0.8718213915339537,True,0.65906487365511,0.65906487365511,0.0
PbSe/Cr,common_additive_drift_sweep,common_additive_drift_sweep_-0.500000,original,2.8010831941937173,p,2.8010831941937173,309.894134846523,369.3527036438579,0.4056195943383047,0.5153377911698559,1.2116279215867185,2.2446773801694255,1.6326031636617189,2.2446773801694255,0.3713084378397188,0.6286915621602812,1.0549375606817906,2.1784045262308793,0.22071852504953876,0.7792814749504613,True,0.560619658551945,0.560619658551945,1.8599380421913693e-16
PbSe/Cr,common_additive_drift_sweep,common_additive_drift_sweep_-0.500000,original,2.8010831941937173,n,-2.8010831941937173,309.894134846523,364.8160013750656,0.36626374754528795,0.4623406271681836,0.6438503034391788,1.2982246836835951,1.537205505327895,1.2982246836835951,0.20220041754568388,0.7977995824543161,0.526827057344205,1.2742452833773106,0.12910804036245524,0.8708919596375447,True,0.6702381722692295,0.6702381722692295,0.0
PbSe/Cr,common_additive_drift_sweep,common_additive_drift_sweep_-0.500000,alpha_preserving_flattened,2.8010831941937173,p,2.8010831941937173,309.894134846523,369.52401095895885,0.38089126429645637,0.490706024945281,1.2116279215867185,2.24685247086775,1.5847789791892744,2.24685247086775,0.3607808804147887,0.6392191195852113,1.0702989731155823,2.191182346626666,0.22201318893640906,0.7779868110635909,True,0.5680624368759128,0.5680624368759128,0.0
PbSe/Cr,common_additive_drift_sweep,common_additive_drift_sweep_-0.500000,alpha_preserving_flattened,2.8010831941937173,n,-2.8010831941937173,309.894134846523,364.7131009206015,0.3916933752818719,0.49190598681785985,0.6438503034391788,1.298224330502204,1.5875687238866296,1.298224330502204,0.20882502073400966,0.7911749792659903,0.5125882662007462,1.2560230567044088,0.12726174278735786,0.8727382572126421,True,0.6606410381431348,0.6606410381431348,1.1123563443215214e-16
PbSe/Cr,common_additive_drift_sweep,common_additive_drift_sweep_-0.500000,original,2.8054787478261063,p,2.8054787478261063,309.894134846523,369.4325305070606,0.40625610620091474,0.5161636336124462,1.2154335595025085,2.2527480284680252,1.633980431857497,2.2527480284680252,0.3729578255452695,0.6270421744547305,1.058166732660903,2.186253615402989,0.22151380405497115,0.7784861959450289,True,0.5595775947817694,0.5595775947817694,3.709304614025419e-16
PbSe/Cr,common_additive_drift_sweep,common_additive_drift_sweep_-0.500000,original,2.8054787478261063,n,-2.8054787478261063,309.894134846523,364.85295168338826,0.3668385008940183,0.46314772290642137,0.6458725918688252,1.3023022625619127,1.5383790849635202,1.3023022625619127,0.2029903612757557,0.7970096387242442,0.5284529380855199,1.2785474319432182,0.12954393914735818,0.8704560608526418,True,0.6695191222538289,0.6695191222538289,0.0
PbSe/Cr,common_additive_drift_sweep,common_additive_drift_sweep_-0.500000,alpha_preserving_flattened,2.8054787478261063,p,2.8054787478261063,309.894134846523,369.6046470600978,0.3814889716347439,0.4915806915512355,1.2154335595025085,2.254926875933505,1.586099837278025,2.254926875933505,0.36237918012166903,0.637620819878331,1.0735826949383613,2.199069843207494,0.22281235942595345,0.7771876405740465,True,0.5670118778477565,0.5670118778477565,1.8622867355303478e-16
PbSe/Cr,common_additive_drift_sweep,common_additive_drift_sweep_-0.500000,alpha_preserving_flattened,2.8054787478261063,n,-2.8054787478261063,309.894134846523,364.74908374108,0.39230803365477274,0.4927261088730464,0.6458725918688252,1.302301787696955,1.5888386177821991,1.302301787696955,0.20964846089184028,0.7903515391081597,0.5141672759005171,1.2601610462779855,0.12768100878885227,0.8723189912111478,True,0.6599196791020733,0.6599196791020733,0.0
PbSe/Cr,common_additive_drift_sweep,common_additive_drift_sweep_-0.500000,original,2.8106854181890806,p,2.8106854181890806,309.894134846523,369.52752284810794,0.40701007435325687,0.5171412745495614,1.2199491768678876,2.262328071303781,1.6356134768418367,2.262328071303781,0.3749181965240313,0.6250818034759686,1.0619971626619045,2.195573607865976,0.2224581167228587,0.7775418832771412,True,0.5583421058149065,0.5583421058149065,1.8484172593981577e-16
PbSe/Cr,common_additive_drift_sweep,common_additive_drift_sweep_-0.500000,original,2.8106854181890806,n,-2.8106854181890806,309.894134846523,364.89733870197364,0.36751931416058925,0.4641054901841333,0.648272158236615,1.3071402001303958,1.5397714984593531,1.3071402001303958,0.2039288651153117,0.7960711348846883,0.5303816274126476,1.2836539572201853,0.13006133833272,0.86993866166728,True,0.6686669492709096,0.6686669492709096,1.1112402360159567e-16
PbSe/Cr,common_additive_drift_sweep,common_additive_drift_sweep_-0.500000,alpha_preserving_flattened,2.8106854181890806,p,2.8106854181890806,309.894134846523,369.7010861810162,0.3821969746178181,0.49261806977196565,1.2199491768678876,2.264517146368103,1.5876670344270194,2.264517146368103,0.36427997273999674,0.6357200272600032,1.0774779488784403,2.2084354614236896,0.2237612949491606,0.7762387050508394,True,0.5657662078163748,0.5657662078163748,1.856021011332836e-16
PbSe/Cr,common_additive_drift_sweep,common_additive_drift_sweep_-0.500000,alpha_preserving_flattened,2.8106854181890806,n,-2.8106854181890806,309.894134846523,364.7923051814307,0.3930361156670032,0.49369851714546287,0.648272158236615,1.307140585734349,1.590344913596543,1.307140585734349,0.21062692053278043,0.7893730794672196,0.516040298851369,1.2650721582420006,0.12817860846604634,0.8718213915339537,True,0.6590648736551457,0.6590648736551457,0.0
PbSe/Cr,common_additive_drift_sweep,common_additive_drift_sweep_-0.250000,original,2.8010831941420076,p,2.8010831941420076,309.894134846523,369.26472161637554,0.41984031300437763,0.5342901330439324,1.2116279215419836,2.243549321586531,1.6611895299253063,2.243549321586531,0.37762006372608065,0.6223799362739193,1.0485004628823067,2.172438019429883,0.22011399151825176,0.7798860084817483,True,0.5567780297557996,0.5567780297557996,3.7409976558939205e-16
PbSe/Cr,common_additive_drift_sweep,common_additive_drift_sweep_-0.250000,original,2.8010831941420076,n,-2.8010831941420076,309.894134846523,364.8682581071035,0.35163972798672694,0.4435829683634034,0.643850303415407,1.2982247058264451,1.5107982489569913,1.2982247058264451,0.1987268721833282,0.8012731278166718,0.5327655799694727,1.2776934500371195,0.1294574126898231,0.8705425873101769,True,0.675224426284958,0.675224426284958,1.1101090881509441e-16
PbSe/Cr,common_additive_drift_sweep,common_additive_drift_sweep_-0.250000,alpha_preserving_flattened,2.8010831941420076,p,2.8010831941420076,309.894134846523,369.52401095801196,0.38089126428942494,0.4907060249349941,1.2116279215419836,2.246852470772849,1.5847789791737474,2.246852470772849,0.3607808803960155,0.6392191196039845,1.0702989730770642,2.1911823465340117,0.2220131889270212,0.7779868110729788,True,0.5680624368136649,0.5680624368136649,1.882209399757405e-16
PbSe/Cr,common_additive_drift_sweep,common_additive_drift_sweep_-0.250000,alpha_preserving_flattened,2.8010831941420076,n,-2.8010831941420076,309.894134846523,364.7131009201792,0.3916933752746411,0.4919059868082139,0.643850303415407,1.2982243304542955,1.5875687238716998,1.2982243304542955,0.20882502072433953,0.7911749792756605,0.5125882661822416,1.25602305665574,0.12726174278242666,0.8727382572175734,True,0.6606410381516195,0.6606410381516195,2.2043292991141598e-16
PbSe/Cr,common_additive_drift_sweep,common_additive_drift_sweep_-0.250000,original,2.808126952298626,p,2.808126952298626,309.894134846523,369.3916803206345,0.4208960665911995,0.5356733707036586,1.2177292359384704,2.256480627402357,1.663524497149498,2.256480627402357,0.38033042141109263,0.6196695785889074,1.0536421230965711,2.1849861643163435,0.22138538441066347,0.7786146155893365,True,0.5551112312498528,0.5551112312498528,0.0
PbSe/Cr,common_additive_drift_sweep,common_additive_drift_sweep_-0.250000,original,2.808126952298626,n,-2.808126952298626,309.894134846523,364.9285562956105,0.35252398062419865,0.4448265540997906,0.6470924977025869,1.3047618230891418,1.5125737660899616,1.3047618230891418,0.1999622704616729,0.8000377295383271,0.5354029934674762,1.2845890038340755,0.13015607836240012,0.8698439216375999,True,0.6740757755732109,0.6740757755732109,0.0
PbSe/Cr,common_additive_drift_sweep,common_additive_drift_sweep_-0.250000,alpha_preserving_flattened,2.808126952298626,p,2.808126952298626,309.894134846523,369.6536333043665,0.3818490744520199,0.49210822211773286,1.2177292359384704,2.259801926152718,1.5868965887303246,2.259801926152718,0.3633450564059236,0.6366549435940764,1.0755631338278522,2.203830680406396,0.22329473308607467,0.7767052669139254,True,0.5663784768532316,0.5663784768532316,0.0
PbSe/Cr,common_additive_drift_sweep,common_additive_drift_sweep_-0.250000,alpha_preserving_flattened,2.808126952298626,n,-2.808126952298626,309.894134846523,364.7710496748011,0.39267834902078114,0.4932206498682819,0.6470924977025869,1.3047620450620996,1.5896044660382591,1.3047620450620996,0.21014576569239204,0.7898542343076079,0.5151195713496418,1.2626576320893907,0.12793396581832853,0.8720660341816715,True,0.6594849547773994,0.6594849547773994,1.0975158324799179e-16
PbSe/Cr,common_additive_drift_sweep,common_additive_drift_sweep_-0.250000,original,2.8106854181890806,p,2.8106854181890806,309.894134846523,369.43825684379294,0.4212795422132396,0.5361756225271411,1.2199491768678876,2.261190733091881,1.6643735375058037,2.261190733091881,0.3813188316844881,0.6186811683155119,1.0555123065572827,2.189554985930271,0.2218483028244373,0.7781516971755627,True,0.5545052695943583,0.5545052695943583,1.8588763506591954e-16
PbSe/Cr,common_additive_drift_sweep,common_additive_drift_sweep_-0.250000,original,2.8106854181890806,n,-2.8106854181890806,309.894134846523,364.9506746683162,0.3528451628909961,0.4452788941557081,0.648272158236615,1.3071404976341054,1.5132197122260582,1.3071404976341054,0.20041236581383007,0.79958763418617,0.5363623613753015,1.2870987584164484,0.1304103696673379,0.8695896303326621,True,0.6736583545607713,0.6736583545607713,2.2074566836337195e-16
PbSe/Cr,common_additive_drift_sweep,common_additive_drift_sweep_-0.250000,alpha_preserving_flattened,2.8106854181890806,p,2.8106854181890806,309.894134846523,369.7010861810162,0.3821969746178181,0.49261806977196565,1.2199491768678876,2.264517146368103,1.5876670344270194,2.264517146368103,0.36427997273999674,0.6357200272600032,1.0774779488784403,2.2084354614236896,0.2237612949491606,0.7762387050508394,True,0.5657662078163748,0.5657662078163748,1.870500490754559e-16
PbSe/Cr,common_additive_drift_sweep,common_additive_drift_sweep_-0.250000,alpha_preserving_flattened,2.8106854181890806,n,-2.8106854181890806,309.894134846523,364.7923051814307,0.3930361156670032,0.49369851714546287,0.648272158236615,1.307140585734349,1.590344913596543,1.307140585734349,0.21062692053278043,0.7893730794672196,0.516040298851369,1.2650721582420006,0.12817860846604634,0.8718213915339537,True,0.6590648736551457,0.6590648736551457,1.0958347356920442e-16
PbSe/Cr,common_additive_drift_sweep,common_additive_drift_sweep_+0.000000,original,2.801083194176617,p,2.801083194176617,309.894134846523,369.17690248449406,0.43406103168330185,0.5532257734471974,1.2116279215719246,2.2424159964915913,1.6902449890824374,2.2424159964915913,0.38403083320035253,0.6159691667996474,1.0420048982098633,2.166343217765041,0.21949645899950465,0.7805035410004953,True,0.5529835648629053,0.5529835648629053,1.8812042297521662e-16
PbSe/Cr,common_additive_drift_sweep,common_additive_drift_sweep_+0.000000,original,2.801083194176617,n,-2.801083194176617,309.894134846523,364.9209370886715,0.33701570843909157,0.4248172335731046,0.6438503034313177,1.298224589946856,1.4848228656926523,1.298224589946856,0.19531011351830846,0.8046898864816916,0.53863734122786,1.280932039913923,0.12978555044947293,0.8702144495505271,True,0.6802716554688937,0.6802716554688937,2.2052949790383084e-16
PbSe/Cr,common_additive_drift_sweep,common_additive_drift_sweep_+0.000000,alpha_preserving_flattened,2.801083194176617,p,2.801083194176617,309.894134846523,369.52401095864576,0.3808912642941311,0.49070602494187926,1.2116279215719246,2.246852470836367,1.584778979184139,2.246852470836367,0.3607808804085803,0.6392191195914196,1.0702989731027992,2.191182346596025,0.2220131889333045,0.7779868110666955,True,0.5680624368118218,0.5680624368118218,0.0
PbSe/Cr,common_additive_drift_sweep,common_additive_drift_sweep_+0.000000,alpha_preserving_flattened,2.801083194176617,n,-2.801083194176617,309.894134846523,364.7131009204619,0.3916933752794807,0.49190598681467007,0.6438503034313177,1.2982243304863608,1.5875687238816925,1.2982243304863608,0.20882502073081177,0.7911749792691882,0.5125882661946093,1.2560230566883412,0.12726174278572985,0.8727382572142701,True,0.660641038145939,0.660641038145939,1.0921580170030533e-16
PbSe/Cr,common_additive_drift_sweep,common_additive_drift_sweep_+0.000000,original,2.8106854181890806,p,2.8106854181890806,309.894134846523,369.34914823144874,0.4355490100732222,0.5551929427329001,1.2199491768678876,2.2600476899565862,1.693607422551522,2.2600476899565862,0.38782036112900536,0.6121796388709946,1.0489687706756243,2.183406668971246,0.22122534807274064,0.7787746519272594,True,0.5507157865837015,0.5507157865837015,0.0
PbSe/Cr,common_additive_drift_sweep,common_additive_drift_sweep_+0.000000,original,2.8106854181890806,n,-2.8106854181890806,309.894134846523,365.00442604936535,0.33817101162140295,0.4264439939396215,0.648272158236615,1.3071406705662403,1.4871037730563004,1.3071406705662403,0.19695357018563434,0.8030464298143657,0.5422759982859633,1.2903326157932562,0.13073802792448658,0.8692619720755135,True,0.6787111026791504,0.6787111026791504,1.0963315632808978e-16
PbSe/Cr,common_additive_drift_sweep,common_additive_drift_sweep_+0.000000,alpha_preserving_flattened,2.8106854181890806,p,2.8106854181890806,309.894134846523,369.7010861810162,0.3821969746178181,0.49261806977196565,1.2199491768678876,2.264517146368103,1.5876670344270194,2.264517146368103,0.36427997273999674,0.6357200272600032,1.0774779488784403,2.2084354614236896,0.2237612949491606,0.7762387050508394,True,0.5657662078163748,0.5657662078163748,0.0
PbSe/Cr,common_additive_drift_sweep,common_additive_drift_sweep_+0.000000,alpha_preserving_flattened,2.8106854181890806,n,-2.8106854181890806,309.894134846523,364.7923051814307,0.3930361156670032,0.49369851714546287,0.648272158236615,1.307140585734349,1.590344913596543,1.307140585734349,0.21062692053278043,0.7893730794672196,0.516040298851369,1.2650721582420006,0.12817860846604634,0.8718213915339537,True,0.6590648736551457,0.6590648736551457,2.1718171838661383e-16
PbSe/Cr,common_additive_drift_sweep,common_additive_drift_sweep_+0.250000,original,2.8010831941595997,p,2.8010831941595997,309.894134846523,369.08925631481463,0.44828175035431495,0.5721447717153303,1.2116279215572026,2.241277618289214,1.719776886805619,2.241277618289214,0.3905422434584203,0.6094577565415797,1.035450507330506,2.160120382345128,0.21886595394914762,0.7811340460508523,True,0.5492353398586071,0.5492353398586071,1.8920570880264829e-16
PbSe/Cr,common_additive_drift_sweep,common_additive_drift_sweep_+0.250000,original,2.8010831941595997,n,-2.8010831941595997,309.894134846523,364.97402701771045,0.32239168888515274,0.40604328996559663,0.6438503034234945,1.2982243012637777,1.4592726640211728,1.2982243012637777,0.19194925729678863,0.8080507427032113,0.5444426653853874,1.2839614758463491,0.130092496483915,0.869907503516085,True,0.6853808203461522,0.6853808203461522,2.190599247560842e-16
PbSe/Cr,common_additive_drift_sweep,common_additive_drift_sweep_+0.250000,alpha_preserving_flattened,2.8010831941595997,p,2.8010831941595997,309.894134846523,369.5240109583341,0.3808912642918171,0.49070602493849386,1.2116279215572026,2.246852470805135,1.5847789791790294,2.246852470805135,0.36078088040240214,0.6392191195975978,1.0702989730901278,2.191182346565525,0.22201318893021418,0.7779868110697858,True,0.568062436855413,0.568062436855413,0.0
PbSe/Cr,common_additive_drift_sweep,common_additive_drift_sweep_+0.250000,alpha_preserving_flattened,2.8010831941595997,n,-2.8010831941595997,309.894134846523,364.71310092032286,0.3916933752771011,0.4919059868114955,0.6438503034234945,1.2982243304705945,1.5875687238767786,1.2982243304705945,0.20882502072762932,0.7911749792723707,0.5125882661885081,1.2560230566722772,0.12726174278410224,0.8727382572158977,True,0.6606410381487311,0.6606410381487311,1.0823314515215712e-16
PbSe/Cr,common_additive_drift_sweep,common_additive_drift_sweep_+0.250000,original,2.8106854181890806,p,2.8106854181890806,309.894134846523,369.2602071633278,0.4498184779332048,0.5741932931852279,1.2199491768678876,2.258899158201313,1.7233223805099842,2.258899158201313,0.3944242663073524,0.6055757336926476,1.0423661902571104,2.1771283821983145,0.22058922462566116,0.7794107753743389,True,0.5469729011479313,0.5469729011479313,1.880226405015356e-16
PbSe/Cr,common_additive_drift_sweep,common_additive_drift_sweep_+0.250000,original,2.8106854181890806,n,-2.8106854181890806,309.894134846523,365.0585815404809,0.3234968603518098,0.40760065784978994,0.648272158236615,1.3071406825079546,1.4614169093672007,1.3071406825079546,0.19355157701437975,0.8064484229856203,0.5481228666539432,1.2933559578842757,0.1310443565237044,0.8689556434762956,True,0.6838260927639834,0.6838260927639834,2.1780946742004212e-16
PbSe/Cr,common_additive_drift_sweep,common_additive_drift_sweep_+0.250000,alpha_preserving_flattened,2.8106854181890806,p,2.8106854181890806,309.894134846523,369.7010861810162,0.3821969746178181,0.49261806977196565,1.2199491768678876,2.264517146368103,1.5876670344270194,2.264517146368103,0.36427997273999674,0.6357200272600032,1.0774779488784403,2.2084354614236896,0.2237612949491606,0.7762387050508394,True,0.5657662078163748,0.5657662078163748,1.9001479494462882e-16
PbSe/Cr,common_additive_drift_sweep,common_additive_drift_sweep_+0.250000,alpha_preserving_flattened,2.8106854181890806,n,-2.8106854181890806,309.894134846523,364.7923051814307,0.3930361156670032,0.49369851714546287,0.648272158236615,1.307140585734349,1.590344913596543,1.307140585734349,0.21062692053278043,0.7893730794672196,0.516040298851369,1.2650721582420006,0.12817860846604634,0.8718213915339537,True,0.6590648736551457,0.6590648736551457,1.0761606572819669e-16
PbSe/Cr,common_additive_drift_sweep,common_additive_drift_sweep_+0.250000,original,2.813152802694978,p,2.813152802694978,309.894134846523,369.30443729967186,0.45021335497484605,0.5747195007574931,1.2220920028785844,2.2634400048095795,1.7242349181170766,2.2634400048095795,0.3954264155638295,0.6045735844361705,1.0441463179694352,2.1815113383660356,0.22103331093242717,0.7789666890675728,True,0.5463908861367336,0.5463908861367336,1.8772024146054298e-16
PbSe/Cr,common_additive_drift_sweep,common_additive_drift_sweep_+0.250000,original,2.813152802694978,n,-2.813152802694978,309.894134846523,365.0805022110304,0.3237808448688152,0.40800142420872687,0.6494108404612684,1.3094360565360514,1.4619689680191428,1.3094360565360514,0.1939647023795371,0.8060352976204629,0.5490702868593487,1.2957760749321365,0.13128956564754665,0.8687104343524533,True,0.6834263202983902,0.6834263202983902,2.1748992919089663e-16
PbSe/Cr,common_additive_drift_sweep,common_additive_drift_sweep_+0.250000,alpha_preserving_flattened,2.813152802694978,p,2.813152802694978,309.894134846523,369.7469452297358,0.3825324895378694,0.493109917329139,1.2220920028785844,2.2690691994531837,1.5884106985654536,2.2690691994531837,0.3651832075254172,0.6348167924745828,1.0793259791261165,2.212881209619926,0.2242117434185791,0.7757882565814209,True,0.5651754284743735,0.5651754284743735,1.8970858134707554e-16
PbSe/Cr,common_additive_drift_sweep,common_additive_drift_sweep_+0.250000,alpha_preserving_flattened,2.813152802694978,n,-2.813152802694978,309.894134846523,364.81287471605884,0.3933811458207797,0.4941595035953772,0.6494108404612684,1.309436340789754,1.5910595149835396,1.309436340789754,0.2110916572348951,0.7889083427651049,0.5169289015681436,1.2674030935218406,0.1284147815875934,0.8715852184124067,True,0.6586596668560721,0.6586596668560721,0.0
PbSe/Cr,common_additive_drift_sweep,common_additive_drift_sweep_+0.500000,original,2.8010831941938448,p,2.8010831941938448,309.894134846523,369.0017931717514,0.4625024690336195,0.5910471912053905,1.2116279215868284,2.240134403406157,1.7497923348292044,2.240134403406157,0.3971557368231134,0.6028442631768867,1.028836931566752,2.1537687470079825,0.21822239873872354,0.7817776012612765,True,0.5455327505532866,0.5455327505532866,1.9030603168171602e-16
PbSe/Cr,common_additive_drift_sweep,common_additive_drift_sweep_+0.500000,original,2.8010831941938448,n,-2.8010831941938448,309.894134846523,365.0275166767624,0.307767669337024,0.3872610086538402,0.6438503034392374,1.298224310882622,1.4341410584757743,1.298224310882622,0.18864350704296576,0.8113564929570343,0.5501818770110523,1.2867821820231784,0.13037829377245858,0.8696217062275414,True,0.690552807192742,0.690552807192742,2.1761259419988866e-16
PbSe/Cr,common_additive_drift_sweep,common_additive_drift_sweep_+0.500000,alpha_preserving_flattened,2.8010831941938448,p,2.8010831941938448,309.894134846523,369.5240109589612,0.3808912642964737,0.4907060249453064,1.2116279215868284,2.246852470867984,1.5847789791893123,2.246852470867984,0.36078088041483486,0.6392191195851651,1.0702989731156611,2.1911823466269027,0.22201318893643304,0.7779868110635669,True,0.5680624368674652,0.5680624368674652,0.0
PbSe/Cr,common_additive_drift_sweep,common_additive_drift_sweep_+0.500000,alpha_preserving_flattened,2.8010831941938448,n,-2.8010831941938448,309.894134846523,364.7131009206025,0.3916933752818898,0.4919059868178836,0.6438503034392374,1.298224330502322,1.587568723886666,1.298224330502322,0.20882502073403342,0.7911749792659666,0.5125882662008013,1.2560230567045354,0.12726174278737068,0.8727382572126293,True,0.6606410381431133,0.6606410381431133,2.1453602719792014e-16
PbSe/Cr,common_additive_drift_sweep,common_additive_drift_sweep_+0.500000,original,2.8106854181890806,p,2.8106854181890806,309.894134846523,369.1714437828192,0.46408794579318746,0.5931767359311046,1.2199491768678876,2.2577453568120753,1.7535259750172676,2.2577453568120753,0.4011320988415328,0.5988679011584672,1.0357042010244801,2.1707207476282755,0.21993999550667725,0.7800600044933228,True,0.5432756861278983,0.5432756861278983,1.8911230443497466e-16
PbSe/Cr,common_additive_drift_sweep,common_additive_drift_sweep_+0.500000,original,2.8106854181890806,n,-2.8106854181890806,309.894134846523,365.1131299175641,0.30882270908221665,0.38874875811411147,0.648272158236615,1.3071404924461123,1.4361524486435069,1.3071404924461123,0.1902054978759191,0.8097945021240809,0.5539032951977656,1.2961692143553791,0.13132939899924606,0.8686706010007539,True,0.6890042624193797,0.6890042624193797,0.0
PbSe/Cr,common_additive_drift_sweep,common_additive_drift_sweep_+0.500000,alpha_preserving_flattened,2.8106854181890806,p,2.8106854181890806,309.894134846523,369.7010861810162,0.3821969746178181,0.49261806977196565,1.2199491768678876,2.264517146368103,1.5876670344270194,2.264517146368103,0.36427997273999674,0.6357200272600032,1.0774779488784403,2.2084354614236896,0.2237612949491606,0.7762387050508394,True,0.5657662078163748,0.5657662078163748,1.915326928622763e-16
PbSe/Cr,common_additive_drift_sweep,common_additive_drift_sweep_+0.500000,alpha_preserving_flattened,2.8106854181890806,n,-2.8106854181890806,309.894134846523,364.7923051814307,0.3930361156670032,0.49369851714546287,0.648272158236615,1.307140585734349,1.590344913596543,1.307140585734349,0.21062692053278043,0.7893730794672196,0.516040298851369,1.2650721582420006,0.12817860846604634,0.8718213915339537,True,0.6590648736551457,0.6590648736551457,1.0665861752187088e-16
PbSe/Cr,common_additive_drift_sweep,common_additive_drift_sweep_+0.500000,original,2.8155272639969136,p,2.8155272639969136,309.894134846523,369.2580021189935,0.46488740995956584,0.5942504282213641,1.224155904144129,2.2666598070053814,1.7554124116309002,2.2666598070053814,0.4031491634784241,0.5968508365215759,1.039174094971421,2.1793013239695362,0.22080938965790725,0.7791906103420927,True,0.5421361826910203,0.5421361826910203,1.8851417881147555e-16
PbSe/Cr,common_additive_drift_sweep,common_additive_drift_sweep_+0.500000,original,2.8155272639969136,n,-2.8155272639969136,309.894134846523,365.1569026860497,0.30935470456262754,0.3895005466364111,0.6505075826478869,1.3116480510695006,1.4371689996438564,1.3116480510695006,0.19099650207178562,0.8090034979282144,0.5557839952871169,1.3009167978508696,0.13181042977844998,0.8681895702215501,True,0.6882227862706168,0.6882227862706168,0.0
PbSe/Cr,common_additive_drift_sweep,common_additive_drift_sweep_+0.500000,alpha_preserving_flattened,2.8155272639969136,p,2.8155272639969136,309.894134846523,369.79118680284154,0.3828553687615896,0.4935834079569238,1.224155904144129,2.273454415153283,1.589126955764936,2.273454415153283,0.36605395181027983,0.6339460481897201,1.081105692236075,2.217165517154373,0.22464583452905706,0.7753541654709429,True,0.5646066152370015,0.5646066152370015,0.0
PbSe/Cr,common_additive_drift_sweep,common_additive_drift_sweep_+0.500000,alpha_preserving_flattened,2.8155272639969136,n,-2.8155272639969136,309.894134846523,364.8328959310025,0.393713181928725,0.49460346644615566,0.6505075826478869,1.3116480841358018,1.591747680870933,1.3116480841358018,0.21153966371859062,0.7884603362814093,0.5177846440568783,1.2696484387940419,0.12864228262825858,0.8713577173717414,True,0.6582696470104111,0.6582696470104111,1.0635335503742688e-16
PbSe/Cr,common_additive_drift_sweep,common_additive_drift_sweep_+0.750000,original,2.8010831941592493,p,2.8010831941592493,309.894134846523,368.9146369393581,0.4767231877015558,0.6099331804781778,1.2116279215568995,2.238988072175593,1.780298645665464,2.238988072175593,0.40387307034468106,0.5961269296553189,1.0221638126162553,2.147288965554276,0.21756585961209032,0.7824341403879097,True,0.5418751208521463,0.5418751208521463,0.0
PbSe/Cr,common_additive_drift_sweep,common_additive_drift_sweep_+0.750000,original,2.8010831941592493,n,-2.8010831941592493,309.894134846523,365.08139492699314,0.2931436497813333,0.3684702645822792,0.6438503034233334,1.2982246108330153,1.4094215557101446,1.2982246108330153,0.18539200522155755,0.8146079947784425,0.5558553007566931,1.2893945834772096,0.13064298537993,0.86935701462007,True,0.6957885942082556,0.6957885942082556,1.0809350845361043e-16
PbSe/Cr,common_additive_drift_sweep,common_additive_drift_sweep_+0.750000,alpha_preserving_flattened,2.8010831941592493,p,2.8010831941592493,309.894134846523,369.5240109583277,0.38089126429176945,0.4907060249384241,1.2116279215568995,2.2468524708044932,1.584778979178924,2.2468524708044932,0.36078088040227513,0.6392191195977248,1.0702989730898476,2.1911823465649007,0.22201318893015093,0.7779868110698491,True,0.568062436813302,0.568062436813302,0.0
PbSe/Cr,common_additive_drift_sweep,common_additive_drift_sweep_+0.750000,alpha_preserving_flattened,2.8010831941592493,n,-2.8010831941592493,309.894134846523,364.71310092032,0.3916933752770521,0.49190598681143033,0.6438503034233334,1.2982243304702705,1.5875687238766776,1.2982243304702705,0.20882502072756395,0.7911749792724361,0.5125882661884537,1.2560230566719606,0.12726174278407015,0.8727382572159299,True,0.6606410381487898,0.6606410381487898,0.0
PbSe/Cr,common_additive_drift_sweep,common_additive_drift_sweep_+0.750000,original,2.8106854181890806,p,2.8106854181890806,309.894134846523,369.08300371146197,0.47835741365317014,0.6121434320764119,1.2199491768678876,2.2565882856828257,1.784225501481941,2.2565882856828257,0.40794566854334247,0.5920543314566575,1.0289824392424893,2.164184391505469,0.21927772416760666,0.7807222758323933,True,0.5396235614912607,0.5396235614912607,0.0
PbSe/Cr,common_additive_drift_sweep,common_additive_drift_sweep_+0.750000,original,2.8106854181890806,n,-2.8106854181890806,309.894134846523,365.16806003569405,0.2941485578126235,0.3698881708403335,0.648272158236615,1.3071400544592895,1.411303812322121,1.3071400544592895,0.18691445645923999,0.81308554354076,0.5596176128013509,1.298772815954719,0.13159319899502425,0.8684068010049757,True,0.6942466275005396,0.6942466275005396,1.0748066598409164e-16
PbSe/Cr,common_additive_drift_sweep,common_additive_drift_sweep_+0.750000,alpha_preserving_flattened,2.8106854181890806,p,2.8106854181890806,309.894134846523,369.7010861810162,0.38219697461781815,0.49261806977196565,1.2199491768678876,2.264517146368103,1.5876670344270196,2.264517146368103,0.3642799727399968,0.6357200272600032,1.0774779488784612,2.2084354614236896,0.2237612949491606,0.7762387050508394,True,0.5657662078158766,0.5657662078158766,1.9307503695516314e-16
PbSe/Cr,common_additive_drift_sweep,common_additive_drift_sweep_+0.750000,alpha_preserving_flattened,2.8106854181890806,n,-2.8106854181890806,309.894134846523,364.7923051814307,0.39303611566700325,0.49369851714546287,0.648272158236615,1.307140585734349,1.590344913596543,1.307140585734349,0.21062692053278043,0.7893730794672196,0.5160402988513898,1.2650721582420006,0.12817860846604634,0.8718213915339537,True,0.6590648736552138,0.6590648736552138,0.0
PbSe/Cr,common_additive_drift_sweep,common_additive_drift_sweep_+0.750000,original,2.8178072089695543,p,2.8178072089695543,309.894134846523,369.20943137366964,0.4795694886140604,0.613782688452929,1.2261392897643377,2.269698543349412,1.7871451253994315,2.269698543349412,0.41098716048085776,0.5890128395191423,1.03405166414112,2.1767712357445927,0.22055303812423643,0.7794469618757636,True,0.5379513224849096,0.5379513224849096,0.0
PbSe/Cr,common_additive_drift_sweep,common_additive_drift_sweep_+0.750000,original,2.8178072089695543,n,-2.8178072089695543,309.894134846523,365.2333969390573,0.29489387938919087,0.3709424831609832,0.6515615394036343,1.3137730980121054,1.4127034844159676,1.3137730980121054,0.18804926295615343,0.8119507370438466,0.5624153443613321,1.305752546600443,0.1323003935655537,0.8676996064344463,True,0.6931018690395666,0.6931018690395666,0.0
PbSe/Cr,common_additive_drift_sweep,common_additive_drift_sweep_+0.750000,alpha_preserving_flattened,2.8178072089695543,p,2.8178072089695543,309.894134846523,369.83397752270656,0.38316539565581254,0.49403847458376005,1.2261392897643377,2.277671902754328,1.5898152564312256,2.277671902754328,0.36689186242803135,0.6331081375719687,1.0828157444981084,2.2212846975498075,0.22506319476235878,0.7749368052376412,True,0.5640601831509064,0.5640601831509064,1.9217221725215402e-16
PbSe/Cr,common_additive_drift_sweep,common_additive_drift_sweep_+0.750000,alpha_preserving_flattened,2.8178072089695543,n,-2.8178072089695543,309.894134846523,364.8521476561718,0.39403200121393656,0.4950298254367521,0.6515615394036343,1.3137726705726525,1.5924088946307835,1.3137726705726525,0.2119703284066602,0.7880296715933398,0.5186068815371718,1.2718064333539052,0.12886093319135766,0.8711390668086423,True,0.6578950851321674,0.6578950851321674,0.0
PbSe/Cr,common_additive_drift_sweep,common_additive_drift_sweep_+1.000000,original,2.8010831941591303,p,2.8010831941591303,309.894134846523,368.8277824755174,0.49094390637518337,0.6288028322534666,1.2116279215567964,2.2378386718975194,1.8113033947254695,2.2378386718975194,0.41069577042100275,0.5893042295789972,1.0154307929234647,2.140681709074496,0.21689640456493048,0.7831035954350696,True,0.5382616466978318,0.5382616466978318,2.8882948911856986e-16
PbSe/Cr,common_additive_drift_sweep,common_additive_drift_sweep_+1.000000,original,2.8010831941591303,n,-2.8010831941591303,309.894134846523,365.1356507107453,0.2785196302294318,0.34967093656355974,0.6438503034232786,1.2982247118213701,1.3851077573352166,1.2982247118213701,0.1821938393913318,0.8178061606086682,0.5614632614855308,1.291799106473097,0.1308866144959685,0.8691133855040315,True,0.7010891866288489,0.7010891866288489,1.073913588096721e-16
PbSe/Cr,common_additive_drift_sweep,common_additive_drift_sweep_+1.000000,alpha_preserving_flattened,2.8010831941591303,p,2.8010831941591303,309.894134846523,369.5240109583255,0.38089126429175335,0.49070602493840043,1.2116279215567964,2.246852470804274,1.5847789791788884,2.246852470804274,0.36078088040223183,0.6392191195977681,1.0702989730897685,2.1911823465647062,0.22201318893013122,0.7779868110698688,True,0.5680624368681907,0.5680624368681907,3.9176655595338882e-16
PbSe/Cr,common_additive_drift_sweep,common_additive_drift_sweep_+1.000000,alpha_preserving_flattened,2.8010831941591303,n,-2.8010831941591303,309.894134846523,364.71310092031905,0.3916933752770355,0.491905986811408,0.6438503034232786,1.29822433047016,1.5875687238766438,1.29822433047016,0.20882502072754172,0.7911749792724583,0.5125882661884091,1.2560230566718344,0.12726174278405736,0.8727382572159427,True,0.6606410381488095,0.6606410381488095,0.0
PbSe/Cr,common_additive_drift_sweep,common_additive_drift_sweep_+1.000000,original,2.8106854181890806,p,2.8106854181890806,309.894134846523,368.9948427039186,0.49262688151315265,0.6310934485813979,1.2199491768678876,2.255427484718881,1.8154284903344784,2.255427484718881,0.41486640672144365,0.5851335932785564,1.022200541772009,2.1575222165836383,0.21860270471889448,0.7813972952811055,True,0.5360158455337685,0.5360158455337685,0.0
PbSe/Cr,common_additive_drift_sweep,common_additive_drift_sweep_+1.000000,original,2.8106854181890806,n,-2.8106854181890806,309.894134846523,365.22336082763013,0.27947440654303035,0.3510187759824833,0.648272158236615,1.30714046156677,1.3868645260860213,1.30714046156677,0.1836777507068643,0.8163222492931357,0.5652661484687868,1.3011671944619838,0.1318358002594681,0.8681641997405319,True,0.6995541368488023,0.6995541368488023,1.0678454453396024e-16
PbSe/Cr,common_additive_drift_sweep,common_additive_drift_sweep_+1.000000,alpha_preserving_flattened,2.8106854181890806,p,2.8106854181890806,309.894134846523,369.7010861810162,0.38219697461781815,0.49261806977196565,1.2199491768678876,2.264517146368103,1.5876670344270196,2.264517146368103,0.3642799727399968,0.6357200272600032,1.0774779488784612,2.2084354614236896,0.2237612949491606,0.7762387050508394,True,0.5657662078089869,0.5657662078089869,0.0
PbSe/Cr,common_additive_drift_sweep,common_additive_drift_sweep_+1.000000,alpha_preserving_flattened,2.8106854181890806,n,-2.8106854181890806,309.894134846523,364.7923051814307,0.39303611566700325,0.49369851714546287,0.648272158236615,1.307140585734349,1.590344913596543,1.307140585734349,0.21062692053278043,0.7893730794672196,0.5160402988513898,1.2650721582419382,0.12817860846604,0.87182139153396,True,0.6590648736552137,0.6590648736552137,0.0
PbSe/Cr,common_additive_drift_sweep,common_additive_drift_sweep_+1.000000,original,2.8199913183716867,p,2.8199913183716867,309.894134846523,369.1590429580449,0.49425792017616443,0.633313678651558,1.2280408110770658,2.272557581637148,1.8194380547109914,2.272557581637148,0.41894057527738715,0.5810594247226128,1.028778833426495,2.1739231933111123,0.22026447109381259,0.7797355289061874,True,0.5338359798136291,0.5338359798136291,0.0
PbSe/Cr,common_additive_drift_sweep,common_additive_drift_sweep_+1.000000,original,2.8199913183716867,n,-2.8199913183716867,309.894134846523,365.3098976269946,0.2803997185377673,0.3523287567446615,0.6525719940592126,1.315809969991822,1.3885720096577256,1.315809969991822,0.18512361996571514,0.8148763800342849,0.5689626556128722,1.3102814560591287,0.13275926803251673,0.8672407319674833,True,0.6980647382005016,0.6980647382005016,1.0620150579982387e-16
PbSe/Cr,common_additive_drift_sweep,common_additive_drift_sweep_+1.000000,alpha_preserving_flattened,2.8199913183716867,p,2.8199913183716867,309.894134846523,369.87504569797403,0.3834623908301309,0.494474531231984,1.2280408110770658,2.281715756467473,1.5904751348455777,2.281715756467473,0.3676958090687334,0.6323041909312666,1.0844550007134872,2.2252345488826117,0.22546339837460977,0.7745366016253903,True,0.5635364821061563,0.5635364821061563,0.0
PbSe/Cr,common_additive_drift_sweep,common_additive_drift_sweep_+1.000000,alpha_preserving_flattened,2.8199913183716867,n,-2.8199913183716867,309.894134846523,364.8706154140854,0.39433741919847887,0.4954383255443382,0.6525719940592126,1.3158106490127737,1.593042720023185,1.3158106490127737,0.21238364681642352,0.7876163531835765,0.5193950694473177,1.2738755805074338,0.12907058163008334,0.8709294183699167,True,0.6575362065669649,0.6575362065669649,0.0
PbSe/Cr,monotone_pointwise_corners,monotone_corner_pppmm_nmmpp,original,2.72980361313475,p,2.72980361313475,309.894134846523,370.0008907537286,0.05285496233773796,0.5187932135105556,1.1507475679885502,2.1395630151364555,1.1339026766237121,2.1395630151364555,0.24581088877286217,0.7541891112271378,1.6661653389259405,4.037199047783688,0.4090537861211623,0.5909462138788377,True,0.6627391026555147,0.6627391026555147,9.858402508468047e-17
PbSe/Cr,monotone_pointwise_corners,monotone_corner_pppmm_nmmpp,original,2.72980361313475,n,-2.72980361313475,309.894134846523,363.374765216911,0.30121270313442444,0.9454075431574892,0.6114989244066351,1.2329931291368148,2.165398249660656,1.2329931291368148,0.2705195725354282,0.7294804274645719,-0.7399091276256914,1.2248319250304431,0.12410142040700763,0.8758985795929923,True,0.6088761956548954,0.6088761956548954,0.0
PbSe/Cr,monotone_pointwise_corners,monotone_corner_pppmm_nmmpp,alpha_preserving_flattened,2.72980361313475,p,2.72980361313475,309.894134846523,368.2611166860284,0.283625999499729,0.491022445825688,1.1507475679885502,2.1181111735838845,1.542402558128951,2.1181111735838845,0.33101428991183324,0.6689857100881668,0.5124151045316584,2.2267660082071465,0.22561856764607172,0.7743814323539283,True,0.5871558261823967,0.5871558261823967,9.562182523311603e-17
PbSe/Cr,monotone_pointwise_corners,monotone_corner_pppmm_nmmpp,alpha_preserving_flattened,2.72980361313475,n,-2.72980361313475,309.894134846523,364.1556281297321,0.29157748622261936,0.5009707482998687,0.6114989244066351,1.2329928477496157,1.5661508150608954,1.2329928477496157,0.19565655065710386,0.8043434493428961,0.08758483811937834,1.5724356709950846,0.1593210433866556,0.8406789566133444,True,0.6744174541788671,0.6744174541788671,0.0
PbSe/Cr,monotone_pointwise_corners,monotone_corner_pppmm_nmmpp,original,2.7984674522449455,p,2.7984674522449455,309.894134846523,371.3639954521009,0.054183626226655596,0.5318426261395628,1.2093660636117571,2.2641227310735563,1.141854162224914,2.2641227310735563,0.26194544980739326,0.7380545501926068,1.7584185032918922,4.287045149455266,0.4343684888709504,0.5656315111290495,True,0.6462300570547903,0.6462300570547903,0.0
PbSe/Cr,monotone_pointwise_corners,monotone_corner_pppmm_nmmpp,original,2.7984674522449455,n,-2.7984674522449455,309.894134846523,363.69635272814156,0.30878922640022033,0.9691869207208974,0.6426483684906942,1.2958010664887527,2.2099386553298066,1.2958010664887527,0.2901474821153935,0.7098525178846065,-0.7827446192285382,1.298317812251515,0.13154709748125398,0.868452902518746,True,0.5966333039653257,0.5966333039653257,1.113334954645536e-16
PbSe/Cr,monotone_pointwise_corners,monotone_corner_pppmm_nmmpp,alpha_preserving_flattened,2.7984674522449455,p,2.7984674522449455,309.894134846523,369.4563472224223,0.29089436825969023,0.5033733820478352,1.2093660636117571,2.2418039137319608,1.5543269717567323,2.2418039137319608,0.3530532883484963,0.6469467116515037,0.5288066181718731,2.354144128343156,0.23852466954838808,0.761475330451612,True,0.5711685738134543,0.5711685738134543,0.0
PbSe/Cr,monotone_pointwise_corners,monotone_corner_pppmm_nmmpp,alpha_preserving_flattened,2.7984674522449455,n,-2.7984674522449455,309.894134846523,364.66680128247015,0.298812343289054,0.5135719571155065,0.6426483684906942,1.2958011448826539,1.5835210343571526,1.2958011448826539,0.20790381112329903,0.792096188876701,0.0879874146818238,1.6565840115610204,0.16784705285433477,0.8321529471456652,True,0.6631698973535357,0.6631698973535357,0.0
PbSe/Cr,monotone_pointwise_corners,monotone_corner_pppmm_nmmpp,original,2.8106854181890806,p,2.8106854181890806,309.894134846523,371.62003917711144,0.054419706791879525,0.5341646238775031,1.2199491768678876,2.286664809698318,1.1434075455401214,2.286664809698318,0.2649133330249323,0.7350866669750677,1.7753683068928618,4.348747270724412,0.44062022083118335,0.5593797791688166,True,0.6432369656755934,0.6432369656755934,1.8714971849034093e-16
PbSe/Cr,monotone_pointwise_corners,monotone_corner_pppmm_nmmpp,original,2.8106854181890806,n,-2.8106854181890806,309.894134846523,363.76320751678935,0.31013738438899635,0.9734188060420521,0.648272158236615,1.3071404621222045,2.217831242421705,1.3071404621222045,0.2937318292927922,0.7062681707072078,-0.7864458479480997,1.31201969877494,0.1329353888419404,0.8670646111580596,True,0.5944567757061918,0.5944567757061918,1.1050742580834471e-16
PbSe/Cr,monotone_pointwise_corners,monotone_corner_pppmm_nmmpp,alpha_preserving_flattened,2.8106854181890806,p,2.8106854181890806,309.894134846523,369.6823929175446,0.29214084610401664,0.5055712302251512,1.2199491768678876,2.2642827990861285,1.5562758807758321,2.2642827990861285,0.35704052201772,0.64295947798228,0.5351429624398935,2.3842451075621747,0.2415745363916525,0.7584254636083475,True,0.568308007687548,0.568308007687548,1.8150515238178407e-16
PbSe/Cr,monotone_pointwise_corners,monotone_corner_pppmm_nmmpp,alpha_preserving_flattened,2.8106854181890806,n,-2.8106854181890806,309.894134846523,364.76682166848497,0.30047349880998314,0.5158132032009084,0.648272158236615,1.3071406550680809,1.5865810710889718,1.3071406550680809,0.21012844449499427,0.7898715555050058,0.09071313366463495,1.6774234491415188,0.16995852933643146,0.8300414706635686,True,0.6611648830715103,0.6611648830715103,1.1371290553767598e-16
PbSe/Cr,monotone_pointwise_corners,monotone_corner_pppmp_nmmpp,original,2.7306374627246277,p,2.7306374627246277,309.894134846523,370.01728460166134,0.04934041869039479,0.518951684803595,1.1514506932505997,2.1410594126798985,1.13835460723249,2.1410594126798985,0.24694858554955212,0.7530514144504479,1.6983161851621198,4.0433199256682535,0.40967396071335666,0.5903260392866434,True,0.6624488032984716,0.6624488032984716,2.956531262838785e-16
PbSe/Cr,monotone_pointwise_corners,monotone_corner_pppmp_nmmpp,original,2.7306374627246277,n,-2.7306374627246277,309.894134846523,363.3780933239654,0.30130471198362,0.9456960697195158,0.6118725600791555,1.233746529520503,2.1659403476503956,1.233746529520503,0.27075263389150234,0.7292473661084977,-0.7401431350235763,1.2256901254321206,0.12418837428750792,0.875811625712492,True,0.6087274384014327,0.6087274384014327,1.1609629888984148e-16
PbSe/Cr,monotone_pointwise_corners,monotone_corner_pppmp_nmmpp,alpha_preserving_flattened,2.7306374627246277,p,2.7306374627246277,309.894134846523,368.276264325698,0.28380763877830034,0.49040983957772666,1.1514506932505997,2.1196037730026354,1.5446215451200653,2.1196037730026354,0.3317241017822644,0.6682758982177356,0.5266959979266468,2.2292421272363034,0.22586945095694522,0.7741305490430548,True,0.5870343053230245,0.5870343053230245,9.557937081289821e-17
PbSe/Cr,monotone_pointwise_corners,monotone_corner_pppmp_nmmpp,alpha_preserving_flattened,2.7306374627246277,n,-2.7306374627246277,309.894134846523,364.16309285095,0.2917634063549,0.5002650249809915,0.6118725600791555,1.23374643571891,1.5667206330556334,1.23374643571891,0.19584736310062378,0.8041526368993762,0.09976168627807662,1.5744270286007953,0.15952281009632138,0.8404771899036786,True,0.6744920555110365,0.6744920555110365,0.0
PbSe/Cr,monotone_pointwise_corners,monotone_corner_pppmp_nmmpp,original,2.798597712747743,p,2.798597712747743,309.894134846523,371.36570738552354,0.05056870754215321,0.5318673818635696,1.2094786511622957,2.2643518384814856,1.147335479918676,2.2643518384814856,0.2632295173879654,0.7367704826120346,1.7917017066756682,4.289719827539306,0.4346394904202876,0.5653605095797124,True,0.6459697944129195,0.6459697944129195,0.0
PbSe/Cr,monotone_pointwise_corners,monotone_corner_pppmp_nmmpp,original,2.798597712747743,n,-2.798597712747743,309.894134846523,363.6970526038535,0.3088035996386359,0.9692319398353075,0.6427081966997393,1.2959216738137613,2.210022885990049,1.2959216738137613,0.2901855475851522,0.7098144524148478,-0.7827840960508751,1.2984628793193989,0.13156179584827948,0.8684382041517205,True,0.5966100927366941,0.5966100927366941,1.113246387993652e-16
PbSe/Cr,monotone_pointwise_corners,monotone_corner_pppmp_nmmpp,alpha_preserving_flattened,2.798597712747743,p,2.798597712747743,309.894134846523,369.459613229043,0.2909383653175426,0.502616454766143,1.2094786511622957,2.2420539509884105,1.5570128676876411,2.2420539509884105,0.3537028142033294,0.6462971857966706,0.5436170633926403,2.3549938088834694,0.23861076018645053,0.7613892398135494,True,0.5711745247578831,0.5711745247578831,3.6586883147866275e-16
PbSe/Cr,monotone_pointwise_corners,monotone_corner_pppmp_nmmpp,alpha_preserving_flattened,2.798597712747743,n,-2.798597712747743,309.894134846523,364.66979294362153,0.29887645562072607,0.512715990530045,0.6427081966997393,1.2959218253065459,1.5841597575235637,1.2959218253065459,0.2080070407199419,0.7919929592800581,0.10069253826220723,1.6574770626848396,0.16793753785125323,0.8320624621487468,True,0.6633443741009897,0.6633443741009897,1.145685662219424e-16
PbSe/Cr,monotone_pointwise_corners,monotone_corner_pppmp_nmmpp,original,2.8106854181890806,p,2.8106854181890806,309.894134846523,371.6186413846635,0.050786430294308356,0.5341646238775031,1.2199491768678876,2.2866501090733795,1.1490893931938988,2.2866501090733795,0.2662280350357178,0.7337719649642822,1.8086727379660852,4.350741940232949,0.44082232310676356,0.5591776768932364,True,0.6429825730347595,0.6429825730347595,0.0
PbSe/Cr,monotone_pointwise_corners,monotone_corner_pppmp_nmmpp,original,2.8106854181890806,n,-2.8106854181890806,309.894134846523,363.76320751678935,0.31013738438899635,0.9734188060420521,0.648272158236615,1.3071404621222045,2.217831242421705,1.3071404621222045,0.2937318292927922,0.7062681707072078,-0.7864458479480997,1.31201969877494,0.1329353888419404,0.8670646111580596,True,0.5944567757061918,0.5944567757061918,1.1050742580834471e-16
PbSe/Cr,monotone_pointwise_corners,monotone_corner_pppmp_nmmpp,alpha_preserving_flattened,2.8106854181890806,p,2.8106854181890806,309.894134846523,369.6831518499018,0.2920847044308714,0.5047860044788148,1.2199491768678876,2.2642923201176592,1.5590587961189935,2.2642923201176592,0.35768048193243474,0.6423195180675653,0.5499823933946174,2.384776588060221,0.24162838662479735,0.7583716133752026,True,0.5683376384084435,0.5683376384084435,1.8152232487111826e-16
PbSe/Cr,monotone_pointwise_corners,monotone_corner_pppmp_nmmpp,alpha_preserving_flattened,2.8106854181890806,n,-2.8106854181890806,309.894134846523,364.76879929937627,0.3003933716307467,0.5149308513286678,0.648272158236615,1.3071406892403914,1.5872358649845375,1.3071406892403914,0.21021517157404582,0.7897848284259542,0.10346509290260922,1.6781053231838352,0.17002761762149396,0.829972382378506,True,0.6613577968968978,0.6613577968968978,3.411829257797499e-16
PbSe/Cr,monotone_pointwise_corners,monotone_corner_pmpmm_nmmpp,original,2.7320767910687054,p,2.7320767910687054,309.894134846523,369.95921410693546,0.047829327950261666,1.3556706878845548,1.1526648803630217,2.1426454741656973,1.1932330424919357,2.1426454741656973,0.25904537550037143,0.7409546244996286,1.7454110281115272,10.29793787486597,1.0433992545566806,-0.04339925455668059,True,0.6290913019985427,0.6290913019985427,1.971200594815316e-16
PbSe/Cr,monotone_pointwise_corners,monotone_corner_pmpmm_nmmpp,original,2.7320767910687054,n,-2.7320767910687054,309.894134846523,363.3839484191185,0.3014635307276248,0.9461937086015324,0.612517770318072,1.2350473668178614,2.166876022734262,1.2350473668178614,0.27115519704146657,0.7288448029585335,-0.7405470119419882,1.2271755331844616,0.12433887755916662,0.8756611224408334,True,0.6084706718335247,0.6084706718335247,1.1599200440061204e-16
PbSe/Cr,monotone_pointwise_corners,monotone_corner_pmpmm_nmmpp,alpha_preserving_flattened,2.7320767910687054,p,2.7320767910687054,309.894134846523,368.25449612419095,0.2934851264317211,0.82441023211276,1.1526648803630217,2.1215533872375483,1.585712152018099,2.1215533872375483,0.3408619890505864,0.6591380109494136,0.5518697626539698,5.0708283957034395,0.5137823350998493,0.4862176649001507,True,0.5708439616363852,0.5708439616363852,0.0
PbSe/Cr,monotone_pointwise_corners,monotone_corner_pmpmm_nmmpp,alpha_preserving_flattened,2.7320767910687054,n,-2.7320767910687054,309.894134846523,364.1448459436116,0.3009538399156171,0.8477905814658578,0.612517770318072,1.2350474699647545,1.6199007558852323,1.2350474699647545,0.20270866478997143,0.7972913352100286,0.11907563463464094,4.028444891664035,0.40816680466132926,0.5918331953386707,True,0.6522936692240299,0.6522936692240299,1.1735208994307268e-16
PbSe/Cr,monotone_pointwise_corners,monotone_corner_pmpmm_nmmpp,original,2.800433173008793,p,2.800433173008793,309.894134846523,371.31478064493996,0.04902718010581944,1.3895894794898844,1.2110656445109758,2.2667757286303813,1.2008078797156825,2.2667757286303813,0.27579242752497585,0.7242075724750241,1.8416570086283992,10.968162571378068,1.1113072141136129,-0.11130721411361288,True,0.6138905848048906,0.6138905848048906,3.772136818922136e-16
PbSe/Cr,monotone_pointwise_corners,monotone_corner_pmpmm_nmmpp,original,2.800433173008793,n,-2.800433173008793,309.894134846523,363.7069206269101,0.30900612847406805,0.9698667672753041,0.6435515134728997,1.2976222157222155,2.211209567153151,1.2976222157222155,0.290722357386354,0.709277642613646,-0.7833403104948591,1.300507396216463,0.1317689487202668,0.8682310512797332,True,0.5962830307198882,0.5962830307198882,1.1119995651966855e-16
PbSe/Cr,monotone_pointwise_corners,monotone_corner_pmpmm_nmmpp,alpha_preserving_flattened,2.800433173008793,p,2.800433173008793,309.894134846523,369.44459157604297,0.30092868555899527,0.8450369219941861,1.2110656445109758,2.2448053737211167,1.5974396778644304,2.2448053737211167,0.36333180412677984,0.6366681958732201,0.5709750531176971,5.383615964860332,0.5454743418354352,0.4545256581645648,True,0.5555098108369908,0.5555098108369908,0.0
PbSe/Cr,monotone_pointwise_corners,monotone_corner_pmpmm_nmmpp,alpha_preserving_flattened,2.800433173008793,n,-2.800433173008793,309.894134846523,364.6519287752707,0.308445717072583,0.8690022461530791,0.6435515134728997,1.2976221707848596,1.6374088346842044,1.2976221707848596,0.21528096975099698,0.784719030249003,0.1214394661738587,4.250281001709189,0.43064350190571615,0.5693564980942838,True,0.6415396072679898,0.6415396072679898,1.1253478464675613e-16
PbSe/Cr,monotone_pointwise_corners,monotone_corner_pmpmm_nmmpp,original,2.8106854181890806,p,2.8106854181890806,309.894134846523,371.5290683721753,0.049206100688978266,1.394676696775049,1.2199491768678876,2.2857035514422193,1.2020635571298472,2.2857035514422193,0.2783861267314521,0.721613873268548,1.856332866500235,11.116897809259065,1.1263772444650402,-0.12637724446504017,True,0.6115691278123347,0.6115691278123347,1.8737334764065756e-16
PbSe/Cr,monotone_pointwise_corners,monotone_corner_pmpmm_nmmpp,original,2.8106854181890806,n,-2.8106854181890806,309.894134846523,363.76320751678935,0.31013738438899635,0.9734188060420521,0.648272158236615,1.3071404621222045,2.217831242421705,1.3071404621222045,0.2937318292927922,0.7062681707072078,-0.7864458479480997,1.31201969877494,0.1329353888419404,0.8670646111580596,True,0.5944567757061918,0.5944567757061918,1.1050742580834471e-16
PbSe/Cr,monotone_pointwise_corners,monotone_corner_pmpmm_nmmpp,alpha_preserving_flattened,2.8106854181890806,p,2.8106854181890806,309.894134846523,369.63402869012964,0.3001136229638566,0.8481305597193,1.2199491768678876,2.2636748860866156,1.5990558647043243,2.2636748860866156,0.36675660495380813,0.6332433950461919,0.5667992599274952,5.388104491817601,0.5459291246995562,0.45407087530044377,True,0.5531972817206516,0.5531972817206516,1.842345569467958e-16
PbSe/Cr,monotone_pointwise_corners,monotone_corner_pmpmm_nmmpp,alpha_preserving_flattened,2.8106854181890806,n,-2.8106854181890806,309.894134846523,364.7353970733607,0.3101438824006581,0.8721836197261575,0.648272158236615,1.3071405299186556,1.6400019847223948,1.3071405299186556,0.21720354497096822,0.7827964550290318,0.12398225151392031,4.297951781999336,0.4354735617898676,0.5645264382101324,True,0.6399262233049519,0.6399262233049519,0.0
PbSe/Cr,monotone_pointwise_corners,monotone_corner_pmpmp_nmmpp,original,2.7328976398666733,p,2.7328976398666733,309.894134846523,369.97549236108813,0.0446090354536878,1.356077997319717,1.1533576176399443,2.1441218906093344,1.1978451477819516,2.1441218906093344,0.2602258305951935,0.7397741694048066,1.7554824874612307,10.316339652680451,1.0452637444659671,-0.04526374446596715,True,0.6288438914976066,0.6288438914976066,0.0
PbSe/Cr,monotone_pointwise_corners,monotone_corner_pmpmp_nmmpp,original,2.7328976398666733,n,-2.7328976398666733,309.894134846523,363.3872900435631,0.30155410504004454,0.9464772878878743,0.612885885890521,1.2357896265504442,2.1674096067976993,1.2357896265504442,0.2713849714453336,0.7286150285546664,-0.7407773173280213,1.228022822361364,0.12442472590145771,0.8755752740985423,True,0.608324240698406,0.608324240698406,2.31865179927526e-16
PbSe/Cr,monotone_pointwise_corners,monotone_corner_pmpmp_nmmpp,alpha_preserving_flattened,2.7328976398666733,p,2.7328976398666733,309.894134846523,368.2694740582121,0.29363666465017724,0.8246579250583882,1.1533576176399443,2.1230250013412526,1.5879691659299526,2.1230250013412526,0.3415839281517908,0.6584160718482093,0.5661156678522785,5.0777553648412495,0.514484183811946,0.48551581618805395,True,0.5707349979323677,0.5707349979323677,0.0
PbSe/Cr,monotone_pointwise_corners,monotone_corner_pmpmp_nmmpp,alpha_preserving_flattened,2.7328976398666733,n,-2.7328976398666733,309.894134846523,364.1521626838773,0.3011244536027101,0.8480452990060088,0.612885885890521,1.235789709275927,1.6204576311645897,1.235789709275927,0.20290021600965227,0.7970997839903478,0.13126196659334988,4.03424197274776,0.40875417177840284,0.5912458282215971,True,0.6523750956850639,0.6523750956850639,1.1730750712761038e-16
PbSe/Cr,monotone_pointwise_corners,monotone_corner_pmpmp_nmmpp,original,2.800560328027937,p,2.800560328027937,309.894134846523,371.31654745781566,0.04571353176534923,1.3896525744705361,1.2111756250473884,2.2670006154901885,1.2065030683959557,2.2670006154901885,0.2771279463179437,0.7228720536820563,1.8469433720330883,10.976795345298578,1.1121818969853559,-0.11218189698535586,True,0.613664954531285,0.613664954531285,1.8862766758160132e-16
PbSe/Cr,monotone_pointwise_corners,monotone_corner_pmpmp_nmmpp,original,2.800560328027937,n,-2.800560328027937,309.894134846523,363.7076046884294,0.3090201590463954,0.9699109289525794,0.6436099563335174,1.297740068207147,2.2112917637317597,1.297740068207147,0.29075956924620144,0.7092404307537985,-0.7833788404444195,1.3006490630932668,0.13178330257590745,0.8682166974240926,True,0.5962603739006503,0.5962603739006503,0.0
PbSe/Cr,monotone_pointwise_corners,monotone_corner_pmpmp_nmmpp,alpha_preserving_flattened,2.800560328027937,p,2.800560328027937,309.894134846523,369.4478322329437,0.3006591588772417,0.8450752913032736,1.2111756250473884,2.245050338306106,1.600181125020818,2.245050338306106,0.3639950529002471,0.6360049470997529,0.5857176238754512,5.386347874814128,0.5457511421855581,0.4542488578144419,True,0.5555209942929704,0.5555209942929704,0.0
PbSe/Cr,monotone_pointwise_corners,monotone_corner_pmpmp_nmmpp,alpha_preserving_flattened,2.800560328027937,n,-2.800560328027937,309.894134846523,364.6549212676109,0.30849422223996575,0.8690417036192708,0.6436099563335174,1.2977399017749134,1.6380411672682882,1.2977399017749134,0.21538364630697687,0.7846163536930231,0.13413284699519215,4.2531713101446,0.4309363513774834,0.5690636486225167,True,0.6417154713489178,0.6417154713489178,0.0
PbSe/Cr,monotone_pointwise_corners,monotone_corner_pmpmp_nmmpp,original,2.8106854181890806,p,2.8106854181890806,309.894134846523,371.52790650571984,0.04587846516197171,1.394676696775049,1.2199491768678876,2.2856912151720232,1.2079328493025556,2.2856912151720232,0.2797438873906457,0.7202561126093543,1.8607834853248637,11.123621777457512,1.1270585248816802,-0.12705852488168023,True,0.6113516391370242,0.6113516391370242,1.874088258547933e-16
PbSe/Cr,monotone_pointwise_corners,monotone_corner_pmpmp_nmmpp,original,2.8106854181890806,n,-2.8106854181890806,309.894134846523,363.76320751678935,0.31013738438899635,0.9734188060420521,0.648272158236615,1.3071404621222045,2.217831242421705,1.3071404621222045,0.2937318292927922,0.7062681707072078,-0.7864458479480997,1.31201969877494,0.1329353888419404,0.8670646111580596,True,0.5944567757061918,0.5944567757061918,1.1050742580834471e-16
PbSe/Cr,monotone_pointwise_corners,monotone_corner_pmpmp_nmmpp,alpha_preserving_flattened,2.8106854181890806,p,2.8106854181890806,309.894134846523,369.6348335241968,0.30014271589940505,0.8481305597193,1.2199491768678876,2.2636850212507857,1.6018791635923142,2.2636850212507857,0.3674057967386638,0.6325942032613362,0.5817449777962086,5.389982689586768,0.5461194259206427,0.45388057407935734,True,0.5532313237257855,0.5532313237257855,0.0
PbSe/Cr,monotone_pointwise_corners,monotone_corner_pmpmp_nmmpp,alpha_preserving_flattened,2.8106854181890806,n,-2.8106854181890806,309.894134846523,364.73737814663957,0.30983172359270494,0.8721836197261575,0.648272158236615,1.3071406085512138,1.6406438244678148,1.3071406085512138,0.21728856395641807,0.782711436043582,0.13670688124242059,4.300280135305069,0.43570947330274207,0.564290526697258,True,0.6401198138625275,0.6401198138625275,0.0
PbSe/Cr,monotone_pointwise_corners,monotone_corner_pmmmm_nmmpp,original,2.8106854181890806,p,2.8106854181890806,309.894134846523,369.4848274340073,0.4137715595695613,0.5274843923876751,1.2199491768678876,2.2617850563281046,1.649939999639387,2.2617850563281046,0.37811136934834644,0.6218886306516536,1.0587646828440802,2.192582357177457,0.22215503966252698,0.7778449603374731,True,0.5565056018595097,0.5565056018595097,3.8884284208013934e-16
PbSe/Cr,monotone_pointwise_corners,monotone_corner_pmmmm_nmmpp,original,2.8106854181890806,n,-2.8106854181890806,309.894134846523,363.76320751678935,0.31013738438899635,0.9734188060420521,0.648272158236615,1.3071404621222045,2.217831242421705,1.3071404621222045,0.2937318292927922,0.7062681707072078,-0.7864458479480997,1.31201969877494,0.1329353888419404,0.8670646111580596,True,0.5944567757061918,0.5944567757061918,1.1050742580834471e-16
PbSe/Cr,monotone_pointwise_corners,monotone_corner_pmmmm_nmmpp,alpha_preserving_flattened,2.8106854181890806,p,2.8106854181890806,309.894134846523,368.6338300453584,0.35767799111655607,0.7319283674199417,1.2199491768678876,2.250598113460813,1.8791715928300032,2.250598113460813,0.42851363335551235,0.5714863666444876,0.27582440290706617,2.2895267819554963,0.2319775635285635,0.7680224364714365,True,0.5324562171526636,0.5324562171526636,0.0
PbSe/Cr,monotone_pointwise_corners,monotone_corner_pmmmm_nmmpp,alpha_preserving_flattened,2.8106854181890806,n,-2.8106854181890806,309.894134846523,364.1831762070111,0.36782177155798496,0.7467731078360139,0.648272158236615,1.307140673561141,1.9168150912589381,1.307140673561141,0.2538649846192233,0.7461350153807766,-0.1411553983604552,1.2844232732253638,0.13013928634095967,0.8698607136590404,True,0.6187653738185436,0.6187653738185436,0.0
PbSe/Cr,monotone_pointwise_corners,monotone_corner_pmmmm_nmmpp,original,2.830698511525004,p,2.830698511525004,309.894134846523,369.85574104172883,0.4167177622245534,0.5313727595233771,1.2373839835022895,2.298833392647632,1.6564504959220192,2.298833392647632,0.3858213114269271,0.6141786885730729,1.073491644541858,2.22855633957272,0.22579996613914363,0.7742000338608563,True,0.551748009836683,0.551748009836683,1.9186949286514884e-16
PbSe/Cr,monotone_pointwise_corners,monotone_corner_pmmmm_nmmpp,original,2.830698511525004,n,-2.830698511525004,309.894134846523,363.8789434854644,0.3123456743600367,0.9803501028048065,0.6575368882267116,1.3258212543389356,2.230724070635159,1.3258212543389356,0.2996615938413017,0.7003384061586984,-0.8047856149608441,1.3348973654314975,0.13525338110655763,0.8647466188934424,True,0.5908941409004624,0.5908941409004624,2.183486840250683e-16
PbSe/Cr,monotone_pointwise_corners,monotone_corner_pmmmm_nmmpp,alpha_preserving_flattened,2.830698511525004,p,2.830698511525004,309.894134846523,368.98098628457507,0.36022478734430086,0.7371409524970233,1.2373839835022895,2.287475017817463,1.8855659244552678,2.287475017817463,0.43701700406180893,0.5629829959381911,0.2714824846264687,2.3350243554133185,0.23658743152416425,0.7634125684758357,True,0.527786540627757,0.527786540627757,1.8993998350187962e-16
PbSe/Cr,monotone_pointwise_corners,monotone_corner_pmmmm_nmmpp,alpha_preserving_flattened,2.830698511525004,n,-2.830698511525004,309.894134846523,364.32451376955953,0.3704407951589675,0.7520896231882789,0.6575368882267116,1.3258215628083514,1.925918662970421,1.3258215628083514,0.25871599182834315,0.7412840081716568,-0.14004194613721294,1.305360983265956,0.13226071990503255,0.8677392800949675,True,0.6153208637196209,0.6153208637196209,2.2045107523124483e-16
PbSe/Cr,monotone_pointwise_corners,monotone_corner_pmmmm_nmmpp,original,2.8593945751026157,p,2.8593945751026157,309.894134846523,370.4064413392657,0.4209422175489297,0.536935736585163,1.2625989824480457,2.352572607565859,1.6658374299490095,2.352572607565859,0.39707807396245687,0.6029219260375431,1.0947558381574416,2.280743455914791,0.23108762653780265,0.7689123734621973,True,0.5448964847943762,0.5448964847943762,0.0
PbSe/Cr,monotone_pointwise_corners,monotone_corner_pmmmm_nmmpp,original,2.8593945751026157,n,-2.8593945751026157,309.894134846523,364.0582442183386,0.31551206290093387,0.990286876159255,0.6709359560702318,1.3528385860129595,2.2491202544087905,1.3528385860129595,0.3082896275368097,0.6917103724631903,-0.814292248444016,1.3686596273242897,0.13867421344397793,0.8613257865560221,True,0.5857916949899794,0.5857916949899794,0.0
PbSe/Cr,monotone_pointwise_corners,monotone_corner_pmmmm_nmmpp,alpha_preserving_flattened,2.8593945751026157,p,2.8593945751026157,309.894134846523,369.4976000840026,0.36387654798139346,0.7446133895613439,1.2625989824480457,2.3410260896224093,1.8943478237362104,2.3410260896224093,0.4493308442733955,0.5506691557266046,0.2698687189907122,2.402188958648427,0.24339262862281344,0.7566073713771866,True,0.5210809195290496,0.5210809195290496,1.863944107381579e-16
PbSe/Cr,monotone_pointwise_corners,monotone_corner_pmmmm_nmmpp,alpha_preserving_flattened,2.8593945751026157,n,-2.8593945751026157,309.894134846523,364.5399888213736,0.3741961200606985,0.7597147483106976,0.6709359560702318,1.3528386457156902,1.9389372429708263,1.3528386457156902,0.2657724795553959,0.734227520444604,-0.14660645398636915,1.3359931762267432,0.13536440995337998,0.86463559004662,True,0.6103836726082723,0.6103836726082723,0.0
PbSe/Cr,monotone_pointwise_corners,monotone_corner_pmppp_nmmpp,original,2.8106854181890806,p,2.8106854181890806,309.894134846523,369.2354957141051,0.47212023634106287,1.2518236802042708,1.2199491768678876,2.258578700653927,1.7977362983841496,2.258578700653927,0.4113973314345521,0.588602668565448,1.9287569414267116,4.592629395002488,0.46533064633224575,0.5346693536677543,True,0.5123792985789634,0.5123792985789634,0.0
PbSe/Cr,monotone_pointwise_corners,monotone_corner_pmppp_nmmpp,original,2.8106854181890806,n,-2.8106854181890806,309.894134846523,363.76320751678935,0.31013738438899635,0.9734188060420521,0.648272158236615,1.3071404621222045,2.217831242421705,1.3071404621222045,0.2937318292927922,0.7062681707072078,-0.7864458479480997,1.31201969877494,0.1329353888419404,0.8670646111580596,True,0.5944567757061918,0.5944567757061918,1.1050742580834471e-16
PbSe/Cr,monotone_pointwise_corners,monotone_corner_pmppp_nmmpp,alpha_preserving_flattened,2.8106854181890806,p,2.8106854181890806,309.894134846523,368.5104638185263,0.583383662434968,0.7767040514339107,1.2199491768678876,2.2489201579087474,1.9616364110135494,2.2489201579087474,0.44698485247587166,0.5530151475241283,0.7460316561137772,2.624639352576518,0.2659315658373119,0.7340684341626881,True,0.5108703672516973,0.5108703672516973,1.8155723400713906e-16
PbSe/Cr,monotone_pointwise_corners,monotone_corner_pmppp_nmmpp,alpha_preserving_flattened,2.8106854181890806,n,-2.8106854181890806,309.894134846523,364.1111100812714,0.5996617298366047,0.7987314491530689,0.648272158236615,1.3071406980549651,2.0145153907162694,1.3071406980549651,0.2668045189098653,0.7331954810901347,0.26049586782990397,1.8703915310802997,0.18951028380366036,0.8104897161963396,True,0.5887878870355866,0.5887878870355866,0.0
PbSe/Cr,monotone_pointwise_corners,monotone_corner_pmppp_nmmpp,original,2.94480059685362,p,2.94480059685362,309.894134846523,371.88859024572736,0.494648873631104,1.311555927520396,1.3391494341216281,2.5131489081711664,1.8575191382118472,2.5131489081711664,0.47298979821206355,0.5270102017879364,2.113448369818399,5.150048972466471,0.5218090577063083,0.47819094229369175,True,0.48323143423596077,0.48323143423596077,1.6527730528766413e-16
PbSe/Cr,monotone_pointwise_corners,monotone_corner_pmppp_nmmpp,original,2.94480059685362,n,-2.94480059685362,309.894134846523,364.68265796064196,0.32493595645569257,1.019866011930044,0.711614311743892,1.4348598128726193,2.3029568941397742,1.4348598128726193,0.33480777586327365,0.6651922241367263,-0.8823428270686342,1.4762038155759796,0.14957071789149357,0.8504292821085064,True,0.570664233818322,0.570664233818322,2.0403667147149088e-16
PbSe/Cr,monotone_pointwise_corners,monotone_corner_pmppp_nmmpp,alpha_preserving_flattened,2.94480059685362,p,2.94480059685362,309.894134846523,371.0249940008847,0.6111972657615422,0.8137654037835613,1.3391494341216281,2.5030106765599425,2.0070934109353287,2.5030106765599425,0.5090149546287529,0.4909850453712471,0.8043305950475641,2.9194033639859107,0.2957974043684751,0.7042025956315249,True,0.48100800626605095,0.48100800626605095,0.0
PbSe/Cr,monotone_pointwise_corners,monotone_corner_pmppp_nmmpp,alpha_preserving_flattened,2.94480059685362,n,-2.94480059685362,309.894134846523,365.17420791969676,0.6286117509245668,0.8368438648346391,0.711614311743892,1.4348597970263457,2.077063353118676,1.4348597970263457,0.301966986735332,0.6980330132646679,0.28637367126065716,2.08368193739771,0.21112112023129553,0.7888788797687045,True,0.5670492865516659,0.5670492865516659,0.0
PbSe/Cr,monotone_pointwise_corners,monotone_corner_pmppp_nmmpp,original,2.96777560356268,p,2.96777560356268,309.894134846523,372.39298103168727,0.4985082855552468,1.3217885409836927,1.3601267373009776,2.558099671648168,1.869027621616439,2.558099671648168,0.4844326835055971,0.5155673164944029,2.1431219297227533,5.291768494908772,0.536168247465389,0.46383175253461095,True,0.47815146111703316,0.47815146111703316,1.629338015805435e-16
PbSe/Cr,monotone_pointwise_corners,monotone_corner_pmppp_nmmpp,original,2.96777560356268,n,-2.96777560356268,309.894134846523,364.8733427607454,0.327471070645618,1.0278222371796302,0.7227614987447266,1.457336911230587,2.3171179008212346,1.457336911230587,0.34214354570961353,0.6578564542903864,-0.8904959030534364,1.5070569521226445,0.15269679420548032,0.8473032057945197,True,0.5666159346445572,0.5666159346445572,0.0
PbSe/Cr,monotone_pointwise_corners,monotone_corner_pmppp_nmmpp,alpha_preserving_flattened,2.96777560356268,p,2.96777560356268,309.894134846523,371.5066811605517,0.6166116055698914,0.8201143109494673,1.3601267373009776,2.5480757027461904,2.014042192560565,2.5480757027461904,0.5199734220961079,0.48002657790389214,0.82023794884617,2.9909519135156475,0.3030467880947205,0.6969532119052795,True,0.4758738107535644,0.4758738107535644,0.0
PbSe/Cr,monotone_pointwise_corners,monotone_corner_pmppp_nmmpp,alpha_preserving_flattened,2.96777560356268,n,-2.96777560356268,309.894134846523,365.3890938503184,0.6340771200412731,0.8433728275866686,0.7227614987447266,1.4573368910389264,2.0876829002149315,1.4573368910389264,0.3082653755543177,0.6917346244456823,0.28734455689246086,2.1117437601932227,0.21396437733209844,0.7860356226679015,True,0.5633435468588144,0.5633435468588144,0.0
PbSe/Cr,monotone_pointwise_corners,monotone_corner_pmmmp_nmmpp,original,2.8106854181890806,p,2.8106854181890806,309.894134846523,369.50640469704257,0.4137715595695613,0.6766908832911986,1.2199491768678876,2.262059705392638,1.7234982022116963,2.262059705392638,0.39501642387099284,0.6049835761290072,1.058105143331014,2.4402647648896236,0.24725051437930778,0.7527494856206922,True,0.5575774563705347,0.5575774563705347,0.0
PbSe/Cr,monotone_pointwise_corners,monotone_corner_pmmmp_nmmpp,original,2.8106854181890806,n,-2.8106854181890806,309.894134846523,363.76320751678935,0.31013738438899635,0.9734188060420521,0.648272158236615,1.3071404621222045,2.217831242421705,1.3071404621222045,0.2937318292927922,0.7062681707072078,-0.7864458479480997,1.31201969877494,0.1329353888419404,0.8670646111580596,True,0.5944567757061918,0.5944567757061918,1.1050742580834471e-16
PbSe/Cr,monotone_pointwise_corners,monotone_corner_pmmmp_nmmpp,alpha_preserving_flattened,2.8106854181890806,p,2.8106854181890806,309.894134846523,368.6520394275077,0.35767799111655607,0.7298923413798194,1.2199491768678876,2.250844602989885,1.9136519355186394,2.250844602989885,0.436424091181188,0.5635759088188119,0.4517974597891592,2.1685961732066685,0.2197247311115438,0.7802752688884562,True,0.5334239960618331,0.5334239960618331,3.8541004389056967e-16
PbSe/Cr,monotone_pointwise_corners,monotone_corner_pmmmp_nmmpp,alpha_preserving_flattened,2.8106854181890806,n,-2.8106854181890806,309.894134846523,364.20767566214784,0.36782177155798496,0.7431977237618448,0.648272158236615,1.3071406386463849,1.9223541971060985,1.3071406386463849,0.25459858275904906,0.7454014172409509,0.010483362517102628,1.1986128745259292,0.12144487517591204,0.8785551248240879,True,0.6211947298328168,0.6211947298328168,0.0
PbSe/Cr,monotone_pointwise_corners,monotone_corner_pmmmp_nmmpp,original,2.8408163043776633,p,2.8408163043776633,309.894134846523,370.06095541638086,0.4182072405208275,0.6927961115319927,1.246245378827273,2.3178687590895817,1.7418010009626277,2.3178687590895817,0.4090605824319183,0.5909394175680818,1.0803189916771658,2.5104658282973955,0.254363369216734,0.745636630783266,True,0.5500287533217729,0.5500287533217729,0.0
PbSe/Cr,monotone_pointwise_corners,monotone_corner_pmmmp_nmmpp,original,2.8408163043776633,n,-2.8408163043776633,309.894134846523,363.94047198040374,0.3134620945011192,0.9838530758397749,0.6622457695319671,1.3353163264689396,2.2372250898146557,1.3353163264689396,0.3026872270671472,0.6973127729328528,-0.807973314621113,1.3466714981644485,0.13644635017142223,0.8635536498285777,True,0.5890938838106273,0.5890938838106273,1.0850966798535028e-16
PbSe/Cr,monotone_pointwise_corners,monotone_corner_pmmmp_nmmpp,alpha_preserving_flattened,2.8408163043776633,p,2.8408163043776633,309.894134846523,369.1757261307016,0.3615123422583632,0.7377164186106029,1.246245378827273,2.3064684644355857,1.9274105058432878,2.3064684644355857,0.45042449211629093,0.549575507883709,0.45583851519196883,2.2283906124484454,0.2257831744707505,0.7742168255292495,True,0.5262492861359269,0.5262492861359269,0.0
PbSe/Cr,monotone_pointwise_corners,monotone_corner_pmmmp_nmmpp,alpha_preserving_flattened,2.8408163043776633,n,-2.8408163043776633,309.894134846523,364.42447741441276,0.37176486524779295,0.751164819359395,0.6622457695319671,1.3353161249069982,1.9377028963422809,1.3353161249069982,0.2621630835050746,0.7378369164949254,0.007983064016711783,1.2262196392229252,0.12424202525154718,0.8757579747484528,True,0.6159463271888017,0.6159463271888017,1.0971954084005232e-16
PbSe/Cr,monotone_pointwise_corners,monotone_corner_pmmmp_nmmpp,original,2.8608282315066047,p,2.8608282315066047,309.894134846523,370.442013828944,0.4211532714941085,0.7039003465921941,1.263865395218816,2.3553670503952966,1.754396986464612,2.3553670503952966,0.41868434511675595,0.5813156548832441,1.0951810510405773,2.5582649078451922,0.25920642853353104,0.740793571466469,True,0.5449839283202796,0.5449839283202796,3.7714633154990144e-16
PbSe/Cr,monotone_pointwise_corners,monotone_corner_pmmmp_nmmpp,original,2.8608282315066047,n,-2.8608282315066047,309.894134846523,364.06765748071405,0.3156702557902442,0.9907845333181561,0.6716089186457986,1.3541956702902294,2.250036114344384,1.3541956702902294,0.3087245486460941,0.6912754513539059,-0.8269902201203879,1.3703732696043178,0.13884784170812994,0.8611521582918701,True,0.5855369789139998,0.5855369789139998,1.0721294228952652e-16
PbSe/Cr,monotone_pointwise_corners,monotone_corner_pmmmp_nmmpp,alpha_preserving_flattened,2.8608282315066047,p,2.8608282315066047,309.894134846523,369.5367452630441,0.36405899007868825,0.7429141693121823,1.263865395218816,2.343889536373007,1.9364628071287164,2.343889536373007,0.45988215198407767,0.5401178480159223,0.4551624643482434,2.269075525274373,0.22990541799465877,0.7700945820053412,True,0.5214726676744456,0.5214726676744456,0.0
PbSe/Cr,monotone_pointwise_corners,monotone_corner_pmmmp_nmmpp,alpha_preserving_flattened,2.8608282315066047,n,-2.8608282315066047,309.894134846523,364.5775663242445,0.37438373623250776,0.7564564481592564,0.6716089186457986,1.3541952803587056,1.9479478645652673,1.3541952803587056,0.26727533317221364,0.7327246668277864,0.010890315814219134,1.2448322187898684,0.12612787384390706,0.8738721261560929,True,0.6124590023395262,0.6124590023395262,0.0
PbSe/Cr,monotone_pointwise_corners,monotone_corner_ppppp_nmmpp,original,2.8106854181890806,p,2.8106854181890806,309.894134846523,369.2138924463633,0.457326460576883,0.5828945437096182,1.2199491768678876,2.258298070865649,1.7383871733647431,2.258298070865649,0.3977663379895832,0.6022336620104167,1.0390328877628299,2.1738437220776836,0.22025641897437606,0.7797435810256239,True,0.5450308086269519,0.5450308086269519,1.800327104623229e-16
PbSe/Cr,monotone_pointwise_corners,monotone_corner_ppppp_nmmpp,original,2.8106854181890806,n,-2.8106854181890806,309.894134846523,363.76320751678935,0.31013738438899635,0.9734188060420521,0.648272158236615,1.3071404621222045,2.217831242421705,1.3071404621222045,0.2937318292927922,0.7062681707072078,-0.7864458479480997,1.31201969877494,0.1329353888419404,0.8670646111580596,True,0.5944567757061918,0.5944567757061918,1.1050742580834471e-16
PbSe/Cr,monotone_pointwise_corners,monotone_corner_ppppp_nmmpp,alpha_preserving_flattened,2.8106854181890806,p,2.8106854181890806,309.894134846523,368.5011322768249,0.3794554416202169,0.7588301482362458,1.2199491768678876,2.248792668963597,1.9296591640308611,2.248792668963597,0.4396734869324713,0.5603265130675287,0.26465177188872124,2.2744986645975986,0.23045489688994533,0.7695451031100546,True,0.5272180033684397,0.5272180033684397,1.7892785951009053e-16
PbSe/Cr,monotone_pointwise_corners,monotone_corner_ppppp_nmmpp,alpha_preserving_flattened,2.8106854181890806,n,-2.8106854181890806,309.894134846523,364.1142103002015,0.3902168325436149,0.774190150025884,0.648272158236615,1.307140673272839,1.9677036489373296,1.307140673272839,0.2606047180765899,0.7393952819234101,-0.1441588716793115,1.2720604684691836,0.12888667232992437,0.8711133276700757,True,0.6123736761188074,0.6123736761188074,2.2236467172095344e-16
PbSe/Cr,monotone_pointwise_corners,monotone_corner_ppppp_nmmpp,original,2.950560926588811,p,2.950560926588811,309.894134846523,371.9766725651928,0.48008559639616505,0.6127788150429153,1.3443935833802787,2.5239772527743565,1.7921371533749464,2.5239772527743565,0.4583074685821138,0.5416925314178862,1.1415253312878904,2.4302028083115292,0.24623102502905744,0.7537689749709425,True,0.5117472085010791,0.5117472085010791,1.6482092910029863e-16
PbSe/Cr,monotone_pointwise_corners,monotone_corner_ppppp_nmmpp,original,2.950560926588811,n,-2.950560926588811,309.894134846523,364.72957946389533,0.32557156426357065,1.0218605133504808,0.7144010146840494,1.440479255366634,2.3065232910300395,1.440479255366634,0.33663952654293094,0.663360473457069,-0.8843871718666813,1.4838590471921524,0.15034635501990043,0.8496536449800995,True,0.5696480904293499,0.5696480904293499,1.0167589135407437e-16
PbSe/Cr,monotone_pointwise_corners,monotone_corner_ppppp_nmmpp,alpha_preserving_flattened,2.950560926588811,p,2.950560926588811,309.894134846523,371.1268228487483,0.3983392777365579,0.7965919301193342,1.3443935833802787,2.5140593374243925,1.9738274472810888,2.5140593374243925,0.5027880675494812,0.49721193245051876,0.26129541875786017,2.6139270174264384,0.26484617936033245,0.7351538206396675,True,0.4946022018251013,0.4946022018251013,0.0
PbSe/Cr,monotone_pointwise_corners,monotone_corner_ppppp_nmmpp,alpha_preserving_flattened,2.950560926588811,n,-2.950560926588811,309.894134846523,365.22822005563415,0.4096362159740585,0.8127174688563322,0.7144010146840494,1.4404793230026782,2.035606339785491,1.4404793230026782,0.29709892342904004,0.70290107657096,-0.17095540067664006,1.424138496306143,0.1442953981163575,0.8557046018836425,True,0.58830885523168,0.58830885523168,1.0230930925926676e-16
PbSe/Cr,monotone_pointwise_corners,monotone_corner_ppppp_nmmpp,original,2.9712604862145007,p,2.9712604862145007,309.894134846523,372.4319358251214,0.48345362053641766,0.6171469222830156,1.3633228448142445,2.564529438752947,1.8002377897080155,2.564529438752947,0.46777587234926743,0.5322241276507326,1.1570184058630844,2.469367438627247,0.25019923172956055,0.7498007682704395,True,0.506773155663618,0.506773155663618,1.6271278253193763e-16
PbSe/Cr,monotone_pointwise_corners,monotone_corner_ppppp_nmmpp,original,2.9712604862145007,n,-2.9712604862145007,309.894134846523,364.90319726940214,0.32785560047721846,1.0290304045113834,0.7244598871324309,1.4607612186090508,2.3192511956550343,1.4607612186090508,0.3432632216192586,0.6567367783807414,-0.9061287877222227,1.511805091167909,0.15317788127364493,0.846822118726355,True,0.5660028318944618,0.5660028318944618,1.0045934496423013e-16
PbSe/Cr,monotone_pointwise_corners,monotone_corner_ppppp_nmmpp,alpha_preserving_flattened,2.9712604862145007,p,2.9712604862145007,309.894134846523,371.56234125629175,0.4011338133641597,0.8021822744376467,1.3633228448142445,2.5547233424485953,1.9791308643396728,2.5547233424485953,0.51229326033888,0.48770673966112,0.26742776346381586,2.669327998024004,0.27045947228942396,0.729540527710576,True,0.48977015177941013,0.48977015177941013,0.0
PbSe/Cr,monotone_pointwise_corners,monotone_corner_ppppp_nmmpp,alpha_preserving_flattened,2.9712604862145007,n,-2.9712604862145007,309.894134846523,365.4229710308943,0.41251000488686707,0.8184197391530871,0.7244598871324309,1.4607611781601877,2.0455120518403076,1.4607611781601877,0.30274816227257395,0.697251837727426,-0.1759890377034167,1.4481944907956457,0.14673277995172745,0.8532672200482725,True,0.584763928128783,0.584763928128783,2.021742711726269e-16
PbSe/Cr,monotone_pointwise_corners,monotone_corner_pppmm_npppp,original,2.713100677375145,p,2.713100677375145,309.894134846523,369.6883291665959,0.05253091139569245,0.5156188570564534,1.1367084195597228,2.109853432036577,1.132149258481117,2.109853432036577,0.24202277026629365,0.7579772297337064,1.644483405378109,3.9978670526297204,0.4050686218171476,0.5949313781828525,True,0.6666743262126181,0.6666743262126181,9.966415724960439e-17
PbSe/Cr,monotone_pointwise_corners,monotone_corner_pppmm_npppp,original,2.713100677375145,n,-2.713100677375145,309.894134846523,364.1853570291101,0.34275148492224256,0.43053142268681827,0.6040386225970741,1.2179502910573425,1.4921774425792094,1.2179502910573425,0.1841409114936718,0.8158590885063282,0.49995376377151335,1.192910079316675,0.12086706121524055,0.8791329387847595,True,0.6888317628274306,0.6888317628274306,0.0
PbSe/Cr,monotone_pointwise_corners,monotone_corner_pppmm_npppp,alpha_preserving_flattened,2.713100677375145,p,2.713100677375145,309.894134846523,368.9553404400692,0.2196525328116182,0.4244589746656526,1.1367084195597228,2.101046118223558,1.2998580762273033,2.101046118223558,0.2767144106604188,0.7232855893395812,1.3769563395338658,2.4946358700295157,0.2527594591080236,0.7472405408919764,True,0.6313680229750788,0.6313680229750788,3.932010963727597e-16
PbSe/Cr,monotone_pointwise_corners,monotone_corner_pppmm_npppp,alpha_preserving_flattened,2.713100677375145,n,-2.713100677375145,309.894134846523,364.59818071859837,0.22489921337684882,0.436496669889677,0.6040386225970741,1.2179503163540413,1.2972789937994376,1.2179503163540413,0.16008963446630975,0.8399103655336903,0.8403013148834527,1.8018508408299807,0.1825656599398352,0.8174343400601648,True,0.7252598131414918,0.7252598131414918,1.1292146027114081e-16
PbSe/Cr,monotone_pointwise_corners,monotone_corner_pppmm_npppp,original,2.737282198674697,p,2.737282198674697,309.894134846523,370.1432752398194,0.05299892818941862,0.5202145023556998,1.1570613940490087,2.1529439043613197,1.1347084233243085,2.1529439043613197,0.24752396184733322,0.7524760381526667,1.6761565289434852,4.072674863796816,0.41264823779029025,0.5873517622097097,True,0.6609673572871128,0.6609673572871128,9.810566246733978e-17
PbSe/Cr,monotone_pointwise_corners,monotone_corner_pppmm_npppp,original,2.737282198674697,n,-2.737282198674697,309.894134846523,364.3570824461472,0.34580638531802105,0.43472471776026256,0.6148540458531307,1.239758139835656,1.4981601515583733,1.239758139835656,0.18818953295300345,0.8118104670469966,0.5087822167053894,1.2157917207497249,0.12318545620891672,0.8768145437910833,True,0.684924637019479,0.684924637019479,3.2940011527979434e-16
PbSe/Cr,monotone_pointwise_corners,monotone_corner_pppmm_npppp,alpha_preserving_flattened,2.737282198674697,p,2.737282198674697,309.894134846523,369.3850224503717,0.22161005240526685,0.42824212352638474,1.1570613940490087,2.143980669522721,1.3040287533502732,2.143980669522721,0.2832750256308358,0.7167249743691642,1.4017969365109675,2.5403657942501114,0.2573928691579288,0.7426071308420712,True,0.6256497167352745,0.6256497167352745,9.676043619780994e-17
PbSe/Cr,monotone_pointwise_corners,monotone_corner_pppmm_npppp,alpha_preserving_flattened,2.737282198674697,n,-2.737282198674697,309.894134846523,364.79463085374357,0.22690369108696898,0.44038710919705004,0.6148540458531307,1.239758051839571,1.3006383887225523,1.239758051839571,0.1633780696187228,0.8366219303812772,0.8572147867395327,1.8471429423350938,0.18715470927398217,0.8128452907260179,True,0.7216056149058305,0.7216056149058305,0.0
PbSe/Cr,monotone_pointwise_corners,monotone_corner_pppmm_npppp,original,2.8106854181890806,p,2.8106854181890806,309.894134846523,371.62003917711144,0.054419706791879525,0.5341646238775031,1.2199491768678876,2.286664809698318,1.1434075455401214,2.286664809698318,0.2649133330249323,0.7350866669750677,1.7753683068928618,4.348747270724412,0.44062022083118335,0.5593797791688166,True,0.6432369656755934,0.6432369656755934,1.8714971849034093e-16
PbSe/Cr,monotone_pointwise_corners,monotone_corner_pppmm_npppp,original,2.8106854181890806,n,-2.8106854181890806,309.894134846523,364.9438533060269,0.3550795622024738,0.44763631533511566,0.648272158236615,1.307140692539163,1.516613087550282,1.307140692539163,0.2008618178612735,0.7991381821387264,0.5359922261076915,1.2867311231418266,0.13037312042616456,0.8696268795738354,True,0.6729917561148409,0.6729917561148409,1.0510842904659093e-16
PbSe/Cr,monotone_pointwise_corners,monotone_corner_pppmm_npppp,alpha_preserving_flattened,2.8106854181890806,p,2.8106854181890806,309.894134846523,370.7842961681176,0.22755243800898234,0.43972590499901937,1.2199491768678876,2.2774945491827645,1.3173675703280687,2.2774945491827645,0.30399368999644616,0.6960063100035538,1.4813365136766752,2.7025188200147228,0.2738224056595857,0.7261775943404143,True,0.607989912769992,0.607989912769992,0.0
PbSe/Cr,monotone_pointwise_corners,monotone_corner_pppmm_npppp,alpha_preserving_flattened,2.8106854181890806,n,-2.8106854181890806,309.894134846523,365.4554270365344,0.2329883781755742,0.4521965717593489,0.648272158236615,1.3071400946155438,1.311105740144636,1.3071400946155438,0.17364413117049365,0.8263558688295063,0.9053442893669699,1.957918190215381,0.19837858850748624,0.8016214114925138,True,0.7104109064328433,0.7104109064328433,2.130772211327927e-16
PbSe/Cr,monotone_pointwise_corners,monotone_corner_pppmp_npppp,original,2.7137893539375697,p,2.7137893539375697,309.894134846523,369.70202968905727,0.04903551696919377,0.515749738532751,1.1372855627575618,2.1110847465777236,1.13633764410633,2.1110847465777236,0.24305990087811014,0.7569400991218899,1.6757246085380821,4.003317635343761,0.4056208813092746,0.5943791186907255,True,0.6664507263779077,0.6664507263779077,0.0
PbSe/Cr,monotone_pointwise_corners,monotone_corner_pppmp_npppp,original,2.7137893539375697,n,-2.7137893539375697,309.894134846523,364.1901090154383,0.34283848682245605,0.4306504650899193,0.6043453123129812,1.2185688803932073,1.4923471830504653,1.2185688803932073,0.1842553928308456,0.8157446071691544,0.5002042581687577,1.1935584061627815,0.12093275045867517,0.8790672495413249,True,0.6887206715373747,0.6887206715373747,1.1137076059075087e-16
PbSe/Cr,monotone_pointwise_corners,monotone_corner_pppmp_npppp,alpha_preserving_flattened,2.7137893539375697,p,2.7137893539375697,309.894134846523,368.9683155913986,0.21750213747435912,0.42456671668569657,1.1372855627575618,2.1022730315411278,1.302018173974564,2.1022730315411278,0.2773361101911067,0.7226638898088933,1.3922514708072906,2.497017941222241,0.2530008133807909,0.7469991866192092,True,0.631233107685966,0.631233107685966,1.9653243583993816e-16
PbSe/Cr,monotone_pointwise_corners,monotone_corner_pppmp_npppp,alpha_preserving_flattened,2.7137893539375697,n,-2.7137893539375697,309.894134846523,364.60534780506345,0.2227162074532988,0.4366074674832334,0.6043453123129812,1.2185689566854834,1.2978709233645214,1.2185689566854834,0.1602440333699866,0.8397559666300134,0.8535019351221604,1.8038331341418081,0.18276650824451585,0.8172334917554842,True,0.72536710818785,0.72536710818785,1.1288912176288675e-16
PbSe/Cr,monotone_pointwise_corners,monotone_corner_pppmp_npppp,original,2.73742701854395,p,2.73742701854395,309.894134846523,370.14652689397445,0.04946385754171762,0.5202420250554971,1.1571838292970311,2.153208988385105,1.1391884614472247,2.153208988385105,0.24853182913613264,0.7514681708638673,1.707499102142392,4.075542383838385,0.41293877831502007,0.58706122168498,True,0.6608272946160686,0.6608272946160686,3.924668422054825e-16
PbSe/Cr,monotone_pointwise_corners,monotone_corner_pppmp_npppp,original,2.73742701854395,n,-2.73742701854395,309.894134846523,364.3581402661165,0.34582468070442035,0.4347499126383094,0.614919107057306,1.2398893533109578,1.4981961222500568,1.2398893533109578,0.18821396944183247,0.8117860305581676,0.5088352924040588,1.2159294817975517,0.12319941432134235,0.8768005856786576,True,0.6849011990065059,0.6849011990065059,3.293713904434589e-16
PbSe/Cr,monotone_pointwise_corners,monotone_corner_pppmp_npppp,alpha_preserving_flattened,2.73742701854395,p,2.73742701854395,309.894134846523,369.38837626494853,0.21939659389978586,0.4282647802946083,1.1571838292970311,2.1442483656720492,1.3062791784851973,2.1442483656720492,0.2837993175561476,0.7162006824438524,1.4168655544920774,2.541317114409095,0.2574892580424598,0.7425107419575402,True,0.6256261255545986,0.6256261255545986,9.67612333458876e-17
PbSe/Cr,monotone_pointwise_corners,monotone_corner_pppmp_npppp,alpha_preserving_flattened,2.73742701854395,n,-2.73742701854395,309.894134846523,364.7976065014825,0.22465612843366714,0.4404104085132863,0.614919107057306,1.239889343961346,1.30123313270976,1.239889343961346,0.1634700875222713,0.8365299124777287,0.8701906230331932,1.8481330959138376,0.1872550328065682,0.8127449671934318,True,0.7217873679315185,0.7217873679315185,1.1128982056984116e-16
PbSe/Cr,monotone_pointwise_corners,monotone_corner_pppmp_npppp,original,2.8106854181890806,p,2.8106854181890806,309.894134846523,371.6186413846635,0.050786430294308356,0.5341646238775031,1.2199491768678876,2.2866501090733795,1.1490893931938988,2.2866501090733795,0.2662280350357178,0.7337719649642822,1.8086727379660852,4.350741940232949,0.44082232310676356,0.5591776768932364,True,0.6429825730347595,0.6429825730347595,0.0
PbSe/Cr,monotone_pointwise_corners,monotone_corner_pppmp_npppp,original,2.8106854181890806,n,-2.8106854181890806,309.894134846523,364.9438533060269,0.3550795622024738,0.44763631533511566,0.648272158236615,1.307140692539163,1.516613087550282,1.307140692539163,0.2008618178612735,0.7991381821387264,0.5359922261076915,1.2867311231418266,0.13037312042616456,0.8696268795738354,True,0.6729917561148409,0.6729917561148409,1.0510842904659093e-16
PbSe/Cr,monotone_pointwise_corners,monotone_corner_pppmp_npppp,alpha_preserving_flattened,2.8106854181890806,p,2.8106854181890806,309.894134846523,370.78423631839695,0.2252679306017887,0.43972590499901937,1.2199491768678876,2.277493865619229,1.3202348643098292,2.277493865619229,0.30465525085386325,0.6953447491461368,1.4972598260974193,2.703055373255904,0.27387676986906934,0.7261232301309306,True,0.6079446626857778,0.6079446626857778,0.0
PbSe/Cr,monotone_pointwise_corners,monotone_corner_pppmp_npppp,alpha_preserving_flattened,2.8106854181890806,n,-2.8106854181890806,309.894134846523,365.4572792087833,0.23066825325118426,0.4521965717593489,0.648272158236615,1.3071402427246182,1.3119515888880133,1.3071402427246182,0.17375617589624398,0.826243824103756,0.9190075405739646,1.9586711452943277,0.19845487880731463,0.8015451211926854,True,0.7105878498463892,0.7105878498463892,0.0
PbSe/Cr,monotone_pointwise_corners,monotone_corner_pppmm_nmppp,original,2.713264653674561,p,2.713264653674561,309.894134846523,369.69136902158135,0.052534022640055904,0.5156500203939566,1.136845826088269,2.1101439916676186,1.1321660826060729,2.1101439916676186,0.24205969760220375,0.7579403023977962,1.6447001252233406,3.9986348181241596,0.4051464127258039,0.5948535872741961,True,0.6666358916302749,0.6666358916302749,1.9930694713626446e-16
PbSe/Cr,monotone_pointwise_corners,monotone_corner_pppmm_nmppp,original,2.713264653674561,n,-2.713264653674561,309.894134846523,364.180013781296,0.33106637238970904,1.1239893127421186,0.6041116394313041,1.2180977345714024,1.5628978881307816,1.2180977345714024,0.19289145740110986,0.8071085425988902,1.114366576424078,3.686000571127825,0.37346994077300427,0.6265300592269958,True,0.6410203686024624,0.6410203686024624,1.112784816519243e-16
PbSe/Cr,monotone_pointwise_corners,monotone_corner_pppmm_nmppp,alpha_preserving_flattened,2.713264653674561,p,2.713264653674561,309.894134846523,368.9682968534851,0.18992863815134073,0.8043209907301784,1.136845826088269,2.101459946973592,1.3199714229087876,2.101459946973592,0.28105149544660496,0.718948504553395,1.7866885750991868,4.350712370168655,0.440819327032849,0.559180672967151,True,0.6145280743349005,0.6145280743349005,1.935140600013028e-16
PbSe/Cr,monotone_pointwise_corners,monotone_corner_pppmm_nmppp,alpha_preserving_flattened,2.713264653674561,n,-2.713264653674561,309.894134846523,364.599901997666,0.19386891533622644,0.8271316073659132,0.6041116394313041,1.2180975981970605,1.3243388078348695,1.2180975981970605,0.16344869109898255,0.8365513089010175,1.126249499957397,3.4212708176526325,0.3466472088055535,0.6533527911944466,True,0.7011818009545926,0.7011818009545926,1.1486338441004038e-16
PbSe/Cr,monotone_pointwise_corners,monotone_corner_pppmm_nmppp,original,2.734556572540674,p,2.734556572540674,309.894134846523,370.0912376714816,0.05294572321407032,0.5196965030629688,1.1547582726301764,2.1480619290900314,1.1344132861265168,2.1480619290900314,0.24689844625518392,0.753101553744816,1.6725105171438885,4.059707849116234,0.411334404514546,0.588665595485454,True,0.6616137619396756,0.6616137619396756,9.827963279024034e-17
PbSe/Cr,monotone_pointwise_corners,monotone_corner_pppmm_nmppp,original,2.734556572540674,n,-2.734556572540674,309.894134846523,364.33092141089725,0.3336640245990937,1.13280964260595,0.6136301838093849,1.237290413832514,1.5674679785715016,1.237290413832514,0.19650363125617118,0.8034963687438288,1.1304172323875645,3.7733478794332647,0.3823200734384836,0.6176799265615164,True,0.637985690527123,0.637985690527123,2.1971165025488404e-16
PbSe/Cr,monotone_pointwise_corners,monotone_corner_pppmm_nmppp,alpha_preserving_flattened,2.734556572540674,p,2.734556572540674,309.894134846523,369.34682733849303,0.19141976988080692,0.8106327735685188,1.1547582726301764,2.1392483547044456,1.3237809205473283,2.1392483547044456,0.286931070505464,0.713068929494536,1.8157337579763568,4.461756927713036,0.4520704930402853,0.5479295069597148,True,0.609717138716979,0.609717138716979,9.543068723721059e-17
PbSe/Cr,monotone_pointwise_corners,monotone_corner_pppmm_nmppp,alpha_preserving_flattened,2.734556572540674,n,-2.734556572540674,309.894134846523,364.7727982568867,0.19539094227444725,0.8336223929410623,0.6136301838093849,1.237290505404291,1.326978995633198,1.237290505404291,0.16635504782609706,0.8336449521739029,1.1426502186734695,3.501925031672973,0.35481918923583683,0.6451808107641632,True,0.6981762773037952,0.6981762773037952,1.1338659006222518e-16
PbSe/Cr,monotone_pointwise_corners,monotone_corner_pppmm_nmppp,original,2.8106854181890806,p,2.8106854181890806,309.894134846523,371.62003917711144,0.054419706791879525,0.5341646238775031,1.2199491768678876,2.286664809698318,1.1434075455401214,2.286664809698318,0.2649133330249323,0.7350866669750677,1.7753683068928618,4.348747270724412,0.44062022083118335,0.5593797791688166,True,0.6432369656755934,0.6432369656755934,1.8714971849034093e-16
PbSe/Cr,monotone_pointwise_corners,monotone_corner_pppmm_nmppp,original,2.8106854181890806,n,-2.8106854181890806,309.894134846523,364.93904345281976,0.34295376462287186,1.1643465620820206,0.648272158236615,1.3071406436131774,1.5842310352312288,1.3071406436131774,0.20981720146711785,0.7901827985328822,1.1874300308386834,3.9799020673222016,0.4032483882416726,0.5967516117583274,True,0.6270830203054286,0.6270830203054286,1.0499465544583965e-16
PbSe/Cr,monotone_pointwise_corners,monotone_corner_pppmm_nmppp,alpha_preserving_flattened,2.8106854181890806,p,2.8106854181890806,309.894134846523,370.798532494052,0.19674811281312665,0.8332004314901834,1.2199491768678876,2.277657039528272,1.3386264355218465,2.277657039528272,0.30892139140130537,0.6910786085986946,1.9208992557793858,4.7695590457303005,0.48325736796541313,0.5167426320345869,True,0.5921722040459892,0.5921722040459892,0.0
PbSe/Cr,monotone_pointwise_corners,monotone_corner_pppmm_nmppp,alpha_preserving_flattened,2.8106854181890806,n,-2.8106854181890806,309.894134846523,365.4577559142368,0.2008299554495702,0.8568300716991223,0.648272158236615,1.3071402270175978,1.3367817547224032,1.3071402270175978,0.17704470567715558,0.8229552943228444,1.201053089773209,3.693617358275091,0.37424168266231705,0.625758317337683,True,0.6873342520272654,0.6873342520272654,1.08342421594594e-16
PbSe/Cr,monotone_pointwise_corners,monotone_corner_pppmp_nmppp,original,2.713948167859284,p,2.713948167859284,309.894134846523,369.704973084638,0.0490383822280578,0.5157799207716491,1.1374186770429537,2.1113662114028378,1.136356218546841,2.1113662114028378,0.24309628090995014,0.7569037190900498,1.6759370755950453,4.004061816056887,0.40569628257997237,0.5943037174200276,True,0.666413202770496,0.666413202770496,0.0
PbSe/Cr,monotone_pointwise_corners,monotone_corner_pppmp_nmppp,original,2.713948167859284,n,-2.713948167859284,309.894134846523,364.1847412122883,0.33114993142414334,1.1242724633878531,0.6044160482802816,1.2187113446883904,1.5630440917473913,1.2187113446883904,0.1930066788341034,0.8069933211658966,1.114882372812736,3.6887731605270773,0.3737508628126907,0.6262491371873093,True,0.6409229753750458,0.6409229753750458,0.0
PbSe/Cr,monotone_pointwise_corners,monotone_corner_pppmp_nmppp,alpha_preserving_flattened,2.713948167859284,p,2.713948167859284,309.894134846523,368.98123044365684,0.18878765644352585,0.8045236118808613,1.1374186770429537,2.102678366157361,1.3221612799941025,2.102678366157361,0.2816809881161673,0.7183190118838327,1.7820896270070121,4.355637922420032,0.4413183898170506,0.5586816101829494,True,0.6144030733622294,0.6144030733622294,1.9344790757506399e-16
PbSe/Cr,monotone_pointwise_corners,monotone_corner_pppmp_nmppp,alpha_preserving_flattened,2.713948167859284,n,-2.713948167859284,309.894134846523,364.6070601162743,0.1927344035886968,0.8273399748709046,0.6044160482802816,1.2187116039834252,1.3249104379607877,1.2187116039834252,0.16360166622315206,0.8363983337768479,1.1192124919543487,3.4255414123921666,0.34707991051941983,0.6529200894805802,True,0.7012973411699113,0.7012973411699113,1.1483073690874757e-16
PbSe/Cr,monotone_pointwise_corners,monotone_corner_pppmp_nmppp,original,2.734695315807757,p,2.734695315807757,309.894134846523,370.09441175102063,0.049413409722985434,0.5197228709177979,1.154875453603106,2.1483163727711894,1.138851490409339,2.1483163727711894,0.24789375577517667,0.7521062442248233,1.7038005278284327,4.062545963394757,0.4116219656125582,0.5883780343874419,True,0.6614802942446274,0.6614802942446274,0.0
PbSe/Cr,monotone_pointwise_corners,monotone_corner_pppmp_nmppp,original,2.734695315807757,n,-2.734695315807757,309.894134846523,364.33193555945866,0.3336809985370676,1.1328671179978935,0.6136924529298252,1.2374159960415543,1.5674978681733012,1.2374159960415543,0.1965273233874085,0.8034726766125915,1.1305217729555928,3.7739237419955587,0.38237842051491056,0.6176215794850894,True,0.6379659107700847,0.6379659107700847,1.098466484619348e-16
PbSe/Cr,monotone_pointwise_corners,monotone_corner_pppmp_nmppp,alpha_preserving_flattened,2.734695315807757,p,2.734695315807757,309.894134846523,369.3501221186191,0.1902305550898278,0.8106739026643799,1.154875453603106,2.1395055842096786,1.3260382000544446,2.1395055842096786,0.2874548987575119,0.7125451012424882,1.8094785591271,4.4639004909984665,0.4522876814095774,0.5477123185904226,True,0.609700365529972,0.609700365529972,0.0
PbSe/Cr,monotone_pointwise_corners,monotone_corner_pppmp_nmppp,alpha_preserving_flattened,2.734695315807757,n,-2.734695315807757,309.894134846523,364.77574806923997,0.19420703463527483,0.8336646884618322,0.6136924529298252,1.2374160252296313,1.3275531143002486,1.2374160252296313,0.16644390506648019,0.8335560949335198,1.1349994744798246,3.5042071540232897,0.35505041657358755,0.6449495834264125,True,0.6983622608216339,0.6983622608216339,0.0
PbSe/Cr,monotone_pointwise_corners,monotone_corner_pppmp_nmppp,original,2.8106854181890806,p,2.8106854181890806,309.894134846523,371.6186413846635,0.050786430294308356,0.5341646238775031,1.2199491768678876,2.2866501090733795,1.1490893931938988,2.2866501090733795,0.2662280350357178,0.7337719649642822,1.8086727379660852,4.350741940232949,0.44082232310676356,0.5591776768932364,True,0.6429825730347595,0.6429825730347595,0.0
PbSe/Cr,monotone_pointwise_corners,monotone_corner_pppmp_nmppp,original,2.8106854181890806,n,-2.8106854181890806,309.894134846523,364.93904345281976,0.34295376462287186,1.1643465620820206,0.648272158236615,1.3071406436131774,1.5842310352312288,1.3071406436131774,0.20981720146711785,0.7901827985328822,1.1874300308386834,3.9799020673222016,0.4032483882416726,0.5967516117583274,True,0.6270830203054286,0.6270830203054286,1.0499465544583965e-16
PbSe/Cr,monotone_pointwise_corners,monotone_corner_pppmp_nmppp,alpha_preserving_flattened,2.8106854181890806,p,2.8106854181890806,309.894134846523,370.798508554533,0.19551763301051825,0.8332004314901834,1.2199491768678876,2.2776567664674774,1.3415368627821265,2.2776567664674774,0.3095930078660503,0.6904069921339497,1.9109811949095241,4.762189136213261,0.48251064000980975,0.5174893599901902,True,0.5921292308958351,0.5921292308958351,0.0
PbSe/Cr,monotone_pointwise_corners,monotone_corner_pppmp_nmppp,alpha_preserving_flattened,2.8106854181890806,n,-2.8106854181890806,309.894134846523,365.4596377878879,0.19960360327350504,0.8568300716991223,0.648272158236615,1.3071403588308783,1.337625910746054,1.3071403588308783,0.17715652440548585,0.8228434755945142,1.1925241291472746,3.6954338888459426,0.3744257356898782,0.6255742643101219,True,0.6875125543215439,0.6875125543215439,1.0835641664558921e-16
PbSe/Cr,monotone_pointwise_corners,monotone_corner_pmpmm_npppp,original,2.7152114037236097,p,2.7152114037236097,309.894134846523,369.64401955451785,0.04753413426045392,1.3473019951236818,1.138477770562882,2.112618108264564,1.1915549095282933,2.112618108264564,0.2550558641016219,0.7449441358983782,1.7221057705708716,10.178710030556141,1.0313189482480845,-0.031318948248084455,True,0.6327679416911748,0.6327679416911748,0.0
PbSe/Cr,monotone_pointwise_corners,monotone_corner_pmpmm_npppp,original,2.7152114037236097,n,-2.7152114037236097,309.894134846523,364.1999277345932,0.34301813724231073,0.43089630620214914,0.6049788429072683,1.2198464031640912,1.4926977992559787,1.2198464031640912,0.18449189728743157,0.8155081027125685,0.5007216783715673,1.19489775476254,0.1210684548441124,0.8789315451558876,True,0.6884912444915084,0.6884912444915084,0.0
PbSe/Cr,monotone_pointwise_corners,monotone_corner_pmpmm_npppp,alpha_preserving_flattened,2.7152114037236097,p,2.7152114037236097,309.894134846523,368.9499793067271,0.21855601510812797,0.8404301929934951,1.138477770562882,2.1042502334694304,1.3345398043272907,2.1042502334694304,0.28453072491132403,0.715469275088676,1.4137383105398902,5.421622117778975,0.5493251702348438,0.45067482976515616,True,0.6145417929318293,0.6145417929318293,0.0
PbSe/Cr,monotone_pointwise_corners,monotone_corner_pmpmm_npppp,alpha_preserving_flattened,2.7152114037236097,n,-2.7152114037236097,309.894134846523,364.58733206071554,0.22365147828926102,0.8642648698978833,0.6049788429072683,1.2198464056011185,1.3396199061080476,1.2198464056011185,0.16557203925592423,0.8344279607440758,0.8730244124281258,4.3648154198271385,0.4422482647172132,0.5577517352827868,True,0.7023531777014647,0.7023531777014647,1.1098480457728261e-16
PbSe/Cr,monotone_pointwise_corners,monotone_corner_pmpmm_npppp,original,2.7391122729043325,p,2.7391122729043325,309.894134846523,370.09288781180777,0.047952734168897955,1.3591617304975894,1.1586090723229445,2.1552441421862425,1.1939489002528783,2.1552441421862425,0.2607248749560519,0.7392751250439481,1.755185392790028,10.39332064043407,1.05306354926312,-0.05306354926311996,True,0.6275514485115181,0.6275514485115181,1.9621980754165484e-16
PbSe/Cr,monotone_pointwise_corners,monotone_corner_pmpmm_npppp,original,2.7391122729043325,n,-2.7391122729043325,309.894134846523,364.37045689200926,0.3460375822894258,0.4350431360317931,0.6156764708802751,1.2414164407862058,1.4986148338841203,1.2414164407862058,0.18849844609622787,0.8115015539037721,0.5094531066476491,1.2175332298019124,0.1233619079674082,0.8766380920325918,True,0.6846284219478515,0.6846284219478515,1.0967913661300465e-16
PbSe/Cr,monotone_pointwise_corners,monotone_corner_pmpmm_npppp,alpha_preserving_flattened,2.7391122729043325,p,2.7391122729043325,309.894134846523,369.3749159326177,0.22048000148729513,0.8478281481106251,1.1586090723229445,2.146725194215778,1.3386239818885917,2.146725194215778,0.29116241246553964,0.7088375875344604,1.4413976248077405,5.582206758366633,0.5655957960939647,0.4344042039060353,True,0.6091004067696325,0.6091004067696325,9.81460562350601e-17
PbSe/Cr,monotone_pointwise_corners,monotone_corner_pmpmm_npppp,alpha_preserving_flattened,2.7391122729043325,n,-2.7391122729043325,309.894134846523,364.7810544775271,0.2256199397018359,0.8718726316966866,0.6156764708802751,1.2414165075109156,1.3429236029081477,1.2414165075109156,0.1689153345185952,0.8310846654814048,0.8883143242171554,4.436115250900518,0.44947244799506675,0.5505275520049333,True,0.6988926228456805,0.6988926228456805,1.0940537712953293e-16
PbSe/Cr,monotone_pointwise_corners,monotone_corner_pmpmm_npppp,original,2.8106854181890806,p,2.8106854181890806,309.894134846523,371.5290683721753,0.049206100688978266,1.394676696775049,1.2199491768678876,2.2857035514422193,1.2020635571298472,2.2857035514422193,0.2783861267314521,0.721613873268548,1.856332866500235,11.116897809259065,1.1263772444650402,-0.12637724446504017,True,0.6115691278123347,0.6115691278123347,1.8737334764065756e-16
PbSe/Cr,monotone_pointwise_corners,monotone_corner_pmpmm_npppp,original,2.8106854181890806,n,-2.8106854181890806,309.894134846523,364.9438533060269,0.3550795622024738,0.44763631533511566,0.648272158236615,1.307140692539163,1.516613087550282,1.307140692539163,0.2008618178612735,0.7991381821387264,0.5359922261076915,1.2867311231418266,0.13037312042616456,0.8696268795738354,True,0.6729917561148409,0.6729917561148409,1.0510842904659093e-16
PbSe/Cr,monotone_pointwise_corners,monotone_corner_pmpmm_npppp,alpha_preserving_flattened,2.8106854181890806,p,2.8106854181890806,309.894134846523,370.7378359750952,0.22624065261033768,0.8699819414477923,1.2199491768678876,2.2769627750575174,1.351543157508293,2.2769627750575174,0.3118071741751283,0.6881928258248717,1.5191194558085523,5.88609498655368,0.5963861110688491,0.4036138889311509,True,0.5925200650859713,0.5925200650859713,0.0
PbSe/Cr,monotone_pointwise_corners,monotone_corner_pmpmm_npppp,alpha_preserving_flattened,2.8106854181890806,n,-2.8106854181890806,309.894134846523,365.4225210803391,0.23151519334386753,0.8946547086328962,0.648272158236615,1.3071400646292668,1.353066239744257,1.3071400646292668,0.17920141681380589,0.8207985831861941,0.9370003622276374,4.701517565580703,0.47636332465987924,0.5236366753401207,True,0.6884436776145088,0.6884436776145088,1.0488059862079201e-16
PbSe/Cr,monotone_pointwise_corners,monotone_corner_pmpmp_npppp,original,2.7158874899332783,p,2.7158874899332783,309.894134846523,369.65757626161763,0.04433199160032655,1.3476374726109643,1.1390448018800154,2.113829513313529,1.1958919845566762,2.113829513313529,0.25613101285113016,0.7438689871488698,1.7328004443413967,10.08917091344115,1.0222467389197034,-0.022246738919703413,True,0.6325821855335435,0.6325821855335435,9.962774961694168e-17
PbSe/Cr,monotone_pointwise_corners,monotone_corner_pmpmp_npppp,original,2.7158874899332783,n,-2.7158874899332783,309.894134846523,364.20459884955693,0.3431035485778471,0.43101320090573625,0.6052801592429946,1.220453868912859,1.492864549133483,1.220453868912859,0.18460439149432475,0.8153956085056753,0.5009677579522748,1.1955348139345028,0.12113300243346588,0.8788669975665341,True,0.6883821524031897,0.6883821524031897,1.112290536974522e-16
PbSe/Cr,monotone_pointwise_corners,monotone_corner_pmpmp_npppp,alpha_preserving_flattened,2.7158874899332783,p,2.7158874899332783,309.894134846523,368.9627733087641,0.21648667960455367,0.8406394596689711,1.1390448018800154,2.1054564930703585,1.336740531872173,2.1054564930703585,0.28516330726183375,0.7148366927381662,1.4291560213234056,5.427997297916577,0.5499711110323188,0.45002888896768123,True,0.614419199376355,0.614419199376355,1.9933170726824587e-16
PbSe/Cr,monotone_pointwise_corners,monotone_corner_pmpmp_npppp,alpha_preserving_flattened,2.7158874899332783,n,-2.7158874899332783,309.894134846523,364.5944266309746,0.22156102336041358,0.8644800713953569,0.6052801592429946,1.2204537911666853,1.3402064275041632,1.2204537911666853,0.16572700879610527,0.8342729912038948,0.8862102708931131,4.370386015518534,0.44281268406625823,0.5571873159337417,True,0.702466837219528,0.702466837219528,3.328616162329382e-16
PbSe/Cr,monotone_pointwise_corners,monotone_corner_pmpmp_npppp,original,2.7392543261677953,p,2.7392543261677953,309.894134846523,370.096207344463,0.044711815796257305,1.3592322180644192,1.158729248826248,2.155505952889539,1.1985919810062213,2.155505952889539,0.26177058827802796,0.7382294117219721,1.763992490307585,10.40256079988373,1.0539997731556037,-0.05399977315560367,True,0.6274411923006324,0.6274411923006324,9.812106132543567e-17
PbSe/Cr,monotone_pointwise_corners,monotone_corner_pmpmp_npppp,original,2.7392543261677953,n,-2.7392543261677953,309.894134846523,364.37149566288633,0.3460555281649313,0.43506785517228014,0.6157403318038636,1.2415451760304286,1.4986501383420148,1.2415451760304286,0.1885224345578121,0.811477565442188,0.5095051983222112,1.2176684663128903,0.12337561029077215,0.8766243897092278,True,0.6846054264983312,0.6846054264983312,1.096697607183878e-16
PbSe/Cr,monotone_pointwise_corners,monotone_corner_pmpmp_npppp,alpha_preserving_flattened,2.7392543261677953,p,2.7392543261677953,309.894134846523,369.3782477881733,0.21834966666014702,0.8478721173763198,1.158729248826248,2.146988510023987,1.3409194327489604,2.146988510023987,0.29169746810339603,0.708302531896604,1.4563849959954938,5.5850724482951,0.5658861511894688,0.43411384881053117,True,0.6090830883596622,0.6090830883596622,0.0
PbSe/Cr,monotone_pointwise_corners,monotone_corner_pmpmp_npppp,alpha_preserving_flattened,2.7392543261677953,n,-2.7392543261677953,309.894134846523,364.78402716416605,0.22346738054789453,0.8719178479347656,0.6157403318038636,1.2415452065008266,1.343516517315199,1.2415452065008266,0.16900743172069393,0.830992568279306,0.9014137897549874,4.439131623438546,0.44977807043092594,0.550221929569074,True,0.6990760317206154,0.6990760317206154,1.0941005544966417e-16
PbSe/Cr,monotone_pointwise_corners,monotone_corner_pmpmp_npppp,original,2.8106854181890806,p,2.8106854181890806,309.894134846523,371.52790650571984,0.04587846516197171,1.394676696775049,1.2199491768678876,2.2856912151720232,1.2079328493025556,2.2856912151720232,0.2797438873906457,0.7202561126093543,1.8607834853248637,11.123621777457512,1.1270585248816802,-0.12705852488168023,True,0.6113516391370242,0.6113516391370242,1.874088258547933e-16
PbSe/Cr,monotone_pointwise_corners,monotone_corner_pmpmp_npppp,original,2.8106854181890806,n,-2.8106854181890806,309.894134846523,364.9438533060269,0.3550795622024738,0.44763631533511566,0.648272158236615,1.307140692539163,1.516613087550282,1.307140692539163,0.2008618178612735,0.7991381821387264,0.5359922261076915,1.2867311231418266,0.13037312042616456,0.8696268795738354,True,0.6729917561148409,0.6729917561148409,1.0510842904659093e-16
PbSe/Cr,monotone_pointwise_corners,monotone_corner_pmpmp_npppp,alpha_preserving_flattened,2.8106854181890806,p,2.8106854181890806,309.894134846523,370.73781896482365,0.22404298338452133,0.8699819414477923,1.2199491768678876,2.2769625799448168,1.3544555994522092,2.2769625799448168,0.3124790610461554,0.6875209389538446,1.5351509376150445,5.887877982370491,0.5965667663154378,0.4034332336845622,True,0.5924815775311268,0.5924815775311268,1.8739232239048037e-16
PbSe/Cr,monotone_pointwise_corners,monotone_corner_pmpmp_npppp,alpha_preserving_flattened,2.8106854181890806,n,-2.8106854181890806,309.894134846523,365.42438584907603,0.22929499045180576,0.8946547086328962,0.648272158236615,1.3071402183075758,1.3539111024782873,1.3071402183075758,0.17931333234259952,0.8206866676574005,0.9507802953148256,4.703944173290399,0.47660919142526126,0.5233908085747387,True,0.688622607966257,0.688622607966257,2.097874468562048e-16
PbSe/Cr,monotone_pointwise_corners,monotone_corner_pmpmm_nmppp,original,2.715357173737951,p,2.715357173737951,309.894134846523,369.6467093919008,0.047536708412568865,1.347374326961594,1.138600015464701,2.112876539271881,1.1915691907470147,2.112876539271881,0.25509012172470297,0.744909878275297,1.722306442824831,10.161917011566622,1.0296174596871381,-0.029617459687138137,True,0.6327362528767982,0.6327362528767982,0.0
PbSe/Cr,monotone_pointwise_corners,monotone_corner_pmpmm_nmppp,original,2.715357173737951,n,-2.715357173737951,309.894134846523,364.1944926007756,0.3313213159737746,1.1248561541631221,0.6050438029628498,1.2199773368494835,1.5633455810287817,1.2199773368494835,0.19324444030486057,0.8067555596951395,1.1159457847683019,3.694495149876428,0.37433062154635577,0.6256693784536442,True,0.6407222033873532,0.6407222033873532,0.0
PbSe/Cr,monotone_pointwise_corners,monotone_corner_pmpmm_nmppp,alpha_preserving_flattened,2.715357173737951,p,2.715357173737951,309.894134846523,368.96068015673586,0.18712918336267326,1.2206046118580127,1.138600015464701,2.1046084672134024,1.3563052496883345,2.1046084672134024,0.2892204587556713,0.7107795412443287,1.798440238882207,7.312314734949417,0.7408923841103824,0.2591076158896176,True,0.5976918054959491,0.5976918054959491,9.811573841230327e-17
PbSe/Cr,monotone_pointwise_corners,monotone_corner_pmpmm_nmppp,alpha_preserving_flattened,2.715357173737951,n,-2.715357173737951,309.894134846523,364.58735606168005,0.1909944228546127,1.2552210699460042,0.6050438029628498,1.2199773929909354,1.3692954134284256,1.2199773929909354,0.16925799462889043,0.8307420053711095,1.1270656731498598,5.975134628126197,0.605407712944066,0.39459228705593397,True,0.6782778348087639,0.6782778348087639,1.1286794956535635e-16
PbSe/Cr,monotone_pointwise_corners,monotone_corner_pmpmm_nmppp,original,2.7364884486742453,p,2.7364884486742453,309.894134846523,370.0428146226698,0.04790808472003043,1.3578597752924801,1.1563904480118539,2.1505398370323587,1.1936808119339533,2.1505398370323587,0.2600973690983763,0.7399026309016237,1.7515362825416747,10.357643628595632,1.049448712194828,-0.04944871219482794,True,0.6281261426892512,0.6281261426892512,1.9655488308238723e-16
PbSe/Cr,monotone_pointwise_corners,monotone_corner_pmpmm_nmppp,original,2.7364884486742453,n,-2.7364884486742453,309.894134846523,364.34505021044356,0.333900133200555,1.1336099361286387,0.6144975099876914,1.2390392233315652,1.5678842965544,1.2390392233315652,0.19683363812050045,0.8031663618794995,1.1318729865988584,3.7813741076885896,0.38313330038549676,0.6168666996145032,True,0.6377102650626357,0.6377102650626357,0.0
PbSe/Cr,monotone_pointwise_corners,monotone_corner_pmpmm_nmppp,alpha_preserving_flattened,2.7364884486742453,p,2.7364884486742453,309.894134846523,369.33653030318624,0.18858578193008713,1.2301035212063447,1.1563904480118539,2.1421463479958853,1.3600438049383363,2.1421463479958853,0.29519044041334797,0.704809559586652,1.826750294353737,7.4216301351568115,0.7519683498497315,0.2480316501502685,True,0.5931036332828935,0.5931036332828935,0.0
PbSe/Cr,monotone_pointwise_corners,monotone_corner_pmpmm_nmppp,alpha_preserving_flattened,2.7364884486742453,n,-2.7364884486742453,309.894134846523,364.7584252525199,0.19248024039953335,1.264989369229573,0.6144975099876914,1.239039013013007,1.3718792438530172,1.239039013013007,0.17222695411064862,0.8277730458893514,1.1432466800327945,6.054633728483789,0.6134626558907983,0.3865373441092017,True,0.6754273522401115,0.6754273522401115,0.0
PbSe/Cr,monotone_pointwise_corners,monotone_corner_pmpmm_nmppp,original,2.8106854181890806,p,2.8106854181890806,309.894134846523,371.5290683721753,0.049206100688978266,1.394676696775049,1.2199491768678876,2.2857035514422193,1.2020635571298472,2.2857035514422193,0.2783861267314521,0.721613873268548,1.856332866500235,11.116897809259065,1.1263772444650402,-0.12637724446504017,True,0.6115691278123347,0.6115691278123347,1.8737334764065756e-16
PbSe/Cr,monotone_pointwise_corners,monotone_corner_pmpmm_nmppp,original,2.8106854181890806,n,-2.8106854181890806,309.894134846523,364.93904345281976,0.34295376462287186,1.1643465620820206,0.648272158236615,1.3071406436131774,1.5842310352312288,1.3071406436131774,0.20981720146711785,0.7901827985328822,1.1874300308386834,3.9799020673222016,0.4032483882416726,0.5967516117583274,True,0.6270830203054286,0.6270830203054286,1.0499465544583965e-16
PbSe/Cr,monotone_pointwise_corners,monotone_corner_pmpmm_nmppp,alpha_preserving_flattened,2.8106854181890806,p,2.8106854181890806,309.894134846523,370.74995034657394,0.19369872015877246,1.2634564679389564,1.2199491768678876,2.277101653005511,1.3744012207260965,2.277101653005511,0.3170999732535127,0.6829000267464873,1.9270249868241613,7.955590059671872,0.8060698014191707,0.19393019858082927,True,0.5766665430743979,0.5766665430743979,0.0
PbSe/Cr,monotone_pointwise_corners,monotone_corner_pmpmm_nmppp,alpha_preserving_flattened,2.8106854181890806,n,-2.8106854181890806,309.894134846523,365.4229536256949,0.19769924561536792,1.2992882085726698,0.648272158236615,1.307140046529655,1.3813046734747605,1.307140046529655,0.18294134007621823,0.8170586599237818,1.199775923734944,6.442673381976014,0.6527792928827931,0.3472207071172069,True,0.6653330816245476,0.6653330816245476,0.0
PbSe/Cr,monotone_pointwise_corners,monotone_corner_pmpmp_nmppp,original,2.7160281062663185,p,2.7160281062663185,309.894134846523,369.66017032991766,0.044334185677305175,1.3477072471654583,1.1391627540781066,2.114078853288364,1.195907866848364,2.114078853288364,0.2561646271765734,0.7438353728234266,1.7329874028975238,10.091027834382743,1.022434884347436,-0.022434884347436013,True,0.6325513718432494,0.6325513718432494,9.961858703312097e-17
PbSe/Cr,monotone_pointwise_corners,monotone_corner_pmpmp_nmppp,original,2.7160281062663185,n,-2.7160281062663185,309.894134846523,364.19913889583455,0.33140301902350344,1.1251340927676126,0.6053428381869007,1.220580354069501,1.5634891914739426,1.220580354069501,0.19335771864396784,0.8066422813560321,1.1164522209583183,3.697222910676289,0.3746070014992909,0.6253929985007092,True,0.640626597838015,0.640626597838015,1.110922085177221e-16
PbSe/Cr,monotone_pointwise_corners,monotone_corner_pmpmp_nmppp,alpha_preserving_flattened,2.7160281062663185,p,2.7160281062663185,309.894134846523,368.97343440848346,0.18603788652243075,1.220906208769937,1.1391627540781066,2.105806263096451,1.3585352323264401,2.105806263096451,0.2898608581063743,0.7101391418936257,1.79084936044127,7.321336743201877,0.7418065046653526,0.2581934953346474,True,0.5975795322677047,0.5975795322677047,1.9616568831875548e-16
PbSe/Cr,monotone_pointwise_corners,monotone_corner_pmpmp_nmppp,alpha_preserving_flattened,2.7160281062663185,n,-2.7160281062663185,309.894134846523,364.5944433054161,0.18990843348929065,1.2555312201738504,0.6053428381869007,1.2205802016189862,1.3698592529489266,1.2205802016189862,0.16941135786247774,0.8305886421375223,1.1200651909362023,5.983050515200194,0.6062097599919826,0.39379024000801743,True,0.678399500174747,0.678399500174747,2.256734652418954e-16
PbSe/Cr,monotone_pointwise_corners,monotone_corner_pmpmp_nmppp,original,2.7366243010916826,p,2.7366243010916826,309.894134846523,370.04608005723065,0.04466918465774548,1.357927185967319,1.1565052684032937,2.150791087880647,1.1982818422879025,2.150791087880647,0.261130416420496,0.738869583579504,1.7604692548005143,10.36679907530703,1.050376352892401,-0.050376352892401055,True,0.6280219214910894,0.6280219214910894,9.828906367810752e-17
PbSe/Cr,monotone_pointwise_corners,monotone_corner_pmpmp_nmppp,original,2.7366243010916826,n,-2.7366243010916826,309.894134846523,364.3460443922335,0.33391664920783376,1.1336662139654146,0.6145585247122222,1.2391622174898507,1.5679135833856717,1.2391622174898507,0.19685685402002526,0.8031431459799747,1.1319753670690202,3.7819391615647153,0.3831905523130475,0.6168094476869526,True,0.637690896391695,0.637690896391695,2.1943837417464126e-16
PbSe/Cr,monotone_pointwise_corners,monotone_corner_pmpmp_nmppp,alpha_preserving_flattened,2.7366243010916826,p,2.7366243010916826,309.894134846523,369.3398024081804,0.18744863568023068,1.2301645894477016,1.1565052684032937,2.142399002733103,1.3623481240177868,2.142399002733103,0.29572545602221595,0.704274543977784,1.8179078540713494,7.425669602917404,0.7523776335045197,0.2476223664954803,True,0.593092775581018,0.593092775581018,1.9354753845330215e-16
PbSe/Cr,monotone_pointwise_corners,monotone_corner_pmpmp_nmppp,alpha_preserving_flattened,2.7366243010916826,n,-2.7366243010916826,309.894134846523,364.7613770688649,0.19134930587256263,1.265052169371823,0.6145585247122222,1.2391618489171135,1.3724501269636786,1.2391618489171135,0.17231570463828577,0.8276842953617143,1.13564345030708,6.058952994216806,0.6139002890073334,0.3860997109926666,True,0.6756146724034647,0.6756146724034647,2.228852423463412e-16
PbSe/Cr,monotone_pointwise_corners,monotone_corner_pmpmp_nmppp,original,2.8106854181890806,p,2.8106854181890806,309.894134846523,371.52790650571984,0.04587846516197171,1.394676696775049,1.2199491768678876,2.2856912151720232,1.2079328493025556,2.2856912151720232,0.2797438873906457,0.7202561126093543,1.8607834853248637,11.123621777457512,1.1270585248816802,-0.12705852488168023,True,0.6113516391370242,0.6113516391370242,1.874088258547933e-16
PbSe/Cr,monotone_pointwise_corners,monotone_corner_pmpmp_nmppp,original,2.8106854181890806,n,-2.8106854181890806,309.894134846523,364.93904345281976,0.34295376462287186,1.1643465620820206,0.648272158236615,1.3071406436131774,1.5842310352312288,1.3071406436131774,0.20981720146711785,0.7901827985328822,1.1874300308386834,3.9799020673222016,0.4032483882416726,0.5967516117583274,True,0.6270830203054286,0.6270830203054286,1.0499465544583965e-16
PbSe/Cr,monotone_pointwise_corners,monotone_corner_pmpmp_nmppp,alpha_preserving_flattened,2.8106854181890806,p,2.8106854181890806,309.894134846523,370.749971289778,0.1925220713687236,1.2634564679389564,1.2199491768678876,2.2771018929624787,1.3773579933104274,2.2771018929624787,0.3177821892747795,0.6822178107252205,1.9174037345730517,7.958215310545174,0.8063357949450117,0.19366420505498827,True,0.576630596291511,0.576630596291511,0.0
PbSe/Cr,monotone_pointwise_corners,monotone_corner_pmpmp_nmppp,alpha_preserving_flattened,2.8106854181890806,n,-2.8106854181890806,309.894134846523,365.42486763445254,0.19652769960400357,1.2992882085726698,0.648272158236615,1.307140205260703,1.382146299599715,1.307140205260703,0.18305282809103093,0.816947171908969,1.1913205500117399,6.44622987028312,0.6531396404876793,0.34686035951232075,True,0.6655134122424216,0.6655134122424216,0.0
PbSe/Cr,monotone_pointwise_corners,monotone_corner_pppmm_nmmmm,original,2.623822252607615,p,2.623822252607615,309.894134846523,368.1410373464417,0.05080192895846011,0.4986516874551503,1.063129279568287,1.955379044906591,1.123819189797217,1.955379044906591,0.22265254053656222,0.7773474594634378,1.5302367495018523,3.669296670443297,0.37177748178420383,0.6282225182157961,True,0.6871479458184715,0.6871479458184715,1.0572913117015738e-16
PbSe/Cr,monotone_pointwise_corners,monotone_corner_pppmm_nmmmm,original,2.623822252607615,n,-2.623822252607615,309.894134846523,363.72003220196245,0.29990392690342854,0.375876502005895,0.5649392004343361,1.1391126278896258,1.4178687188172965,1.1391126278896258,0.163645075998811,0.8363549240011889,0.4787821668499212,1.1176184873479154,0.11323842799864989,0.8867615720013501,True,0.7143829409355805,0.7143829409355805,1.2882234392038763e-16
PbSe/Cr,monotone_pointwise_corners,monotone_corner_pppmm_nmmmm,alpha_preserving_flattened,2.623822252607615,p,2.623822252607615,309.894134846523,367.57746032310644,0.19482331613709788,0.395142435345337,1.063129279568287,1.9483858586338556,1.26202165195164,1.9483858586338556,0.24913917924419657,0.7508608207558034,1.2904577489022802,2.318854276412202,0.234949059980181,0.765050940019819,True,0.6572465057032008,0.6572465057032008,2.0912978008024172e-16
PbSe/Cr,monotone_pointwise_corners,monotone_corner_pppmm_nmmmm,alpha_preserving_flattened,2.623822252607615,n,-2.623822252607615,309.894134846523,364.00742771844824,0.1994430910850907,0.40634871084113194,0.5649392004343361,1.1391125358814416,1.2617703928706185,1.1391125358814416,0.14562878242255903,0.854371217577441,0.7919825511763091,1.6986322844561366,0.17210743363418396,0.8278925663658161,True,0.7447704643655645,0.7447704643655645,0.0
PbSe/Cr,monotone_pointwise_corners,monotone_corner_pppmm_nmmmm,original,2.643359191690452,p,2.643359191690452,309.894134846523,368.462103443526,0.051179984562944425,0.5023646400500463,1.079020309979739,1.9885391352644537,1.1255052150238838,1.9885391352644537,0.226768072565522,0.773231927434478,1.554978008947803,3.754262446453799,0.3803863147786777,0.6196136852213223,True,0.6827478414166914,0.6827478414166914,2.087160686926423e-16
PbSe/Cr,monotone_pointwise_corners,monotone_corner_pppmm_nmmmm,original,2.643359191690452,n,-2.643359191690452,309.894134846523,363.8301343456379,0.3021370068099629,0.3788737034762625,0.5733835789189256,1.1561392570775697,1.4219729580895206,1.1561392570775697,0.16657190020387808,0.8334280997961219,0.4858701665261324,1.1353657734617029,0.11503660403413807,0.8849633959658619,True,0.7113013509581654,0.7113013509581654,0.0
PbSe/Cr,monotone_pointwise_corners,monotone_corner_pppmm_nmmmm,alpha_preserving_flattened,2.643359191690452,p,2.643359191690452,309.894134846523,367.8810090606036,0.19627377166771975,0.3980846596826425,1.079020309979739,1.9813626126818111,1.2648573118382542,1.9813626126818111,0.25392517128416214,0.7460748287158379,1.311676167046551,2.3673802875687207,0.23986577286800076,0.7601342271319993,True,0.6527843629284795,0.6527843629284795,2.064127795353657e-16
PbSe/Cr,monotone_pointwise_corners,monotone_corner_pppmm_nmmmm,alpha_preserving_flattened,2.643359191690452,n,-2.643359191690452,309.894134846523,364.13562632190155,0.20092847890087293,0.40937437692891776,0.5733835789189256,1.156139152370885,1.2641339590564131,1.156139152370885,0.148082405789782,0.851917594210218,0.8032593694593831,1.7199280035898148,0.174265141103323,0.825734858896677,True,0.7418978257521103,0.7418978257521103,0.0
PbSe/Cr,monotone_pointwise_corners,monotone_corner_pppmm_nmmmm,original,2.8106854181890806,p,2.8106854181890806,309.894134846523,371.62003917711144,0.054419706791879525,0.5341646238775031,1.2199491768678876,2.286664809698318,1.1434075455401214,2.286664809698318,0.2649133330249323,0.7350866669750677,1.7753683068928618,4.348747270724412,0.44062022083118335,0.5593797791688166,True,0.6432369656755934,0.6432369656755934,1.8714971849034093e-16
PbSe/Cr,monotone_pointwise_corners,monotone_corner_pppmm_nmmmm,original,2.8106854181890806,n,-2.8106854181890806,309.894134846523,365.06550310223014,0.3212624610403321,0.4052403553442878,0.648272158236615,1.3071406422839007,1.4581421085122241,1.3071406422839007,0.1931178530368953,0.8068821469631047,0.5484633858599317,1.2936661238609304,0.13107578290758462,0.8689242170924154,True,0.6845096083342475,0.6845096083342475,1.1456695405638839e-16
PbSe/Cr,monotone_pointwise_corners,monotone_corner_pppmm_nmmmm,alpha_preserving_flattened,2.8106854181890806,p,2.8106854181890806,309.894134846523,370.8869878394781,0.20869775078475147,0.42328365804089796,1.2199491768678876,2.2786618434997123,1.2916052353983583,2.2786618434997123,0.2982015739599304,0.7017984260400696,1.4896217452966594,2.7233604301825056,0.2759341022707977,0.7240658977292023,True,0.6131587521048656,0.6131587521048656,1.850445649528963e-16
PbSe/Cr,monotone_pointwise_corners,monotone_corner_pppmm_nmmmm,alpha_preserving_flattened,2.8106854181890806,n,-2.8106854181890806,309.894134846523,365.5198600115604,0.21364691650966036,0.43528802117827803,0.648272158236615,1.3071399516806272,1.285350470694943,1.3071399516806272,0.17023305938902825,0.8297669406109718,0.910609202607962,1.9599574550655432,0.1985852092358649,0.8014147907641351,True,0.7167886316451431,0.7167886316451431,2.318826814881344e-16
PbSe/Cr,monotone_pointwise_corners,monotone_corner_pppmp_nmmmm,original,2.624133252389687,p,2.624133252389687,309.894134846523,368.14830853001604,0.047416270372181636,0.49871079228436427,1.063381318416404,1.9559312667373985,1.126824737782957,1.9559312667373985,0.2233110515067443,0.7766889484932558,1.5587640637010873,3.6728903447429984,0.37214159711787465,0.6278584028821254,True,0.6871619351269713,0.6871619351269713,1.0573121386909829e-16
PbSe/Cr,monotone_pointwise_corners,monotone_corner_pppmp_nmmmm,original,2.624133252389687,n,-2.624133252389687,309.894134846523,363.72173326512933,0.2999394743021964,0.37592409612982286,0.5650731320530678,1.139382644981961,1.417933866829055,1.139382644981961,0.16369138761213875,0.8363086123878612,0.47889463250366077,1.1178998039895465,0.11326693133375824,0.8867330686662418,True,0.7143339734610424,0.7143339734610424,1.2879634597947685e-16
PbSe/Cr,monotone_pointwise_corners,monotone_corner_pppmp_nmmmm,alpha_preserving_flattened,2.624133252389687,p,2.624133252389687,309.894134846523,367.5836219138858,0.19273325861449012,0.39518927129665105,1.063381318416404,1.9489255423152856,1.2635164352229402,1.9489255423152856,0.24950335937166304,0.750496640628337,1.3042908080987996,2.320187398293102,0.23508413346709328,0.7649158665329068,True,0.657253618003214,0.657253618003214,0.0
PbSe/Cr,monotone_pointwise_corners,monotone_corner_pppmp_nmmmm,alpha_preserving_flattened,2.624133252389687,n,-2.624133252389687,309.894134846523,364.0108924868355,0.1973233961597862,0.40639687506429584,0.5650731320530678,1.1393824372592063,1.262061120985041,1.1393824372592063,0.14569685040661873,0.8543031495933813,0.8039614336662514,1.6998377882751097,0.17222957670800768,0.8277704232919924,True,0.7449603851264615,0.7449603851264615,1.3033484294835482e-16
PbSe/Cr,monotone_pointwise_corners,monotone_corner_pppmp_nmmmm,original,2.6432871163479983,p,2.6432871163479983,309.894134846523,368.4629196437092,0.04776276738561013,0.5023509422886591,1.0789614684130464,1.9884405862763057,1.12869955675156,1.9884405862763057,0.22740040199677689,0.7725995980032231,1.5833109630735962,3.7562202552416246,0.38058468228240555,0.6194153177175945,True,0.6828192448924578,0.6828192448924578,0.0
PbSe/Cr,monotone_pointwise_corners,monotone_corner_pppmp_nmmmm,original,2.6432871163479983,n,-2.6432871163479983,309.894134846523,363.829713269285,0.3021287685696578,0.37886261360259527,0.5733523109364906,1.156076226812908,1.4219577730681048,1.156076226812908,0.16656104035886332,0.8334389596411367,0.4858439320454312,1.1353000199671373,0.11502994181224006,0.88497005818776,True,0.7113127396319737,0.7113127396319737,2.544220886981701e-16
PbSe/Cr,monotone_pointwise_corners,monotone_corner_pppmp_nmmmm,alpha_preserving_flattened,2.6432871163479983,p,2.6432871163479983,309.894134846523,367.8811969744545,0.19414005816538113,0.39807380527879815,1.0789614684130464,1.9812569276453815,1.2664117828159256,1.9812569276453815,0.2542236766530227,0.7457763233469773,1.325235432758146,2.3677688155081693,0.23990513897870383,0.7600948610212962,True,0.6528675572712365,0.6528675572712365,1.0322273211010113e-16
PbSe/Cr,monotone_pointwise_corners,monotone_corner_pppmp_nmmmm,alpha_preserving_flattened,2.6432871163479983,n,-2.6432871163479983,309.894134846523,364.136696439047,0.19876384288460167,0.40936321469319065,0.5733523109364906,1.156076169950116,1.2644287404898058,1.156076169950116,0.14810886800274997,0.85189113199725,0.8152282022298419,1.720474092337929,0.1743204714616557,0.8256795285383443,True,0.7421391133667762,0.7421391133667762,2.5746533110240227e-16
PbSe/Cr,monotone_pointwise_corners,monotone_corner_pppmp_nmmmm,original,2.8106854181890806,p,2.8106854181890806,309.894134846523,371.6186413846635,0.050786430294308356,0.5341646238775031,1.2199491768678876,2.2866501090733795,1.1490893931938988,2.2866501090733795,0.2662280350357178,0.7337719649642822,1.8086727379660852,4.350741940232949,0.44082232310676356,0.5591776768932364,True,0.6429825730347595,0.6429825730347595,0.0
PbSe/Cr,monotone_pointwise_corners,monotone_corner_pppmp_nmmmm,original,2.8106854181890806,n,-2.8106854181890806,309.894134846523,365.06550310223014,0.3212624610403321,0.4052403553442878,0.648272158236615,1.3071406422839007,1.4581421085122241,1.3071406422839007,0.1931178530368953,0.8068821469631047,0.5484633858599317,1.2936661238609304,0.13107578290758462,0.8689242170924154,True,0.6845096083342475,0.6845096083342475,1.1456695405638839e-16
PbSe/Cr,monotone_pointwise_corners,monotone_corner_pppmp_nmmmm,alpha_preserving_flattened,2.8106854181890806,p,2.8106854181890806,309.894134846523,370.8868460508942,0.2064357099720595,0.42328365804089796,1.2199491768678876,2.278660239498817,1.2944645424730135,2.278660239498817,0.298861511009369,0.701138488990631,1.5055651050585683,2.7238946444366596,0.27598822949134716,0.7240117705086528,True,0.6131042543361604,0.6131042543361604,0.0
PbSe/Cr,monotone_pointwise_corners,monotone_corner_pppmp_nmmmm,alpha_preserving_flattened,2.8106854181890806,n,-2.8106854181890806,309.894134846523,365.52169299302284,0.21135130708967445,0.43528802117827803,0.648272158236615,1.3071401160310774,1.2862076590989986,1.3071401160310774,0.17034660766840432,0.8296533923315956,0.9244534939113858,1.9607121415935587,0.19866167496816234,0.8013383250318377,True,0.7169630991559595,0.7169630991559595,3.478725197746372e-16
PbSe/Cr,monotone_pointwise_corners,monotone_corner_pppmm_nmmmp,original,2.6198348597965597,p,2.6198348597965597,309.894134846523,368.07676117849735,0.050725021970260846,0.49789389216173685,1.0599004838862005,1.9486575175026384,1.1234827905849032,1.9486575175026384,0.22182076369914802,0.778179236300852,1.5252195785811085,3.652199525205475,0.37004517879180276,0.6299548212081972,True,0.6880410026255183,0.6880410026255183,2.1202427078175688e-16
PbSe/Cr,monotone_pointwise_corners,monotone_corner_pppmm_nmmmp,original,2.6198348597965597,n,-2.6198348597965597,309.894134846523,363.7259851006035,0.29104331654692067,0.42838388011707024,0.5632234417904349,1.135653017234007,1.4201136622511839,1.135653017234007,0.16340638386405684,0.8365936161359432,0.4769722186998263,1.170438669949261,0.11859023142002266,0.8814097685799773,True,0.7196136442891286,0.7196136442891286,1.2951563435666017e-16
PbSe/Cr,monotone_pointwise_corners,monotone_corner_pppmm_nmmmp,alpha_preserving_flattened,2.6198348597965597,p,2.6198348597965597,309.894134846523,367.53043737664905,0.17343349171068823,0.39454194188413816,1.0599004838862005,1.94187594360866,1.2757216645253648,1.94187594360866,0.25100228037597655,0.7489977196240234,1.3501067677594192,2.3146588781746087,0.23452397726489707,0.765476022735103,True,0.6589370698212488,0.6589370698212488,2.0992253747813078e-16
PbSe/Cr,monotone_pointwise_corners,monotone_corner_pppmm_nmmmp,alpha_preserving_flattened,2.6198348597965597,n,-2.6198348597965597,309.894134846523,363.9967847733594,0.17763951754063728,0.40573118733062,0.5632234417904349,1.1356530962765412,1.2638114206204993,1.1356530962765412,0.1454213659038764,0.8545786340961237,0.8122745396789194,1.6849839400610251,0.170724567225313,0.829275432774687,True,0.747682790029373,0.747682790029373,1.3086965606104359e-16
PbSe/Cr,monotone_pointwise_corners,monotone_corner_pppmm_nmmmp,original,2.6426700817654023,p,2.6426700817654023,309.894134846523,368.45058678999976,0.051166684436084055,0.5022336762141284,1.0784577934018167,1.9873629145730354,1.1254446535055083,1.9873629145730354,0.22662174448800348,0.7733782555119966,1.5541008341331737,3.751231377948377,0.3800792033300073,0.6199207966699927,True,0.6829037321805146,0.6829037321805146,1.0440596214237017e-16
PbSe/Cr,monotone_pointwise_corners,monotone_corner_pppmm_nmmmp,original,2.6426700817654023,n,-2.6426700817654023,309.894134846523,363.855334787691,0.2935798603483663,0.43349235481351656,0.5730846616829225,1.1555366867554941,1.4260967982392374,1.1555366867554941,0.16696790491907648,0.8330320950809236,0.48524295886226954,1.1979208733606501,0.12137476079876408,0.8786252392012359,True,0.7159283503068561,0.7159283503068561,1.2761387704227555e-16
PbSe/Cr,monotone_pointwise_corners,monotone_corner_pppmm_nmmmp,alpha_preserving_flattened,2.6426700817654023,p,2.6426700817654023,309.894134846523,367.88296727655865,0.17494542072839156,0.3979808810925592,1.0784577934018167,1.9803543015282457,1.2803893492001728,1.9803543015282457,0.2569124812175495,0.7430875187824505,1.3749279588451961,2.3550448768506076,0.23861593445332716,0.7613840655466728,True,0.653595335581267,0.653595335581267,1.0336649353270726e-16
PbSe/Cr,monotone_pointwise_corners,monotone_corner_pppmm_nmmmp,alpha_preserving_flattened,2.6426700817654023,n,-2.6426700817654023,309.894134846523,364.1462259940043,0.17918777686930393,0.40926765516855707,0.5730846616829225,1.1555367159484167,1.2671618881372544,1.1555367159484167,0.14835975458464182,0.8516402454153582,0.8269437700656077,1.7253688708122317,0.17481641621033908,0.825183583789661,True,0.7442704581908488,0.7442704581908488,1.2895129686129758e-16
PbSe/Cr,monotone_pointwise_corners,monotone_corner_pppmm_nmmmp,original,2.8106854181890806,p,2.8106854181890806,309.894134846523,371.62003917711144,0.054419706791879525,0.5341646238775031,1.2199491768678876,2.286664809698318,1.1434075455401214,2.286664809698318,0.2649133330249323,0.7350866669750677,1.7753683068928618,4.348747270724412,0.44062022083118335,0.5593797791688166,True,0.6432369656755934,0.6432369656755934,1.8714971849034093e-16
PbSe/Cr,monotone_pointwise_corners,monotone_corner_pppmm_nmmmp,original,2.8106854181890806,n,-2.8106854181890806,309.894134846523,365.1031815415635,0.31224623654072414,0.47557291835709786,0.648272158236615,1.3071402128710465,1.47370052078829,1.3071402128710465,0.19517836117512052,0.8048216388248794,0.5480356762070979,1.4128392121194722,0.14315054126825286,0.8568494587317471,True,0.6881856983833828,0.6881856983833828,0.0
PbSe/Cr,monotone_pointwise_corners,monotone_corner_pppmm_nmmmp,alpha_preserving_flattened,2.8106854181890806,p,2.8106854181890806,309.894134846523,370.8851837175211,0.1860679357175929,0.42328365804089796,1.2199491768678876,2.278641432553948,1.3202208026002844,2.278641432553948,0.3048055118189532,0.6951944881810468,1.5665799385749,2.734519186971275,0.27706472071661276,0.7229352792833872,True,0.6126271072965798,0.6126271072965798,0.0
PbSe/Cr,monotone_pointwise_corners,monotone_corner_pppmm_nmmmp,alpha_preserving_flattened,2.8106854181890806,n,-2.8106854181890806,309.894134846523,365.5377322632343,0.19057946938452283,0.43528802117827803,0.648272158236615,1.3071406857427486,1.2939915338286512,1.3071406857427486,0.17137758638911632,0.8286224136108837,0.9401174488952232,1.9674186410482981,0.19934118543101323,0.8006588145689868,True,0.7184987813186444,0.7184987813186444,0.0
PbSe/Cr,monotone_pointwise_corners,monotone_corner_pppmp_nmmmp,original,2.6201326286274593,p,2.6201326286274593,309.894134846523,368.0838428430098,0.04734324396359541,0.49795048247758317,1.0601414328624545,1.9491869424991737,1.1264421393384982,1.9491869424991737,0.22246548293638707,0.777534517063613,1.5536686866916352,3.6557258722714963,0.37040247245046576,0.6295975275495342,True,0.6880638955189399,0.6880638955189399,0.0
PbSe/Cr,monotone_pointwise_corners,monotone_corner_pppmp_nmmmp,original,2.6201326286274593,n,-2.6201326286274593,309.894134846523,363.72760791188455,0.2910763516250699,0.42844962145394666,0.5633514803315667,1.1359112249487358,1.4201910034248688,1.1359112249487358,0.1634524380919927,0.8365475619080073,0.47707965809005975,1.1707944461670903,0.1186262790875249,0.8813737209124751,True,0.719565729055114,0.719565729055114,2.5898109611682196e-16
PbSe/Cr,monotone_pointwise_corners,monotone_corner_pppmp_nmmmp,alpha_preserving_flattened,2.6201326286274593,p,2.6201326286274593,309.894134846523,367.5363616736899,0.1712976645484095,0.3945867852804066,1.0601414328624545,1.9423921529794665,1.2772370449652517,1.9423921529794665,0.2513672395381276,0.7486327604618723,1.3505070773859595,2.315957308544037,0.2346555357668047,0.7653444642331952,True,0.6589472693411453,0.6589472693411453,1.0495201502235371e-16
PbSe/Cr,monotone_pointwise_corners,monotone_corner_pppmp_nmmmp,alpha_preserving_flattened,2.6201326286274593,n,-2.6201326286274593,309.894134846523,364.00014709514653,0.17545633503945035,0.4057773024896955,0.5633514803315667,1.1359112398475586,1.2641139851200585,1.1359112398475586,0.1454892441269352,0.8545107558730648,0.812550119501494,1.6861632356999914,0.1708440548553173,0.8291559451446827,True,0.7478740744258479,0.7478740744258479,1.3086365251767566e-16
PbSe/Cr,monotone_pointwise_corners,monotone_corner_pppmp_nmmmp,original,2.6425972214136095,p,2.6425972214136095,309.894134846523,368.4513980271782,0.04774995486373018,0.5022198292634311,1.078398326477396,1.9872631630431303,1.128630765240414,1.9872631630431303,0.22725189919384156,0.7727481008061584,1.5824224537059834,3.7531854171190404,0.3802771888916624,0.6197228111083376,True,0.6829763604753532,0.6829763604753532,2.088690495287299e-16
PbSe/Cr,monotone_pointwise_corners,monotone_corner_pppmp_nmmmp,original,2.6425972214136095,n,-2.6425972214136095,309.894134846523,363.8549025425766,0.29357176041279326,0.43347579726993285,0.5730530613899194,1.1554729615040193,1.4260775380883548,1.1554729615040193,0.16695644215359198,0.833043557846408,0.4852164681693813,1.1978325441020243,0.12136581117372987,0.8786341888262701,True,0.7159401440969817,0.7159401440969817,1.2761987473216041e-16
PbSe/Cr,monotone_pointwise_corners,monotone_corner_pppmp_nmmmp,alpha_preserving_flattened,2.6425972214136095,p,2.6425972214136095,309.894134846523,367.883123936319,0.1727663663835964,0.3979699084678629,1.078398326477396,1.9802470724633163,1.2819664070606864,1.9802470724633163,0.2572149927608082,0.7427850072391917,1.3749270543589664,2.3554302172283523,0.23865497759650545,0.7613450224034946,True,0.6536790345872865,0.6536790345872865,0.0
PbSe/Cr,monotone_pointwise_corners,monotone_corner_pppmp_nmmmp,alpha_preserving_flattened,2.6425972214136095,n,-2.6425972214136095,309.894134846523,364.1472930712309,0.17696058376522172,0.40925637135922394,0.5730530613899194,1.1554729841595714,1.267469347516526,1.1554729841595714,0.14838756750412996,0.85161243249587,0.8269836582352614,1.7259156831441642,0.17487181988304074,0.8251281801169592,True,0.7445113838584007,0.7445113838584007,1.2897627131474577e-16
PbSe/Cr,monotone_pointwise_corners,monotone_corner_pppmp_nmmmp,original,2.8106854181890806,p,2.8106854181890806,309.894134846523,371.6186413846635,0.050786430294308356,0.5341646238775031,1.2199491768678876,2.2866501090733795,1.1490893931938988,2.2866501090733795,0.2662280350357178,0.7337719649642822,1.8086727379660852,4.350741940232949,0.44082232310676356,0.5591776768932364,True,0.6429825730347595,0.6429825730347595,0.0
PbSe/Cr,monotone_pointwise_corners,monotone_corner_pppmp_nmmmp,original,2.8106854181890806,n,-2.8106854181890806,309.894134846523,365.1031815415635,0.31224623654072414,0.47557291835709786,0.648272158236615,1.3071402128710465,1.47370052078829,1.3071402128710465,0.19517836117512052,0.8048216388248794,0.5480356762070979,1.4128392121194722,0.14315054126825286,0.8568494587317471,True,0.6881856983833828,0.6881856983833828,0.0
PbSe/Cr,monotone_pointwise_corners,monotone_corner_pppmp_nmmmp,alpha_preserving_flattened,2.8106854181890806,p,2.8106854181890806,309.894134846523,370.8850065179833,0.18375612326999433,0.42328365804089796,1.2199491768678876,2.2786394276193236,1.3231436285121854,2.2786394276193236,0.30548004943322593,0.6945199505667741,1.5666534139076347,2.7358598918997123,0.27720056252687714,0.7227994374731228,True,0.6125760290460187,0.6125760290460187,0.0
PbSe/Cr,monotone_pointwise_corners,monotone_corner_pppmp_nmmmp,alpha_preserving_flattened,2.8106854181890806,n,-2.8106854181890806,309.894134846523,365.53954165411636,0.18821752286903443,0.43528802117827803,0.648272158236615,1.3071406524958156,1.294872449295834,1.3071406524958156,0.17149425138910254,0.8285057486108974,0.9402153009361863,1.9681762295038194,0.19941794519004044,0.8005820548099596,True,0.7186718244465722,0.7186718244465722,2.3223517955599367e-16
PbSe/Cr,monotone_pointwise_corners,monotone_corner_pmpmm_nmmmm,original,2.6259928085404733,p,2.6259928085404733,309.894134846523,368.10037108216983,0.04597253097992764,1.3030312649965452,1.064888953674139,1.9581182663550734,1.1838430237229314,1.9581182663550734,0.23487310686870422,0.7651268931312958,1.6019966584423215,9.30767943384009,0.9430650972001222,0.056934902799877785,True,0.6516664120485898,0.6516664120485898,0.0
PbSe/Cr,monotone_pointwise_corners,monotone_corner_pmpmm_nmmmm,original,2.6259928085404733,n,-2.6259928085404733,309.894134846523,363.7319111375408,0.30015202230973165,0.3762087031275735,0.5658742785113775,1.1409980449512978,1.418323529949051,1.1409980449512978,0.16396851474631247,0.8360314852536875,0.47956734330369233,1.1195826818640342,0.11343744251192685,0.8865625574880731,True,0.7140411258514863,0.7140411258514863,1.286410701428428e-16
PbSe/Cr,monotone_pointwise_corners,monotone_corner_pmpmm_nmmmm,alpha_preserving_flattened,2.6259928085404733,p,2.6259928085404733,309.894134846523,367.57287601728325,0.19362177219372856,0.7974528508344527,1.064888953674139,1.9515528289634256,1.296008285479656,1.9515528289634256,0.2562644390902535,0.7437355609097465,1.3266704429527403,5.0643073787041395,0.5131216179389284,0.4868783820610716,True,0.6395986283248594,0.6395986283248594,0.0
PbSe/Cr,monotone_pointwise_corners,monotone_corner_pmpmm_nmmmm,alpha_preserving_flattened,2.6259928085404733,n,-2.6259928085404733,309.894134846523,363.99901646585414,0.1981052293923777,0.8200686863965023,0.5658742785113775,1.140998051576789,1.3030929259485315,1.140998051576789,0.1506470197900397,0.8493529802099603,0.8207684727256931,4.071313781610484,0.4125103313321365,0.5874896686678635,True,0.7212480234671887,0.7212480234671887,1.27854766358896e-16
PbSe/Cr,monotone_pointwise_corners,monotone_corner_pmpmm_nmmmm,original,2.6452342439879413,p,2.6452342439879413,309.894134846523,368.4158689868657,0.04630901064370361,1.312578965161573,1.0805516471490813,1.9907992774340355,1.1853613326394474,1.9907992774340355,0.23909939938994842,0.7609006006100516,1.6274177300969495,9.544605281179813,0.9670707044880468,0.03292929551195323,True,0.6476652297065976,0.6476652297065976,2.0872387105274497e-16
PbSe/Cr,monotone_pointwise_corners,monotone_corner_pmpmm_nmmmm,original,2.6452342439879413,n,-2.6452342439879413,309.894134846523,363.84109521746205,0.3023513260332287,0.3791622358540214,0.574197320401424,1.1577802210414558,1.4223681133979496,1.1577802210414558,0.16685467844591947,0.8331453215540805,0.4865528833645132,1.1370770925266283,0.11520999690738601,0.884790003092614,True,0.7110050230729956,0.7110050230729956,2.541032313708764e-16
PbSe/Cr,monotone_pointwise_corners,monotone_corner_pmpmm_nmmmm,alpha_preserving_flattened,2.6452342439879413,p,2.6452342439879413,309.894134846523,367.8719528179415,0.19504049391054099,0.8032960266047089,1.0805516471490813,1.9840604449139274,1.2987637810464137,1.9840604449139274,0.2610870446820163,0.7389129553179836,1.3461088217388086,5.131036870728057,0.5198827290546436,0.4801172709453564,True,0.6353647777963002,0.6353647777963002,0.0
PbSe/Cr,monotone_pointwise_corners,monotone_corner_pmpmm_nmmmm,alpha_preserving_flattened,2.6452342439879413,n,-2.6452342439879413,309.894134846523,364.1248093694543,0.19955676170916353,0.8260775751643883,0.574197320401424,1.157780221955127,1.3054088881126946,1.157780221955127,0.15313446525318614,0.8468655347468139,0.8341408186830387,4.159713401261237,0.4214670854286833,0.5785329145713167,True,0.7185320943515291,0.7185320943515291,2.525760925649026e-16
PbSe/Cr,monotone_pointwise_corners,monotone_corner_pmpmm_nmmmm,original,2.8106854181890806,p,2.8106854181890806,309.894134846523,371.5290683721753,0.049206100688978266,1.394676696775049,1.2199491768678876,2.2857035514422193,1.2020635571298472,2.2857035514422193,0.2783861267314521,0.721613873268548,1.856332866500235,11.116897809259065,1.1263772444650402,-0.12637724446504017,True,0.6115691278123347,0.6115691278123347,1.8737334764065756e-16
PbSe/Cr,monotone_pointwise_corners,monotone_corner_pmpmm_nmmmm,original,2.8106854181890806,n,-2.8106854181890806,309.894134846523,365.06550310223014,0.3212624610403321,0.4052403553442878,0.648272158236615,1.3071406422839007,1.4581421085122241,1.3071406422839007,0.1931178530368953,0.8068821469631047,0.5484633858599317,1.2936661238609304,0.13107578290758462,0.8689242170924154,True,0.6845096083342475,0.6845096083342475,1.1456695405638839e-16
PbSe/Cr,monotone_pointwise_corners,monotone_corner_pmpmm_nmmmm,alpha_preserving_flattened,2.8106854181890806,p,2.8106854181890806,309.894134846523,370.8407657212629,0.20724009143999209,0.8535396944896709,1.2199491768678876,2.278137819777415,1.324915359059527,2.278137819777415,0.30582175990198074,0.6941782400980192,1.5276367478175268,5.940735518446796,0.6019223544351066,0.39807764556489345,True,0.5976426270094318,0.5976426270094318,1.8786368916299468e-16
PbSe/Cr,monotone_pointwise_corners,monotone_corner_pmpmm_nmmmm,alpha_preserving_flattened,2.8106854181890806,n,-2.8106854181890806,309.894134846523,365.4870025146888,0.21203874089056157,0.8777461580518254,0.648272158236615,1.3071399616410762,1.326215347474908,1.3071399616410762,0.17564524452822214,0.8243547554717778,0.944821678316217,4.7492806396247875,0.48120273585642254,0.5187972641435774,True,0.6947473689375994,0.6947473689375994,0.0
PbSe/Cr,monotone_pointwise_corners,monotone_corner_pmpmp_nmmmm,original,2.626292836112382,p,2.626292836112382,309.894134846523,368.1075769639393,0.042869104890850766,1.3031801402353829,1.065132301102796,1.9586539650017738,1.1869428385901306,1.9586539650017738,0.23555253103948304,0.764447468960517,1.6156701972815943,9.318883143279228,0.9442002703016805,0.05579972969831948,True,0.6517049512831122,0.6517049512831122,0.0
PbSe/Cr,monotone_pointwise_corners,monotone_corner_pmpmp_nmmmm,original,2.626292836112382,n,-2.626292836112382,309.894134846523,363.7335543537074,0.3001863155805144,0.37625462718768493,0.5660035915727477,1.1412588154524115,1.4183864196368583,1.1412588154524115,0.16401326125593024,0.8359867387440698,0.47967592050943914,1.1198543328647437,0.11346496651285636,0.8865350334871437,True,0.7139938672819474,0.7139938672819474,1.286160451482675e-16
PbSe/Cr,monotone_pointwise_corners,monotone_corner_pmpmp_nmmmm,alpha_preserving_flattened,2.626292836112382,p,2.626292836112382,309.894134846523,367.5788987921762,0.19162065311379808,0.7975439622197428,1.065132301102796,1.9520749646802704,1.2975283396560688,1.9520749646802704,0.2566336486117118,0.7433663513882882,1.3404396924605058,5.068077851333195,0.5135036466885953,0.48649635331140473,True,0.6396134811716089,0.6396134811716089,0.0
PbSe/Cr,monotone_pointwise_corners,monotone_corner_pmpmp_nmmmm,alpha_preserving_flattened,2.626292836112382,n,-2.626292836112382,309.894134846523,364.00243098197984,0.19608459135034706,0.8201623817089867,0.5660035915727477,1.1412588367766883,1.303372856272886,1.1412588367766883,0.15071382087737195,0.849286179122628,0.8328611621109091,4.07480602906233,0.4128641699775295,0.5871358300224705,True,0.7214404445964785,0.7214404445964785,1.27848436736548e-16
PbSe/Cr,monotone_pointwise_corners,monotone_corner_pmpmp_nmmmm,original,2.645159821763323,p,2.645159821763323,309.894134846523,368.4167762468061,0.04317685124528205,1.3125420364673386,1.0804908465403384,1.9906983025130247,1.1886597793166096,1.9906983025130247,0.23975256847071855,0.7602474315292814,1.6399948311475687,9.551287344365921,0.9677477390392362,0.032252260960763834,True,0.6477550878110346,0.6477550878110346,0.0
PbSe/Cr,monotone_pointwise_corners,monotone_corner_pmpmp_nmmmm,original,2.645159821763323,n,-2.645159821763323,309.894134846523,363.84065993366903,0.30234281954335895,0.37915078278145264,0.5741650113982304,1.157715071072653,1.4223524251882298,1.157715071072653,0.16684344904800838,0.8331565509519916,0.4865257776632358,1.1370091421731459,0.11520311209714225,0.8847968879028577,True,0.7110167864060734,0.7110167864060734,1.270577034947266e-16
PbSe/Cr,monotone_pointwise_corners,monotone_corner_pmpmp_nmmmm,alpha_preserving_flattened,2.645159821763323,p,2.645159821763323,309.894134846523,367.8721266638018,0.19299702805785138,0.8032734263085488,1.0804908465403384,1.9839509963708446,1.3003473225449502,1.9839509963708446,0.2613909596930213,0.7386090403069787,1.359774729712277,5.132474911537041,0.5200284330515359,0.4799715669484641,True,0.635450810262882,0.635450810262882,2.0948719783867348e-16
PbSe/Cr,monotone_pointwise_corners,monotone_corner_pmpmp_nmmmm,alpha_preserving_flattened,2.645159821763323,n,-2.645159821763323,309.894134846523,364.1258821636703,0.19749316053599608,0.8260543339217684,0.5741650113982304,1.1577150816074373,1.3056942038661843,1.1577150816074373,0.15315931726872986,0.8468406827312701,0.8460883783709099,4.161545030872146,0.42165266830885495,0.578347331691145,True,0.7187729892167992,0.7187729892167992,1.2631208705507345e-16
PbSe/Cr,monotone_pointwise_corners,monotone_corner_pmpmp_nmmmm,original,2.8106854181890806,p,2.8106854181890806,309.894134846523,371.52790650571984,0.04587846516197171,1.394676696775049,1.2199491768678876,2.2856912151720232,1.2079328493025556,2.2856912151720232,0.2797438873906457,0.7202561126093543,1.8607834853248637,11.123621777457512,1.1270585248816802,-0.12705852488168023,True,0.6113516391370242,0.6113516391370242,1.874088258547933e-16
PbSe/Cr,monotone_pointwise_corners,monotone_corner_pmpmp_nmmmm,original,2.8106854181890806,n,-2.8106854181890806,309.894134846523,365.06550310223014,0.3212624610403321,0.4052403553442878,0.648272158236615,1.3071406422839007,1.4581421085122241,1.3071406422839007,0.1931178530368953,0.8068821469631047,0.5484633858599317,1.2936661238609304,0.13107578290758462,0.8689242170924154,True,0.6845096083342475,0.6845096083342475,1.1456695405638839e-16
PbSe/Cr,monotone_pointwise_corners,monotone_corner_pmpmp_nmmmm,alpha_preserving_flattened,2.8106854181890806,p,2.8106854181890806,309.894134846523,370.840666395658,0.20507490137412993,0.8535396944896709,1.2199491768678876,2.2781366912760936,1.3278197663399522,2.2781366912760936,0.30649201388120634,0.6935079861187936,1.5436887416763403,5.942508921092238,0.6021020376902172,0.3978979623097828,True,0.5975952181123299,0.5975952181123299,3.7576383909933597e-16
PbSe/Cr,monotone_pointwise_corners,monotone_corner_pmpmp_nmmmm,alpha_preserving_flattened,2.8106854181890806,n,-2.8106854181890806,309.894134846523,365.48886543122126,0.20985166148385362,0.8777461580518254,0.648272158236615,1.3071401266792584,1.3270719982412893,1.3071401266792584,0.17575872237616244,0.8242412776238376,0.9586180454695343,4.751718671215772,0.4814497601029785,0.5185502398970214,True,0.6949241976088031,0.6949241976088031,1.139945309431427e-16
PbSe/Cr,monotone_pointwise_corners,monotone_corner_pmpmm_nmmmp,original,2.6220190430552144,p,2.6220190430552144,309.894134846523,368.03632431275554,0.045902924905087336,1.3010594619321132,1.0616685204559686,1.9514131102206715,1.1835349892173392,1.9514131102206715,0.23400792985265736,0.7659920701473426,1.5967798443907115,9.259494027859878,0.9381828948319206,0.06181710516807937,True,0.6524894646757942,0.6524894646757942,0.0
PbSe/Cr,monotone_pointwise_corners,monotone_corner_pmpmm_nmmmp,original,2.6220190430552144,n,-2.6220190430552144,309.894134846523,363.73789552981225,0.291285702353536,0.42886629314068436,0.5641629636202439,1.1375474119842561,1.4206813840633195,1.1375474119842561,0.16374439805480592,0.8362556019451941,0.4777605563808941,1.1730499317006435,0.1188548075514727,0.8811451924485273,True,0.7192620970944898,0.7192620970944898,0.0
PbSe/Cr,monotone_pointwise_corners,monotone_corner_pmpmm_nmmmp,alpha_preserving_flattened,2.6220190430552144,p,2.6220190430552144,309.894134846523,367.52620291970584,0.17274500660202433,0.7962461108142741,1.0616685204559686,1.9450616891466326,1.3099935706812735,1.9450616891466326,0.2581682308441166,0.7418317691558833,1.4545976247691332,5.058588324930795,0.5125421566412989,0.4874578433587011,True,0.6412774922307497,0.6412774922307497,0.0
PbSe/Cr,monotone_pointwise_corners,monotone_corner_pmpmm_nmmmp,alpha_preserving_flattened,2.6220190430552144,n,-2.6220190430552144,309.894134846523,363.9886099376779,0.17688058848223853,0.8188277231193198,0.5641629636202439,1.1375472260475843,1.3050438809746316,1.1375472260475843,0.1504162665840192,0.8495837334159808,0.9351232148318912,4.074229905753564,0.41280579648196136,0.5871942035180386,True,0.7241286092508051,0.7241286092508051,1.283644464675069e-16
PbSe/Cr,monotone_pointwise_corners,monotone_corner_pmpmm_nmmmp,original,2.644521867639099,p,2.644521867639099,309.894134846523,368.40402918727295,0.04629657447194834,1.3122254803188245,1.079969728335181,1.9895830442039493,1.1853043064689708,1.9895830442039493,0.23894183135772823,0.7610581686422717,1.6264718069740736,9.535725938087927,0.9661710389360105,0.03382896106398947,True,0.6478138332928886,0.6478138332928886,0.0
PbSe/Cr,monotone_pointwise_corners,monotone_corner_pmpmm_nmmmp,original,2.644521867639099,n,-2.644521867639099,309.894134846523,363.8663269706132,0.29378578554547996,0.4339133562693474,0.573888092957725,1.157156614567147,1.4265866754606322,1.157156614567147,0.16725940986858814,0.8327405901314119,0.48591645163989644,1.2001671939864031,0.12160236066340559,0.8783976393365944,True,0.715628539591756,0.715628539591756,1.2746159149940172e-16
PbSe/Cr,monotone_pointwise_corners,monotone_corner_pmpmm_nmmmp,alpha_preserving_flattened,2.644521867639099,p,2.644521867639099,309.894134846523,367.8737707508552,0.17422756486180271,0.8030796945003695,1.079969728335181,1.9830148490932058,1.3145851729057219,1.9830148490932058,0.26412830872755905,0.735871691272441,1.4809805231571112,5.145368574545012,0.521334834248989,0.47866516575101103,True,0.6362044839587305,0.6362044839587305,2.097849699239357e-16
PbSe/Cr,monotone_pointwise_corners,monotone_corner_pmpmm_nmmmp,alpha_preserving_flattened,2.644521867639099,n,-2.644521867639099,309.894134846523,364.13541015482554,0.17839878660116754,0.8258551078618446,0.573888092957725,1.1571564191113852,1.308347061104154,1.1571564191113852,0.1533964421122172,0.8466035578877829,0.9516384005774705,4.150061139195877,0.420489106811395,0.579510893188605,True,0.7209012085053381,0.7209012085053381,0.0
PbSe/Cr,monotone_pointwise_corners,monotone_corner_pmpmm_nmmmp,original,2.8106854181890806,p,2.8106854181890806,309.894134846523,371.5290683721753,0.049206100688978266,1.394676696775049,1.2199491768678876,2.2857035514422193,1.2020635571298472,2.2857035514422193,0.2783861267314521,0.721613873268548,1.856332866500235,11.116897809259065,1.1263772444650402,-0.12637724446504017,True,0.6115691278123347,0.6115691278123347,1.8737334764065756e-16
PbSe/Cr,monotone_pointwise_corners,monotone_corner_pmpmm_nmmmp,original,2.8106854181890806,n,-2.8106854181890806,309.894134846523,365.1031815415635,0.31224623654072414,0.47557291835709786,0.648272158236615,1.3071402128710465,1.47370052078829,1.3071402128710465,0.19517836117512052,0.8048216388248794,0.5480356762070979,1.4128392121194722,0.14315054126825286,0.8568494587317471,True,0.6881856983833828,0.6881856983833828,0.0
PbSe/Cr,monotone_pointwise_corners,monotone_corner_pmpmm_nmmmp,alpha_preserving_flattened,2.8106854181890806,p,2.8106854181890806,309.894134846523,370.8396364860137,0.18517599973976837,0.8535396944896709,1.2199491768678876,2.278124989202095,1.3539823525138777,2.278124989202095,0.31252934837591345,0.6874706516240865,1.6860534879119893,5.958229054062502,0.6036948201697793,0.39630517983022073,True,0.5971802450612373,0.5971802450612373,0.0
PbSe/Cr,monotone_pointwise_corners,monotone_corner_pmpmm_nmmmp,alpha_preserving_flattened,2.8106854181890806,n,-2.8106854181890806,309.894134846523,365.5051688958708,0.1896085031121236,0.8777461580518254,0.648272158236615,1.3071406812183703,1.3348555478312731,1.3071406812183703,0.17678965835020743,0.8232103416497926,1.0810343038251666,4.773382827903038,0.48364479810114536,0.5163552018988546,True,0.6964814053644922,0.6964814053644922,0.0
PbSe/Cr,monotone_pointwise_corners,monotone_corner_pmpmp_nmmmp,original,2.6223059239042366,p,2.6223059239042366,309.894134846523,368.04331686215966,0.042802877418923614,1.3012018136988006,1.0619008521236584,1.9519258559852017,1.1865868930538392,1.9519258559852017,0.23467299628233257,0.7653270037176674,1.610554562221849,9.270506276842367,0.9392986689333905,0.060701331066609465,True,0.6525362284762602,0.6525362284762602,1.05998468473613e-16
PbSe/Cr,monotone_pointwise_corners,monotone_corner_pmpmp_nmmmp,original,2.6223059239042366,n,-2.6223059239042366,309.894134846523,363.73946107894284,0.2913175501790607,0.42892968815789734,0.5642864229860075,1.1377962990994204,1.4207560222067321,1.1377962990994204,0.16378882863953584,0.8362111713604642,0.4778641437124611,1.173393179786227,0.11888958585378696,0.881110414146213,True,0.719215908601084,0.719215908601084,2.5861537161932697e-16
PbSe/Cr,monotone_pointwise_corners,monotone_corner_pmpmp_nmmmp,alpha_preserving_flattened,2.6223059239042366,p,2.6223059239042366,309.894134846523,367.5319900960581,0.17063493582616435,0.7963332298460394,1.0619008521236584,1.9455605081505594,1.3115342753876496,1.9455605081505594,0.258538152856302,0.741461847143698,1.4683681395052122,5.062464283691239,0.512934873370656,0.487065126629344,True,0.6412953152336631,0.6412953152336631,1.0648897438766613e-16
PbSe/Cr,monotone_pointwise_corners,monotone_corner_pmpmp_nmmmp,alpha_preserving_flattened,2.6223059239042366,n,-2.6223059239042366,309.894134846523,363.9919225038098,0.17472645351933633,0.8189173128547695,0.5642864229860075,1.1377962782062043,1.3053356190889478,1.1377962782062043,0.15048283080580888,0.8495171691941912,0.9472288163409753,4.077663747694619,0.41315371741186985,0.5868462825881302,True,0.7243225389265562,0.7243225389265562,0.0
PbSe/Cr,monotone_pointwise_corners,monotone_corner_pmpmp_nmmmp,original,2.644446552035157,p,2.644446552035157,309.894134846523,368.40492991160886,0.043165629718502366,1.3121881083251317,1.079908214444849,1.9894806864454153,1.188593867787583,1.9894806864454153,0.23959263693789482,0.7604073630621052,1.6390718711967005,9.54239593484019,0.9668468509018404,0.033153149098159584,True,0.6479048947477352,0.6479048947477352,3.1332042190139756e-16
PbSe/Cr,monotone_pointwise_corners,monotone_corner_pmpmp_nmmmp,original,2.644446552035157,n,-2.644446552035157,309.894134846523,363.865879656238,0.293777407891778,0.4338962264990853,0.57385540492186,1.1570907172497855,1.4265667373344864,1.1570907172497855,0.16724754734088984,0.8327524526591101,0.48588905127036924,1.2000757799452786,0.12159309848455731,0.8784069015154427,True,0.7156407362727796,0.7156407362727796,2.5493555929648114e-16
PbSe/Cr,monotone_pointwise_corners,monotone_corner_pmpmp_nmmmp,alpha_preserving_flattened,2.644446552035157,p,2.644446552035157,309.894134846523,367.8739116211064,0.1720757479777795,0.8030568229057178,1.079908214444849,1.9829036728377292,1.3161913431069348,1.9829036728377292,0.2644361964615217,0.7355638035384783,1.4946602741991213,5.14680397713999,0.5214802709389154,0.47851972906108464,True,0.6362911045485774,0.6362911045485774,2.0981908234359885e-16
PbSe/Cr,monotone_pointwise_corners,monotone_corner_pmpmp_nmmmp,alpha_preserving_flattened,2.644446552035157,n,-2.644446552035157,309.894134846523,364.1364623100205,0.17620210540933312,0.8258315876266831,0.57385540492186,1.1570905158272349,1.308645999364093,1.1570905158272349,0.153422752615324,0.846577247384676,0.9637403358631063,4.138343713972556,0.4193018834185275,0.5806981165814725,True,0.7211415146059617,0.7211415146059617,2.530969821044663e-16
PbSe/Cr,monotone_pointwise_corners,monotone_corner_pmpmp_nmmmp,original,2.8106854181890806,p,2.8106854181890806,309.894134846523,371.52790650571984,0.04587846516197171,1.394676696775049,1.2199491768678876,2.2856912151720232,1.2079328493025556,2.2856912151720232,0.2797438873906457,0.7202561126093543,1.8607834853248637,11.123621777457512,1.1270585248816802,-0.12705852488168023,True,0.6113516391370242,0.6113516391370242,1.874088258547933e-16
PbSe/Cr,monotone_pointwise_corners,monotone_corner_pmpmp_nmmmp,original,2.8106854181890806,n,-2.8106854181890806,309.894134846523,365.1031815415635,0.31224623654072414,0.47557291835709786,0.648272158236615,1.3071402128710465,1.47370052078829,1.3071402128710465,0.19517836117512052,0.8048216388248794,0.5480356762070979,1.4128392121194722,0.14315054126825286,0.8568494587317471,True,0.6881856983833828,0.6881856983833828,0.0
PbSe/Cr,monotone_pointwise_corners,monotone_corner_pmpmp_nmmmp,alpha_preserving_flattened,2.8106854181890806,p,2.8106854181890806,309.894134846523,370.8395305047539,0.18289247886627702,0.8535396944896709,1.2199491768678876,2.2781237849545004,1.3569511206666534,2.2781237849545004,0.3132144407601752,0.6867855592398249,1.7020016690735087,5.960008087389491,0.603875073932209,0.39612492606779104,True,0.5971360387876068,0.5971360387876068,1.8806229324545613e-16
PbSe/Cr,monotone_pointwise_corners,monotone_corner_pmpmp_nmmmp,alpha_preserving_flattened,2.8106854181890806,n,-2.8106854181890806,309.894134846523,365.50700788840726,0.1872783494917475,0.8777461580518254,0.648272158236615,1.307140643856946,1.335736458100264,1.307140643856946,0.17690632196683195,0.823093678033168,1.0948630322108175,4.775829895221019,0.48389273785825565,0.5161072621417444,True,0.6966568944457276,0.6966568944457276,0.0
PbSe/Cr,monotone_pointwise_corners,monotone_corner_pmmmm_npppp,original,2.7971504400813165,p,2.7971504400813165,309.894134846523,369.2399971104255,0.41177902459423216,0.5248513619330246,1.2082280299887063,2.236936363896517,1.6455541217281595,2.236936363896517,0.37296326215944636,0.6270367378405537,1.0488531203166676,2.168457675501566,0.21971069836013105,0.780289301639869,True,0.5597129645611483,0.5597129645611483,1.9617307353418977e-16
PbSe/Cr,monotone_pointwise_corners,monotone_corner_pmmmm_npppp,original,2.7971504400813165,n,-2.7971504400813165,309.894134846523,364.82830181757106,0.3533696610979875,0.44523435632975505,0.6420436256645583,1.294581682590245,1.5131766949679661,1.294581682590245,0.1984811905542798,0.8015188094457202,0.530928684742281,1.27348203605493,0.12903070724033977,0.8709692927596602,True,0.6751995911283653,0.6751995911283653,3.178495786544625e-16
PbSe/Cr,monotone_pointwise_corners,monotone_corner_pmmmm_npppp,alpha_preserving_flattened,2.7971504400813165,p,2.7971504400813165,309.894134846523,369.4694761020329,0.3777017326120048,0.48681534922358805,1.2082280299887063,2.239860259629749,1.5785187359227137,2.239860259629749,0.35823739655502546,0.6417626034449746,1.068759751567281,2.18543801222159,0.22143116617524936,0.7785688338247506,True,0.569773502411376,0.569773502411376,1.97315128722642e-16
PbSe/Cr,monotone_pointwise_corners,monotone_corner_pmmmm_npppp,alpha_preserving_flattened,2.7971504400813165,n,-2.7971504400813165,309.894134846523,364.69123166303524,0.3884133881880253,0.4878145475692097,0.6420436256645583,1.2945817556751895,1.581141184325536,1.2945817556751895,0.20739600567461167,0.7926039943253883,0.512493323569079,1.2536007762574715,0.12701631446536046,0.8729836855346396,True,0.6622459305314363,0.6622459305314363,1.0530844624823282e-16
PbSe/Cr,monotone_pointwise_corners,monotone_corner_pmmmm_npppp,original,2.8033663638357553,p,2.8033663638357553,309.894134846523,369.3517701278222,0.41269409408205004,0.5260608536093211,1.2136039282429048,2.2483262057272277,1.6475666128356967,2.2483262057272277,0.3753207363519944,0.6246792636480056,1.0534001314349728,2.179516058361594,0.22083114680067922,0.7791688531993208,True,0.5582410124113854,0.5582410124113854,0.0
PbSe/Cr,monotone_pointwise_corners,monotone_corner_pmmmm_npppp,original,2.8033663638357553,n,-2.8033663638357553,309.894134846523,364.88097517246075,0.3541549312926264,0.4463362802443731,0.6449003390668799,1.3003417726215338,1.5147529228706116,1.3003417726215338,0.19957198087816116,0.8004280191218388,0.5332515277108874,1.2795571745142247,0.1296462474598266,0.8703537525401734,True,0.6741860253049718,0.6741860253049718,2.1112429111919824e-16
PbSe/Cr,monotone_pointwise_corners,monotone_corner_pmmmm_npppp,alpha_preserving_flattened,2.8033663638357553,p,2.8033663638357553,309.894134846523,369.5832742599029,0.3785410743714589,0.4880500731198596,1.2136039282429048,2.2512638728610157,1.5803703011593426,2.2512638728610157,0.36048360401859836,0.6395163959814016,1.0734061210412316,2.1965839945239636,0.2225604902949824,0.7774395097050176,True,0.5682879128415991,0.5682879128415991,1.9650241551599882e-16
PbSe/Cr,monotone_pointwise_corners,monotone_corner_pmmmm_npppp,alpha_preserving_flattened,2.8033663638357553,n,-2.8033663638357553,309.894134846523,364.7419884790817,0.3892765337563094,0.488968312834091,0.6449003390668799,1.3003416721215915,1.5829184734936679,1.3003416721215915,0.20855292380591509,0.7914470761940849,0.5147303434099336,1.259456826962149,0.12760965645422792,0.872390343545772,True,0.6612265483519505,0.6612265483519505,1.0492330535784808e-16
PbSe/Cr,monotone_pointwise_corners,monotone_corner_pmmmm_npppp,original,2.8106854181890806,p,2.8106854181890806,309.894134846523,369.4848274340073,0.4137715595695613,0.5274843923876751,1.2199491768678876,2.2617850563281046,1.649939999639387,2.2617850563281046,0.37811136934834644,0.6218886306516536,1.0587646828440802,2.192582357177457,0.22215503966252698,0.7778449603374731,True,0.5565056018595097,0.5565056018595097,3.8884284208013934e-16
PbSe/Cr,monotone_pointwise_corners,monotone_corner_pmmmm_npppp,original,2.8106854181890806,n,-2.8106854181890806,309.894134846523,364.9438533060269,0.3550795622024738,0.44763631533511566,0.648272158236615,1.307140692539163,1.516613087550282,1.307140692539163,0.2008618178612735,0.7991381821387264,0.5359922261076915,1.2867311231418266,0.13037312042616456,0.8696268795738354,True,0.6729917561148409,0.6729917561148409,1.0510842904659093e-16
PbSe/Cr,monotone_pointwise_corners,monotone_corner_pmmmm_npppp,alpha_preserving_flattened,2.8106854181890806,p,2.8106854181890806,309.894134846523,369.71872067904405,0.37952937284504834,0.48950616924275697,1.2199491768678876,2.2647379044675544,1.5825556544161354,2.2647379044675544,0.36314259729499243,0.6368574027050076,1.0788881794203178,2.209752002873198,0.223894688487139,0.776105311512861,True,0.5665361713645712,0.5665361713645712,1.9555121300432747e-16
PbSe/Cr,monotone_pointwise_corners,monotone_corner_pmmmm_npppp,alpha_preserving_flattened,2.8106854181890806,n,-2.8106854181890806,309.894134846523,364.80270463685065,0.39029286046472367,0.49032845017250465,0.648272158236615,1.3071406493695998,1.5850152512080826,1.3071406493695998,0.20992106476893577,0.7900789352310642,0.5173696163356145,1.266371109867848,0.12831021978227133,0.8716897802177287,True,0.6600255802583418,0.6600255802583418,1.0447259563093013e-16
PbSe/Cr,monotone_pointwise_corners,monotone_corner_pmmmm_nmmmp,original,2.693552753223163,p,2.693552753223163,309.894134846523,367.5246245100537,0.39652801991697606,0.5046481277761123,1.1203874319751501,2.0526183740655797,1.6124580540547602,2.0526183740655797,0.33534890504806003,0.66465109495194,0.9743032798145901,1.9895483512766254,0.2015833938650093,0.7984166061349907,True,0.5839669191246327,0.5839669191246327,0.0
PbSe/Cr,monotone_pointwise_corners,monotone_corner_pmmmm_nmmmp,original,2.693552753223163,n,-2.693552753223163,309.894134846523,364.17906511914344,0.2992329406554455,0.44537928823458334,0.5953657679842548,1.2004630781438765,1.4398197374218231,1.2004630781438765,0.17512864383570753,0.8248713561642924,0.503900588781171,1.2606202405955909,0.1277275349006339,0.8722724650993661,True,0.7076403811722559,0.7076403811722559,0.0
PbSe/Cr,monotone_pointwise_corners,monotone_corner_pmmmm_nmmmp,alpha_preserving_flattened,2.693552753223163,p,2.693552753223163,309.894134846523,367.82001223537327,0.34795581222417177,0.493012747023902,1.1203874319751501,2.056525314850102,1.5378983039651166,2.056525314850102,0.32045122228204137,0.6795487777179586,0.9985062589349013,2.0722016525703046,0.20995792418403167,0.7900420758159683,True,0.5996039732952873,0.5996039732952873,1.061706068776601e-16
PbSe/Cr,monotone_pointwise_corners,monotone_corner_pmmmm_nmmmp,alpha_preserving_flattened,2.693552753223163,n,-2.693552753223163,309.894134846523,364.00919156307043,0.35782387078573663,0.47706308517488394,0.5953657679842548,1.200463004381934,1.5260757143481363,1.200463004381934,0.18562014874258415,0.8143798512574159,0.4814925993782529,1.1976939859491977,0.12135177229768218,0.8786482277023178,True,0.6867654604241352,0.6867654604241352,1.2217439651436168e-16
PbSe/Cr,monotone_pointwise_corners,monotone_corner_pmmmm_nmmmp,original,2.6989688082284684,p,2.6989688082284684,309.894134846523,367.60744225518084,0.39732533772129425,0.5057053084657777,1.124897594726167,2.061988058470021,1.6141671166023017,2.061988058470021,0.33723675068896997,0.66276324931103,0.9781424171983231,1.998641525411363,0.20250472503140682,0.7974952749685932,True,0.5827125840359152,0.5827125840359152,2.0954423929563746e-16
PbSe/Cr,monotone_pointwise_corners,monotone_corner_pmmmm_nmmmp,original,2.6989688082284684,n,-2.6989688082284684,309.894134846523,364.2163289940445,0.29983460901301173,0.44668630043855384,0.5977624358094723,1.2052954056005336,1.4413136120023762,1.2052954056005336,0.17601603914177447,0.8239839608582256,0.5059050225900129,1.2674142810114881,0.12841591511728648,0.8715840848827136,True,0.7067521576685082,0.7067521576685082,0.0
PbSe/Cr,monotone_pointwise_corners,monotone_corner_pmmmm_nmmmp,alpha_preserving_flattened,2.6989688082284684,p,2.6989688082284684,309.894134846523,367.9050484475083,0.34865546357355287,0.4945658887790435,1.124897594726167,2.0659202564520434,1.5397624401691314,2.0659202564520434,0.322305361592642,0.677694638407358,1.0024524861737523,2.0821286479674743,0.21096373910768493,0.789036260892315,True,0.5983144780932322,0.5983144780932322,0.0
PbSe/Cr,monotone_pointwise_corners,monotone_corner_pmmmm_nmmmp,alpha_preserving_flattened,2.6989688082284684,n,-2.6989688082284684,309.894134846523,364.04390477454814,0.358543364311181,0.47822375126813677,0.5977624358094723,1.2052955481386483,1.527654743944814,1.2052955481386483,0.18656020921834923,0.8134397907816507,0.4834041119115995,1.203439673394426,0.12193393215047163,0.8780660678495283,True,0.6858800435809976,0.6858800435809976,1.2175732979479043e-16
PbSe/Cr,monotone_pointwise_corners,monotone_corner_pmmmm_nmmmp,original,2.8106854181890806,p,2.8106854181890806,309.894134846523,369.4848274340073,0.4137715595695613,0.5274843923876751,1.2199491768678876,2.2617850563281046,1.649939999639387,2.2617850563281046,0.37811136934834644,0.6218886306516536,1.0587646828440802,2.192582357177457,0.22215503966252698,0.7778449603374731,True,0.5565056018595097,0.5565056018595097,3.8884284208013934e-16
PbSe/Cr,monotone_pointwise_corners,monotone_corner_pmmmm_nmmmp,original,2.8106854181890806,n,-2.8106854181890806,309.894134846523,365.1031815415635,0.31224623654072414,0.47557291835709786,0.648272158236615,1.3071402128710465,1.47370052078829,1.3071402128710465,0.19517836117512052,0.8048216388248794,0.5480356762070979,1.4128392121194722,0.14315054126825286,0.8568494587317471,True,0.6881856983833828,0.6881856983833828,0.0
PbSe/Cr,monotone_pointwise_corners,monotone_corner_pmmmm_nmmmp,alpha_preserving_flattened,2.8106854181890806,p,2.8106854181890806,309.894134846523,369.82607132860886,0.36308712588692704,0.5286581327109093,1.2199491768678876,2.2660751385822637,1.5802872806130774,2.2660751385822637,0.3628361961518751,0.6371638038481249,1.0853742776615791,2.2965123465015966,0.23268534919678432,0.7673146508032157,True,0.5712711663254536,0.5712711663254536,1.9624965670662037e-16
PbSe/Cr,monotone_pointwise_corners,monotone_corner_pmmmm_nmmmp,alpha_preserving_flattened,2.8106854181890806,n,-2.8106854181890806,309.894134846523,364.88136581639554,0.37338430988365284,0.5031535331757345,0.648272158236615,1.3071406844211915,1.5612779545994364,1.3071406844211915,0.20677727811679772,0.7932227218832023,0.5235546313051658,1.3257354388254712,0.13432508385839081,0.8656749161416092,True,0.667449844683182,0.667449844683182,2.2724942390147037e-16
PbSe/Cr,monotone_pointwise_corners,monotone_corner_pmmmm_nmppp,original,2.7945816453022627,p,2.7945816453022627,309.894134846523,369.19399607034865,0.4114008626643823,0.5243513453209467,1.2060098692087016,2.232238551332856,1.644723295130981,2.232238551332856,0.3719920876728706,0.6280079123271294,1.046976437850917,2.163896684420349,0.21924857334520004,0.7807514266547999,True,0.5603207498853157,0.5603207498853157,0.0
PbSe/Cr,monotone_pointwise_corners,monotone_corner_pmmmm_nmppp,original,2.7945816453022627,n,-2.7945816453022627,309.894134846523,364.80157099317273,0.34098829066120345,1.1576754588429405,0.6408649110890371,1.2922051044361003,1.5806269817459886,1.2922051044361003,0.20694793540014153,0.7930520645998584,1.175435173886613,3.9505867597272823,0.40027812657731615,0.5997218734226839,True,0.6293950369965349,0.6293950369965349,0.0
PbSe/Cr,monotone_pointwise_corners,monotone_corner_pmmmm_nmppp,alpha_preserving_flattened,2.7945816453022627,p,2.7945816453022627,309.894134846523,369.4306351621507,0.4203279954363409,0.7685749870307024,1.2060098692087016,2.235257702694476,1.6040431675863547,2.235257702694476,0.3632820222668805,0.6367179777331196,1.5785258622829352,3.065095584989259,0.31055911264801545,0.6894408873519846,True,0.554457245929275,0.554457245929275,0.0
PbSe/Cr,monotone_pointwise_corners,monotone_corner_pmmmm_nmppp,alpha_preserving_flattened,2.7945816453022627,n,-2.7945816453022627,309.894134846523,364.66795951703597,0.4291857959537765,0.790371843742171,0.6408649110890371,1.292205118258054,1.6154086981940663,1.292205118258054,0.21150182956214042,0.7884981704378595,0.9610648933299738,2.2691265076138554,0.22991058358564,0.77008941641436,True,0.6396114821525776,0.6396114821525776,1.0723225127398654e-16
PbSe/Cr,monotone_pointwise_corners,monotone_corner_pmmmm_nmppp,original,2.8026603995769848,p,2.8026603995769848,309.894134846523,369.339046694783,0.4125901664313562,0.5259235207481707,1.2129927679387944,2.2470310984549315,1.6473378999036739,2.2470310984549315,0.3750524681960329,0.6249475318039671,1.052883295233736,2.1782578886583996,0.22070366755712867,0.7792963324428713,True,0.558408275423767,0.558408275423767,0.0
PbSe/Cr,monotone_pointwise_corners,monotone_corner_pmmmm_nmppp,original,2.8026603995769848,n,-2.8026603995769848,309.894134846523,364.8699495999284,0.34197429710529875,1.1610221406540053,0.6445755729070377,1.299687074487778,1.5824287311645693,1.299687074487778,0.2083834452336997,0.7916165547663003,1.1814575497565134,3.9857842222209032,0.40384437513837657,0.5961556248616234,True,0.6282362790147684,0.6282362790147684,2.1098232277893008e-16
PbSe/Cr,monotone_pointwise_corners,monotone_corner_pmmmm_nmppp,alpha_preserving_flattened,2.8026603995769848,p,2.8026603995769848,309.894134846523,369.5785495190917,0.4215429735307925,0.7707968324623277,1.2129927679387944,2.2500707507806545,1.6065524131723474,2.2500707507806545,0.3662615488495351,0.6337384511504649,1.5887458982438507,3.092060236177391,0.31329120302289976,0.6867087969771002,True,0.5526099829529043,0.5526099829529043,0.0
PbSe/Cr,monotone_pointwise_corners,monotone_corner_pmmmm_nmppp,alpha_preserving_flattened,2.8026603995769848,n,-2.8026603995769848,309.894134846523,364.73380889504915,0.430426545648641,0.7926567009128268,0.6445755729070377,1.2996870947493762,1.617596994008779,1.2996870947493762,0.2130146105335838,0.7869853894664162,0.9669347605398169,2.267821652805097,0.22977837415193522,0.7702216258480648,True,0.6383650891763671,0.6383650891763671,0.0
PbSe/Cr,monotone_pointwise_corners,monotone_corner_pmmmm_nmppp,original,2.8106854181890806,p,2.8106854181890806,309.894134846523,369.4848274340073,0.4137715595695613,0.5274843923876751,1.2199491768678876,2.2617850563281046,1.649939999639387,2.2617850563281046,0.37811136934834644,0.6218886306516536,1.0587646828440802,2.192582357177457,0.22215503966252698,0.7778449603374731,True,0.5565056018595097,0.5565056018595097,3.8884284208013934e-16
PbSe/Cr,monotone_pointwise_corners,monotone_corner_pmmmm_nmppp,original,2.8106854181890806,n,-2.8106854181890806,309.894134846523,364.93904345281976,0.34295376462287186,1.1643465620820206,0.648272158236615,1.3071406436131774,1.5842310352312288,1.3071406436131774,0.20981720146711785,0.7901827985328822,1.1874300308386834,3.9799020673222016,0.4032483882416726,0.5967516117583274,True,0.6270830203054286,0.6270830203054286,1.0499465544583965e-16
PbSe/Cr,monotone_pointwise_corners,monotone_corner_pmmmm_nmppp,alpha_preserving_flattened,2.8106854181890806,p,2.8106854181890806,309.894134846523,369.7273298047385,0.4227498447733466,0.7730038993362124,1.2199491768678876,2.264845566559172,1.6090615014783058,2.264845566559172,0.36924233838004167,0.6307576616199584,1.598944414318626,3.1190890434179255,0.3160297937649513,0.6839702062350488,True,0.5507716554961847,0.5507716554961847,1.924234828999906e-16
PbSe/Cr,monotone_pointwise_corners,monotone_corner_pmmmm_nmppp,alpha_preserving_flattened,2.8106854181890806,n,-2.8106854181890806,309.894134846523,364.8003946355123,0.4316590613409079,0.794926360404497,0.648272158236615,1.3071406947455757,1.6197778818481927,1.3071406947455757,0.21452507109392036,0.7854749289060796,0.9727902924958162,2.2867482112020583,0.23169603545099116,0.7683039645490088,True,0.6371260726336035,0.6371260726336035,3.186410322570203e-16
PbSe/Cr,monotone_pointwise_corners,monotone_corner_pmmmp_npppp,original,2.7989067521422992,p,2.7989067521422992,309.894134846523,369.2958029922407,0.4120375778908269,0.6705869614905643,1.2097457829374714,2.2404629330091663,1.7165495490716673,2.2404629330091663,0.3896676585075874,0.6103323414924127,1.0494749957225016,2.413390265374286,0.24452755827861833,0.7554724417213816,True,0.5605124448914727,0.5605124448914727,1.9645031465575997e-16
PbSe/Cr,monotone_pointwise_corners,monotone_corner_pmmmp_npppp,original,2.7989067521422992,n,-2.7989067521422992,309.894134846523,364.84305856420457,0.35359153954573863,0.44554537976234104,0.6428501485906135,1.2962079784886507,1.5136217273708472,1.2962079784886507,0.19878897671068893,0.801211023289311,0.5315845600150666,1.2751969363872584,0.12920446297183993,0.87079553702816,True,0.6749132737039455,0.6749132737039455,2.1168017567181368e-16
PbSe/Cr,monotone_pointwise_corners,monotone_corner_pmmmp_npppp,alpha_preserving_flattened,2.7989067521422992,p,2.7989067521422992,309.894134846523,369.51192591023624,0.3779388890047876,0.5615066380474847,1.2097457829374714,2.2432099393926226,1.6139436135585348,2.2432099393926226,0.3668246677804176,0.6331753322195823,1.0697849757020894,2.2984420937145162,0.23288087346852784,0.7671191265314722,True,0.5698085580002484,0.5698085580002484,1.973410665136465e-16
PbSe/Cr,monotone_pointwise_corners,monotone_corner_pmmmp_npppp,alpha_preserving_flattened,2.7989067521422992,n,-2.7989067521422992,309.894134846523,364.72999759700394,0.38865727035773157,0.530323350657176,0.6428501485906135,1.2962079930914738,1.5898049423924354,1.2962079930914738,0.20879437412485885,0.7912056258751412,0.5127809699885124,1.3217407706897462,0.13392033935462083,0.8660796606453791,True,0.6644093326846501,0.6644093326846501,2.1071681445315968e-16
PbSe/Cr,monotone_pointwise_corners,monotone_corner_pmmmp_npppp,original,2.8106854181890806,p,2.8106854181890806,309.894134846523,369.50640469704257,0.4137715595695613,0.6766908832911986,1.2199491768678876,2.262059705392638,1.7234982022116963,2.262059705392638,0.39501642387099284,0.6049835761290072,1.058105143331014,2.4402647648896236,0.24725051437930778,0.7527494856206922,True,0.5575774563705347,0.5575774563705347,0.0
PbSe/Cr,monotone_pointwise_corners,monotone_corner_pmmmp_npppp,original,2.8106854181890806,n,-2.8106854181890806,309.894134846523,364.9438533060269,0.3550795622024738,0.44763631533511566,0.648272158236615,1.307140692539163,1.516613087550282,1.307140692539163,0.2008618178612735,0.7991381821387264,0.5359922261076915,1.2867311231418266,0.13037312042616456,0.8696268795738354,True,0.6729917561148409,0.6729917561148409,1.0510842904659093e-16
PbSe/Cr,monotone_pointwise_corners,monotone_corner_pmmmp_npppp,alpha_preserving_flattened,2.8106854181890806,p,2.8106854181890806,309.894134846523,369.7276391261565,0.37952937284504834,0.5658143974112587,1.2199491768678876,2.2648494334393408,1.6189799521598105,2.2648494334393408,0.37151902734764936,0.6284809726523506,1.078602889333666,2.322613104680146,0.23532990890939737,0.7646700910906026,True,0.566910932722045,0.566910932722045,0.0
PbSe/Cr,monotone_pointwise_corners,monotone_corner_pmmmp_npppp,alpha_preserving_flattened,2.8106854181890806,n,-2.8106854181890806,309.894134846523,364.8275280360842,0.39029286046472367,0.5333013919511398,0.648272158236615,1.3071406946839177,1.5937929932828898,1.3071406946839177,0.21108360535628068,0.7889163946437193,0.5170227240764469,1.33555975991857,0.135320495700026,0.864679504299974,True,0.6624388811169302,0.6624388811169302,1.0463005240994132e-16
PbSe/Cr,monotone_pointwise_corners,monotone_corner_pmmmp_npppp,original,2.8107659777023457,p,2.8107659777023457,309.894134846523,369.5078579924811,0.4137834190381543,0.6767330100406141,1.2200191099309645,2.26220786021857,1.7235461120059241,2.26220786021857,0.3950532770694034,0.6049467229305966,1.058164272786642,2.4404494520181905,0.24726922709777768,0.7527307729022223,True,0.5575573520520628,0.5575573520520628,3.8981698267266404e-16
PbSe/Cr,monotone_pointwise_corners,monotone_corner_pmmmp_npppp,original,2.8107659777023457,n,-2.8107659777023457,309.894134846523,364.9445501603253,0.3550897394483926,0.4476506391905232,0.6483093201599087,1.3072156177206038,1.51663358744968,1.3072156177206038,0.20087604642542944,0.7991239535745706,0.5360224262889691,1.286810209944549,0.13038113359462689,0.8696188664053731,True,0.6729786061695957,0.6729786061695957,2.1020690368075397e-16
PbSe/Cr,monotone_pointwise_corners,monotone_corner_pmmmp_npppp,alpha_preserving_flattened,2.8107659777023457,p,2.8107659777023457,309.894134846523,369.72912685862923,0.37954025086837617,0.5658440731786368,1.2200191099309645,2.264997863105343,1.6190146177416684,2.264997863105343,0.3715513307824618,0.6284486692175382,1.0786633069087153,2.3227791367811816,0.23534673147839694,0.7646532685216031,True,0.566891083820904,0.566891083820904,0.0
PbSe/Cr,monotone_pointwise_corners,monotone_corner_pmmmp_npppp,alpha_preserving_flattened,2.8107659777023457,n,-2.8107659777023457,309.894134846523,364.8282048126317,0.39030404698978494,0.5333218650532248,0.6483093201599087,1.3072156208724817,1.593820373099971,1.3072156208724817,0.2110993312306546,0.7889006687693454,0.5170517860517323,1.3356545864564753,0.13533010363708725,0.8646698963629127,True,0.6624253936823761,0.6624253936823761,3.1387529282623525e-16
PbSe/Cr,monotone_pointwise_corners,monotone_corner_pmmmp_nmmmp,original,2.6920953353915897,p,2.6920953353915897,309.894134846523,367.5440729233023,0.3963134679627758,0.6197371239109514,1.119175329583425,2.0506568019415785,1.6582593122801121,2.0506568019415785,0.34454478618563916,0.6554552138143608,0.9726092871227379,2.1804087204096363,0.2209215923759795,0.7790784076240205,True,0.5866925745163428,0.5866925745163428,1.0555396701229743e-16
PbSe/Cr,monotone_pointwise_corners,monotone_corner_pmmmp_nmmmp,original,2.6920953353915897,n,-2.6920953353915897,309.894134846523,364.1691168553104,0.2990707930453212,0.4450288442383972,0.5947216655508198,1.1991643533811702,1.4394188816154416,1.1991643533811702,0.17489047607891053,0.8251095239210895,0.5033618167470968,1.2587959943356861,0.12754270011032523,0.8724572998896748,True,0.7078791960992326,0.7078791960992326,0.0
PbSe/Cr,monotone_pointwise_corners,monotone_corner_pmmmp_nmmmp,alpha_preserving_flattened,2.6920953353915897,p,2.6920953353915897,309.894134846523,367.8160738924237,0.3469281215669929,0.5522372340098803,1.119175329583425,2.054248864017477,1.5610833655486398,2.054248864017477,0.32492221572334923,0.6750777842766508,0.9971684987315766,2.190019063454266,0.22189532370847026,0.7781046762915298,True,0.6010038237482657,0.6010038237482657,1.0642590020575893e-16
PbSe/Cr,monotone_pointwise_corners,monotone_corner_pmmmp_nmmmp,alpha_preserving_flattened,2.6920953353915897,n,-2.6920953353915897,309.894134846523,364.0205266129904,0.35605802724651936,0.5132281886146915,0.5947216655508198,1.199164396481008,1.5295034364975835,1.199164396481008,0.18583582388984207,0.8141641761101579,0.48067309318026397,1.2418109319047346,0.12582175348058222,0.8741782465194178,True,0.6897485538737363,0.6897485538737363,0.0
PbSe/Cr,monotone_pointwise_corners,monotone_corner_pmmmp_nmmmp,original,2.7008657197707127,p,2.7008657197707127,309.894134846523,367.67731470216535,0.3976045891957284,0.6236281964918994,1.1264793700199112,2.0658183939075707,1.6627514692899255,2.0658183939075707,0.348032446911128,0.651967553088872,0.9788252479305186,2.1989160820728126,0.22279678016578933,0.7772032198342107,True,0.5845734074261976,0.5845734074261976,1.0492455336559991e-16
PbSe/Cr,monotone_pointwise_corners,monotone_corner_pmmmp_nmmmp,original,2.7008657197707127,n,-2.7008657197707127,309.894134846523,364.229521382109,0.30004504836199675,0.4471461715844316,0.5986029797460267,1.2069904591864977,1.441838402910248,1.2069904591864977,0.17632775593409628,0.8236722440659037,0.5066078905412998,1.269799329900165,0.12865757109373208,0.8713424289062679,True,0.7064407909598202,0.7064407909598202,2.4592230470839184e-16
PbSe/Cr,monotone_pointwise_corners,monotone_corner_pmmmp_nmmmp,alpha_preserving_flattened,2.7008657197707127,p,2.7008657197707127,309.894134846523,367.9532978463573,0.3480596821712776,0.5558843819684988,1.1264793700199112,2.0694569389656183,1.5649562488820565,2.0694569389656183,0.32813975482838154,0.6718602451716185,1.0035588601464933,2.2083346592782824,0.22375108155647427,0.7762489184435257,True,0.5988660265220925,0.5988660265220925,2.1158053303041378e-16
PbSe/Cr,monotone_pointwise_corners,monotone_corner_pmmmp_nmmmp,alpha_preserving_flattened,2.7008657197707127,n,-2.7008657197707127,309.894134846523,364.07721322429927,0.35721861174728375,0.5155596298230952,0.5986029797460267,1.2069904013007327,1.5324099931266266,1.2069904013007327,0.18740408200727982,0.8125959179927202,0.4837664753772043,1.2528907957717363,0.1269443784021828,0.8730556215978171,True,0.688292464570235,0.688292464570235,2.436366912446212e-16
PbSe/Cr,monotone_pointwise_corners,monotone_corner_pmmmp_nmmmp,original,2.8106854181890806,p,2.8106854181890806,309.894134846523,369.50640469704257,0.4137715595695613,0.6766908832911986,1.2199491768678876,2.262059705392638,1.7234982022116963,2.262059705392638,0.39501642387099284,0.6049835761290072,1.058105143331014,2.4402647648896236,0.24725051437930778,0.7527494856206922,True,0.5575774563705347,0.5575774563705347,0.0
PbSe/Cr,monotone_pointwise_corners,monotone_corner_pmmmp_nmmmp,original,2.8106854181890806,n,-2.8106854181890806,309.894134846523,365.1031815415635,0.31224623654072414,0.47557291835709786,0.648272158236615,1.3071402128710465,1.47370052078829,1.3071402128710465,0.19517836117512052,0.8048216388248794,0.5480356762070979,1.4128392121194722,0.14315054126825286,0.8568494587317471,True,0.6881856983833828,0.6881856983833828,0.0
PbSe/Cr,monotone_pointwise_corners,monotone_corner_pmmmp_nmmmp,alpha_preserving_flattened,2.8106854181890806,p,2.8106854181890806,309.894134846523,369.83361754192447,0.362210688226366,0.6058278446371154,1.2199491768678876,2.2661687092309526,1.61747588118245,2.2661687092309526,0.3713900862598762,0.6286099137401238,1.0851018690877767,2.448674087298218,0.2481025568793766,0.7518974431206233,True,0.5715845358846879,0.5715845358846879,3.9300791050903713e-16
PbSe/Cr,monotone_pointwise_corners,monotone_corner_pmmmp_nmmmp,alpha_preserving_flattened,2.8106854181890806,n,-2.8106854181890806,309.894134846523,364.90583761574453,0.3717428389377018,0.5467381048308307,0.648272158236615,1.307140595748261,1.5706066016723839,1.307140595748261,0.20801275973833266,0.7919872402616673,0.523220194524945,1.3970693218138739,0.1415527173165798,0.8584472826834202,True,0.6698414365329342,0.6698414365329342,0.0
PbSe/Cr,monotone_pointwise_corners,monotone_corner_pmmmm_nmmmm,original,2.6946428289080213,p,2.6946428289080213,309.894134846523,367.54121270017816,0.3966884940537307,0.5048608930773529,1.121294452805603,2.0545015012455896,1.6128018433318956,2.0545015012455896,0.33572812786410217,0.6642718721358978,0.9750754505511536,1.991375783318658,0.201768551442534,0.798231448557466,True,0.5837145871344123,0.5837145871344123,0.0
PbSe/Cr,monotone_pointwise_corners,monotone_corner_pmmmm_nmmmm,original,2.6946428289080213,n,-2.6946428289080213,309.894134846523,364.1536711387798,0.30799874693818796,0.38681992986359715,0.5958477522852998,1.2014349793562447,1.4328611106866027,1.2014349793562447,0.17442334960741837,0.8255766503925817,0.5046966656767291,1.1826795845512657,0.11983049537636253,0.8801695046236375,True,0.7031620089552777,0.7031620089552777,2.462181592463771e-16
PbSe/Cr,monotone_pointwise_corners,monotone_corner_pmmmm_nmmmm,alpha_preserving_flattened,2.6946428289080213,p,2.6946428289080213,309.894134846523,367.8222817963757,0.3480966292806994,0.4463911004199718,1.121294452805603,2.0582199692559846,1.519868806201124,2.0582199692559846,0.31695539156839253,0.6830446084316075,0.9995168261362188,2.0120028500267244,0.20385851025646473,0.7961414897435353,True,0.5985300264255663,0.5985300264255663,2.1195078069578945e-16
PbSe/Cr,monotone_pointwise_corners,monotone_corner_pmmmm_nmmmm,alpha_preserving_flattened,2.6946428289080213,n,-2.6946428289080213,309.894134846523,363.9998958584816,0.35796868142682725,0.44867395319314457,0.5958477522852998,1.201434933039908,1.5234641876296602,1.201434933039908,0.18545252878134752,0.8145474712186525,0.48211642777110647,1.1631630610586536,0.1178530581155076,0.8821469418844924,True,0.6844391504686167,0.6844391504686167,2.438572584243377e-16
PbSe/Cr,monotone_pointwise_corners,monotone_corner_pmmmm_nmmmm,original,2.702950822406343,p,2.702950822406343,309.894134846523,367.6688190312712,0.3979115449880145,0.506482575944949,1.12821935416471,2.0688961512588446,1.6154251622268219,2.0688961512588446,0.33863027989337413,0.6613697201066259,0.9809691883639695,2.005344787306487,0.20318390746088538,0.7968160925391146,True,0.5817893834727008,0.5817893834727008,0.0
PbSe/Cr,monotone_pointwise_corners,monotone_corner_pmmmm_nmmmm,original,2.702950822406343,n,-2.702950822406343,309.894134846523,364.210779334924,0.3089483538989333,0.38811823627590847,0.5995275947203508,1.2088547878617462,1.4346409554355863,1.2088547878617462,0.17571855135849598,0.824281448641504,0.507776528912472,1.1904440630290267,0.12061720152609474,0.8793827984739052,True,0.7018369002741779,0.7018369002741779,0.0
PbSe/Cr,monotone_pointwise_corners,monotone_corner_pmmmm_nmmmm,alpha_preserving_flattened,2.702950822406343,p,2.702950822406343,309.894134846523,367.953702609018,0.3491698641086427,0.4479307735229164,1.12821935416471,2.0726587658385647,1.5221095550641663,2.0726587658385647,0.3196494594577842,0.6803505405422158,1.0055753434845407,2.0261295704418067,0.20528984628990526,0.7947101537100947,True,0.5965882233270626,0.5965882233270626,5.268870134943883e-16
PbSe/Cr,monotone_pointwise_corners,monotone_corner_pmmmm_nmmmm,alpha_preserving_flattened,2.702950822406343,n,-2.702950822406343,309.894134846523,364.0533895299669,0.35907235329234943,0.45012389613432824,0.5995275947203508,1.20885481409754,1.52563127070012,1.20885481409754,0.1868632856165974,0.8131367143834026,0.485052586791115,1.1706691305565335,0.11861358196153443,0.8813864180384656,True,0.6830967441017921,0.6830967441017921,1.2129160290893438e-16
PbSe/Cr,monotone_pointwise_corners,monotone_corner_pmmmm_nmmmm,original,2.8106854181890806,p,2.8106854181890806,309.894134846523,369.4848274340073,0.4137715595695613,0.5274843923876751,1.2199491768678876,2.2617850563281046,1.649939999639387,2.2617850563281046,0.37811136934834644,0.6218886306516536,1.0587646828440802,2.192582357177457,0.22215503966252698,0.7778449603374731,True,0.5565056018595097,0.5565056018595097,3.8884284208013934e-16
PbSe/Cr,monotone_pointwise_corners,monotone_corner_pmmmm_nmmmm,original,2.8106854181890806,n,-2.8106854181890806,309.894134846523,365.06550310223014,0.3212624610403321,0.4052403553442878,0.648272158236615,1.3071406422839007,1.4581421085122241,1.3071406422839007,0.1931178530368953,0.8068821469631047,0.5484633858599317,1.2936661238609304,0.13107578290758462,0.8689242170924154,True,0.6845096083342475,0.6845096083342475,1.1456695405638839e-16
PbSe/Cr,monotone_pointwise_corners,monotone_corner_pmmmm_nmmmm,alpha_preserving_flattened,2.8106854181890806,p,2.8106854181890806,309.894134846523,369.82000392660933,0.36308712588692704,0.46813321050027445,1.2199491768678876,2.2659998636513743,1.551736820055217,2.2659998636513743,0.3562691349898314,0.6437308650101685,1.085587195591845,2.2153478769407178,0.22446166907117357,0.7755383309288264,True,0.5710431944569828,0.5710431944569828,0.0
PbSe/Cr,monotone_pointwise_corners,monotone_corner_pmmmm_nmmmm,alpha_preserving_flattened,2.8106854181890806,n,-2.8106854181890806,309.894134846523,364.8620467388548,0.37338430988365284,0.46910232888422915,0.648272158236615,1.3071405733105501,1.5541864402041259,1.3071405733105501,0.20583805306884162,0.7941619469311584,0.5238160882656228,1.2703581931463606,0.1287141957793308,0.8712858042206693,True,0.6655693142195728,0.6655693142195728,3.404353477775828e-16
PbSe/Cr,monotone_pointwise_corners,monotone_corner_pmmmp_nmmmm,original,2.6932133065167387,p,2.6932133065167387,309.894134846523,367.56093648454726,0.3964780486920929,0.6202302530918239,1.1201050630039586,2.052584932583904,1.6588292190513318,2.052584932583904,0.3449872682210924,0.6550127317789076,0.9734006836807878,2.1827618430106015,0.2211600135431648,0.7788399864568352,True,0.5864227568225672,0.5864227568225672,2.1094688979138586e-16
PbSe/Cr,monotone_pointwise_corners,monotone_corner_pmmmp_nmmmm,original,2.6932133065167387,n,-2.6932133065167387,309.894134846523,364.1440312560306,0.30783535196037803,0.38659695103827324,0.595215719157759,1.200160354252957,1.4325553147032841,1.200160354252957,0.17420111527382826,0.8257988847261717,0.5041675658491983,1.1813463896076344,0.11969541448664783,0.8803045855133522,True,0.7033898336946445,0.7033898336946445,2.4644086744825566e-16
PbSe/Cr,monotone_pointwise_corners,monotone_corner_pmmmp_nmmmm,alpha_preserving_flattened,2.6932133065167387,p,2.6932133065167387,309.894134846523,367.81898177581286,0.3479119621624645,0.5057118813115722,1.1201050630039586,2.055993507583388,1.5427874612798824,2.055993507583388,0.32138684338983137,0.6786131566101686,0.998198934754611,2.0959016481974633,0.2123592357932936,0.7876407642067064,True,0.5999170217741938,0.5999170217741938,4.2490992410497883e-16
PbSe/Cr,monotone_pointwise_corners,monotone_corner_pmmmp_nmmmm,alpha_preserving_flattened,2.6932133065167387,n,-2.6932133065167387,309.894134846523,364.0115897997243,0.3577787771322811,0.48477139790680623,0.595215719157759,1.2001603219934185,1.5267245449916431,1.2001603219934185,0.18565224572832767,0.8143477542716724,0.48130670612899645,1.207185072295984,0.1223134204003902,0.8776865795996098,True,0.6874185395214166,0.6874185395214166,0.0
PbSe/Cr,monotone_pointwise_corners,monotone_corner_pmmmp_nmmmm,original,2.7050100295958193,p,2.7050100295958193,309.894134846523,367.7408379115399,0.3982146886143886,0.6254822000573261,1.1299390468427413,2.0730084916724163,1.664891226691534,2.0730084916724163,0.34969321062772435,0.6503067893722756,0.9817684994674368,2.2076992859412896,0.22368670477791538,0.7763132952220846,True,0.5835700702486482,0.5835700702486482,0.0
PbSe/Cr,monotone_pointwise_corners,monotone_corner_pmmmp_nmmmm,original,2.7050100295958193,n,-2.7050100295958193,309.894134846523,364.2251643480093,0.3091837220995871,0.388440569247311,0.6004414269561765,1.2106972494248427,1.4350828044565331,1.2106972494248427,0.17604057198692208,0.823959428013078,0.508541186057811,1.192372862804093,0.12081262980231354,0.8791873701976864,True,0.7015081868664025,0.7015081868664025,1.2230621112204131e-16
PbSe/Cr,monotone_pointwise_corners,monotone_corner_pmmmp_nmmmm,alpha_preserving_flattened,2.7050100295958193,p,2.7050100295958193,309.894134846523,368.00482649642396,0.34943587453271724,0.5094348379975672,1.1299390468427413,2.0764873141031295,1.5471039142711924,2.0764873141031295,0.32549852263874346,0.6745014773612565,1.0068020162853064,2.1181486180048132,0.21461332510662964,0.7853866748933703,True,0.5970915027003603,0.5970915027003603,4.215055883300755e-16
PbSe/Cr,monotone_pointwise_corners,monotone_corner_pmmmp_nmmmm,alpha_preserving_flattened,2.7050100295958193,n,-2.7050100295958193,309.894134846523,364.0879901557557,0.35934590779630576,0.48743546791084186,0.6004414269561765,1.2106971044310728,1.5302697333315478,1.2106971044310728,0.18771706137872393,0.8122829386212761,0.4854732708656377,1.2202349190886561,0.12363564632377491,0.8763643536762251,True,0.6854826790571121,0.6854826790571121,1.213391136746271e-16
PbSe/Cr,monotone_pointwise_corners,monotone_corner_pmmmp_nmmmm,original,2.8106854181890806,p,2.8106854181890806,309.894134846523,369.50640469704257,0.4137715595695613,0.6766908832911986,1.2199491768678876,2.262059705392638,1.7234982022116963,2.262059705392638,0.39501642387099284,0.6049835761290072,1.058105143331014,2.4402647648896236,0.24725051437930778,0.7527494856206922,True,0.5575774563705347,0.5575774563705347,0.0
PbSe/Cr,monotone_pointwise_corners,monotone_corner_pmmmp_nmmmm,original,2.8106854181890806,n,-2.8106854181890806,309.894134846523,365.06550310223014,0.3212624610403321,0.4052403553442878,0.648272158236615,1.3071406422839007,1.4581421085122241,1.3071406422839007,0.1931178530368953,0.8068821469631047,0.5484633858599317,1.2936661238609304,0.13107578290758462,0.8689242170924154,True,0.6845096083342475,0.6845096083342475,1.1456695405638839e-16
PbSe/Cr,monotone_pointwise_corners,monotone_corner_pmmmp_nmmmm,alpha_preserving_flattened,2.8106854181890806,p,2.8106854181890806,309.894134846523,369.82797937099775,0.36308712588692704,0.5452140286271175,1.2199491768678876,2.2660988030522606,1.5881421093973043,2.2660988030522606,0.3646434838649557,0.6353565161350443,1.0853149322661202,2.3273492834818854,0.23580978415153137,0.7641902158484686,True,0.5713434983448639,0.5713434983448639,1.9630462962354585e-16
PbSe/Cr,monotone_pointwise_corners,monotone_corner_pmmmp_nmmmm,alpha_preserving_flattened,2.8106854181890806,n,-2.8106854181890806,309.894134846523,364.886802672447,0.37338430988365284,0.5124460143392773,0.648272158236615,1.3071406688546534,1.5631822515113218,1.3071406688546534,0.20702948271733193,0.7929705172826681,0.5234821996558555,1.3410684894461122,0.13587864669612207,0.864121353303878,True,0.667973046599567,0.667973046599567,2.273304534804235e-16
PbSe/Cr,monotone_pointwise_corners,monotone_corner_pmmmp_nmppp,original,2.796256314639235,p,2.796256314639235,309.894134846523,369.24888584229836,0.41164739702886083,0.6692278308926586,1.2074557191807573,2.2356206101511154,1.7150013389927345,2.2356206101511154,0.3884747740715655,0.6115252259284345,1.0475372091775785,2.4073871917102463,0.2439193197494857,0.7560806802505143,True,0.5611716227305638,0.5611716227305638,9.839855902173409e-17
PbSe/Cr,monotone_pointwise_corners,monotone_corner_pmmmp_nmppp,original,2.796256314639235,n,-2.796256314639235,309.894134846523,364.81563358577944,0.3411929198590667,1.1583692026082546,0.6416332252939594,1.2937540986770661,1.5809999298808695,1.2937540986770661,0.20724489616481137,0.7927551038351887,1.176684704536412,3.9578574508066713,0.4010148016033776,0.5989851983966223,True,0.6291548460980075,0.6291548460980075,1.0588999602991871e-16
PbSe/Cr,monotone_pointwise_corners,monotone_corner_pmmmp_nmppp,alpha_preserving_flattened,2.796256314639235,p,2.796256314639235,309.894134846523,369.47231889547106,0.39740515102138274,0.7690355600707164,1.2074557191807573,2.2384644017032675,1.6395908905653132,2.2384644017032675,0.37186554726370963,0.6281344527362904,1.6145867196774693,3.0812060318213117,0.31219144219004596,0.687808557809954,True,0.554565590792592,0.554565590792592,3.890143738689596e-16
PbSe/Cr,monotone_pointwise_corners,monotone_corner_pmmmp_nmppp,alpha_preserving_flattened,2.796256314639235,n,-2.796256314639235,309.894134846523,364.70632966527995,0.4064954519592728,0.7908454786755952,0.6416332252939594,1.293753936751849,1.623719553621407,1.293753936751849,0.21284475844308268,0.7871552415569173,0.9641247573067162,2.2659537478646095,0.22958911581243366,0.7704108841875663,True,0.6418203703096517,0.6418203703096517,0.0
PbSe/Cr,monotone_pointwise_corners,monotone_corner_pmmmp_nmppp,original,2.809937664224383,p,2.809937664224383,309.894134846523,369.49291973144483,0.4136614798992627,0.6763000502541724,1.2193001533349028,2.260684769263905,1.7230537591737307,2.260684769263905,0.3946745210534505,0.6053254789465494,1.0575563707016933,2.438550985492648,0.24707687222230437,0.7529231277776957,True,0.5577640420779295,0.5577640420779295,0.0
PbSe/Cr,monotone_pointwise_corners,monotone_corner_pmmmp_nmppp,original,2.809937664224383,n,-2.809937664224383,309.894134846523,364.9325590348171,0.3428621430748066,1.1640367996474044,0.6479272718311381,1.3064450155697507,1.5840626266764863,1.3064450155697507,0.2096832495883424,0.7903167504116576,1.1868739455549737,3.9766386452496283,0.4029177344545549,0.5970822655454451,True,0.6271905482112108,0.6271905482112108,0.0
PbSe/Cr,monotone_pointwise_corners,monotone_corner_pmmmp_nmppp,alpha_preserving_flattened,2.809937664224383,p,2.809937664224383,309.894134846523,369.7229024763887,0.39934894634548396,0.7727982495944395,1.2193001533349028,2.2635853213898485,1.6456544227797754,2.2635853213898485,0.3774294332479453,0.6225705667520547,1.6317428254365938,3.1006111695630936,0.3141575937147859,0.6858424062852141,True,0.5513420163420237,0.5513420163420237,0.0
PbSe/Cr,monotone_pointwise_corners,monotone_corner_pmmmp_nmppp,alpha_preserving_flattened,2.809937664224383,n,-2.809937664224383,309.894134846523,364.81932619990863,0.4084848672196574,0.7947148784172962,0.6479272718311381,1.3064451727136128,1.6281605389195237,1.3064451727136128,0.21552054064491452,0.7844794593550855,0.9741068913240556,2.2983084402136336,0.23286733153762046,0.7671326684623796,True,0.6396659607376223,0.6396659607376223,1.0642254638799876e-16
PbSe/Cr,monotone_pointwise_corners,monotone_corner_pmmmp_nmppp,original,2.8106854181890806,p,2.8106854181890806,309.894134846523,369.50640469704257,0.4137715595695613,0.6766908832911986,1.2199491768678876,2.262059705392638,1.7234982022116963,2.262059705392638,0.39501642387099284,0.6049835761290072,1.058105143331014,2.4402647648896236,0.24725051437930778,0.7527494856206922,True,0.5575774563705347,0.5575774563705347,0.0
PbSe/Cr,monotone_pointwise_corners,monotone_corner_pmmmp_nmppp,original,2.8106854181890806,n,-2.8106854181890806,309.894134846523,364.93904345281976,0.34295376462287186,1.1643465620820206,0.648272158236615,1.3071406436131774,1.5842310352312288,1.3071406436131774,0.20981720146711785,0.7901827985328822,1.1874300308386834,3.9799020673222016,0.4032483882416726,0.5967516117583274,True,0.6270830203054286,0.6270830203054286,1.0499465544583965e-16
PbSe/Cr,monotone_pointwise_corners,monotone_corner_pmmmp_nmppp,alpha_preserving_flattened,2.8106854181890806,p,2.8106854181890806,309.894134846523,369.73672648964185,0.39945531985228216,0.7730038993362124,1.2199491768678876,2.2649629939279254,1.6459895678593597,2.2649629939279254,0.377736057909411,0.622263942090589,1.6326841226919866,3.103112647404608,0.31441104641054324,0.6855889535894568,True,0.551165366213761,0.551165366213761,1.9266577689991383e-16
PbSe/Cr,monotone_pointwise_corners,monotone_corner_pmmmp_nmppp,alpha_preserving_flattened,2.8106854181890806,n,-2.8106854181890806,309.894134846523,364.82561514575434,0.40859383529967963,0.794926360404497,0.648272158236615,1.3071406955986171,1.628404487682907,1.3071406955986171,0.21566758790360488,0.7843324120963951,0.9746545223468474,2.3000896754911726,0.2330478084042862,0.7669521915957138,True,0.6395481277712133,0.6395481277712133,5.318774028500506e-16
PbSe/Cr,monotone_pointwise_corners,monotone_corner_pmppp_nmmmp,original,2.8031862381184296,p,2.8031862381184296,309.894134846523,369.1013883002922,0.4708607467338175,1.248483693760464,1.2134479769851523,2.244802613416153,1.794704037556577,2.244802613416153,0.4081983583223307,0.5918016416776692,1.9170450118111573,4.599518634264372,0.4660286722086551,0.5339713277913449,True,0.5139820605056331,0.5139820605056331,0.0
PbSe/Cr,monotone_pointwise_corners,monotone_corner_pmppp_nmmmp,original,2.8031862381184296,n,-2.8031862381184296,309.894134846523,365.03672222874013,0.3114118523868678,0.47351370127721776,0.6448174676978427,1.3001745129210238,1.4714265223366232,1.3001745129210238,0.19383869750310714,0.8061613024968929,0.5451609778891116,1.4027565920468792,0.14212895826828173,0.8578710417317182,True,0.689445922481565,0.689445922481565,2.307939596963826e-16
PbSe/Cr,monotone_pointwise_corners,monotone_corner_pmppp_nmmmp,alpha_preserving_flattened,2.8031862381184296,p,2.8031862381184296,309.894134846523,369.56951463771924,0.40678279123137645,0.7800264327095575,1.2134479769851523,2.2508014510701653,1.6435336282385107,2.2508014510701653,0.3748141997376862,0.6251858002623139,1.6056243400099428,2.965647465995895,0.30048291152060375,0.6995170884793962,True,0.5507855054286335,0.5507855054286335,1.8576583756708754e-16
PbSe/Cr,monotone_pointwise_corners,monotone_corner_pmppp_nmmmp,alpha_preserving_flattened,2.8031862381184296,n,-2.8031862381184296,309.894134846523,364.74087607065366,0.4158500578214107,0.8021480534646304,0.6448174676978427,1.3001746262842644,1.6334339601975818,1.3001746262842644,0.21518080182884614,0.7848191981711539,0.9528740096696318,2.167113652535278,0.21957452036234426,0.7804254796376557,True,0.6374354564430186,0.6374354564430186,0.0
PbSe/Cr,monotone_pointwise_corners,monotone_corner_pmppp_nmmmp,original,2.80964111541354,p,2.80964111541354,309.894134846523,369.2167562878294,0.47194527826525223,1.2513585684079576,1.2190428074619137,2.25665745295643,1.7973120205129784,2.25665745295643,0.4109503685812494,0.5890496314187506,1.9271225369179996,4.586980737016253,0.46475831761908964,0.5352416823809103,True,0.51260275927767,0.51260275927767,0.0
PbSe/Cr,monotone_pointwise_corners,monotone_corner_pmppp_nmmmp,original,2.80964111541354,n,-2.80964111541354,309.894134846523,365.0938408208126,0.3121299126628415,0.475284753043018,0.6477905200978206,1.3061694636886896,1.4733829270828582,1.3061694636886896,0.19499138055254506,0.8050086194474549,0.5476349590994029,1.4114323396338408,0.14300799528277486,0.8569920047172251,True,0.6883613082401303,0.6883613082401303,0.0
PbSe/Cr,monotone_pointwise_corners,monotone_corner_pmppp_nmmmp,alpha_preserving_flattened,2.80964111541354,p,2.80964111541354,309.894134846523,369.6882295016522,0.407718823931452,0.781822594106762,1.2190428074619137,2.2626736877107065,1.6462661820481936,2.2626736877107065,0.3774176777214362,0.6225823222785638,1.6136386371320979,2.9861694767189553,0.302562225937785,0.6974377740622151,True,0.5492776629059904,0.5492776629059904,0.0
PbSe/Cr,monotone_pointwise_corners,monotone_corner_pmppp_nmmmp,alpha_preserving_flattened,2.80964111541354,n,-2.80964111541354,309.894134846523,364.7943690605807,0.41680816990115677,0.803995154162835,0.6477905200978206,1.3061695281761525,1.6354749985371226,1.3061695281761525,0.21644308326556058,0.7835569167344394,0.9575097566626896,2.1746514173740388,0.22033825561782514,0.7796617443821748,True,0.6364264155482591,0.6364264155482591,1.1106499560270596e-16
PbSe/Cr,monotone_pointwise_corners,monotone_corner_pmppp_nmmmp,original,2.8106854181890806,p,2.8106854181890806,309.894134846523,369.2354957141051,0.47212023634106287,1.2518236802042708,1.2199491768678876,2.258578700653927,1.7977362983841496,2.258578700653927,0.4113973314345521,0.588602668565448,1.9287569414267116,4.592629395002488,0.46533064633224575,0.5346693536677543,True,0.5123792985789634,0.5123792985789634,0.0
PbSe/Cr,monotone_pointwise_corners,monotone_corner_pmppp_nmmmp,original,2.8106854181890806,n,-2.8106854181890806,309.894134846523,365.1031815415635,0.31224623654072414,0.47557291835709786,0.648272158236615,1.3071402128710465,1.47370052078829,1.3071402128710465,0.19517836117512052,0.8048216388248794,0.5480356762070979,1.4128392121194722,0.14315054126825286,0.8568494587317471,True,0.6881856983833828,0.6881856983833828,0.0
PbSe/Cr,monotone_pointwise_corners,monotone_corner_pmppp_nmmmp,alpha_preserving_flattened,2.8106854181890806,p,2.8106854181890806,309.894134846523,369.7075465874463,0.4078703888786313,0.7821131862042817,1.2199491768678876,2.2645980568285493,1.646710521632089,2.2645980568285493,0.377840620140312,0.622159379859688,1.6149378355700692,2.9895032108997333,0.3029000038309303,0.6970999961690697,True,0.5490334711930316,0.5490334711930316,0.0
PbSe/Cr,monotone_pointwise_corners,monotone_corner_pmppp_nmmmp,alpha_preserving_flattened,2.8106854181890806,n,-2.8106854181890806,309.894134846523,364.80304852327487,0.41696340088749345,0.8042939874787368,0.648272158236615,1.3071406431927521,1.6358060127435405,1.3071406431927521,0.21664784491262443,0.7833521550873755,0.9582612187353005,2.176988244695468,0.22057502572800008,0.7794249742719999,True,0.6362631148330843,0.6362631148330843,3.3298560169226507e-16
PbSe/Cr,monotone_pointwise_corners,monotone_corner_pmppp_npppp,original,2.8106854181890806,p,2.8106854181890806,309.894134846523,369.2354957141051,0.47212023634106287,1.2518236802042708,1.2199491768678876,2.258578700653927,1.7977362983841496,2.258578700653927,0.4113973314345521,0.588602668565448,1.9287569414267116,4.592629395002488,0.46533064633224575,0.5346693536677543,True,0.5123792985789634,0.5123792985789634,0.0
PbSe/Cr,monotone_pointwise_corners,monotone_corner_pmppp_npppp,original,2.8106854181890806,n,-2.8106854181890806,309.894134846523,364.9438533060269,0.3550795622024738,0.44763631533511566,0.648272158236615,1.307140692539163,1.516613087550282,1.307140692539163,0.2008618178612735,0.7991381821387264,0.5359922261076915,1.2867311231418266,0.13037312042616456,0.8696268795738354,True,0.6729917561148409,0.6729917561148409,1.0510842904659093e-16
PbSe/Cr,monotone_pointwise_corners,monotone_corner_pmppp_npppp,alpha_preserving_flattened,2.8106854181890806,p,2.8106854181890806,309.894134846523,369.5983395203248,0.44358273998492576,0.7985554331624031,1.2199491768678876,2.2632248180173806,1.6500486867580135,2.2632248180173806,0.3783769832148019,0.6216230167851982,1.5995678269381548,2.9551550231818235,0.2994198047953825,0.7005801952046176,True,0.5442873891486552,0.5442873891486552,0.0
PbSe/Cr,monotone_pointwise_corners,monotone_corner_pmppp_npppp,alpha_preserving_flattened,2.8106854181890806,n,-2.8106854181890806,309.894134846523,364.7242467984695,0.4528170492824411,0.8212025380598076,0.648272158236615,1.307140474663592,1.6618956737423098,1.307140474663592,0.22010315829650898,0.779896841703491,0.9432378925902389,2.1618610295519107,0.21904231838444257,0.7809576816155575,True,0.6289336662695155,0.6289336662695155,2.0450055003039624e-16
PbSe/Cr,monotone_pointwise_corners,monotone_corner_pmppp_npppp,original,2.899597367602197,p,2.899597367602197,309.894134846523,370.93947888768497,0.4870554917343802,1.2914233034876814,1.2983525965596863,2.4257367820019002,1.836060712177634,2.4257367820019002,0.4512642880626809,0.5487357119373191,2.0543291477886654,4.9927377169644975,0.5058700950985862,0.49412990490141384,True,0.4931560434550263,0.4931560434550263,1.7001499203646527e-16
PbSe/Cr,monotone_pointwise_corners,monotone_corner_pmppp_npppp,original,2.899597367602197,n,-2.899597367602197,309.894134846523,365.78354348291214,0.3663119882391516,0.46366146703674044,0.6899351676967522,1.3911477052314707,1.539583976150486,1.3911477052314707,0.21700856775946273,0.7829914322405372,0.5697682178625795,1.3756754292933697,0.13938506280368537,0.8606149371963147,True,0.6584231788791078,0.6584231788791078,0.0
PbSe/Cr,monotone_pointwise_corners,monotone_corner_pmppp_npppp,alpha_preserving_flattened,2.899597367602197,p,2.899597367602197,309.894134846523,371.34575742216396,0.45761553976112795,0.8238165740276981,1.2983525965596863,2.4305096696013986,1.6816375292459818,2.4305096696013986,0.4141236172693847,0.5858763827306153,1.7118202701125695,3.195869748831076,0.32380930571830535,0.6761906942816946,True,0.5238071691210896,0.5238071691210896,0.0
PbSe/Cr,monotone_pointwise_corners,monotone_corner_pmppp_npppp,alpha_preserving_flattened,2.899597367602197,n,-2.899597367602197,309.894134846523,365.52496664194706,0.4671418516060718,0.8471800871833733,0.6899351676967522,1.3911469540376185,1.6884049913961747,1.3911469540376185,0.23798516794689853,0.7620148320531015,1.0076464360466562,2.3051295517216843,0.23355845462937252,0.7664415453706275,True,0.6151715182982536,0.6151715182982536,3.8861957395633044e-16
PbSe/Cr,monotone_pointwise_corners,monotone_corner_pmppp_npppp,original,2.908760816586276,p,2.908760816586276,309.894134846523,371.1273270992878,0.488596364307584,1.2955045223805466,1.3065717977960736,2.443337349838842,1.8402911681180067,2.443337349838842,0.4555858535875036,0.5444141464124964,2.0663781661465475,4.991586659776205,0.5057534686218284,0.49424653137817165,True,0.49115212214404147,0.49115212214404147,0.0
PbSe/Cr,monotone_pointwise_corners,monotone_corner_pmppp_npppp,original,2.908760816586276,n,-2.908760816586276,309.894134846523,365.87797186542883,0.3674696252455826,0.4653381359704571,0.6943027917138228,1.3999543638651615,1.541991791576314,1.3999543638651615,0.21872387685804823,0.7812761231419518,0.5732994494454451,1.3850318995390327,0.14033307144369025,0.8596669285563098,True,0.6569166885436288,0.6569166885436288,9.930681345131425e-17
PbSe/Cr,monotone_pointwise_corners,monotone_corner_pmppp_npppp,alpha_preserving_flattened,2.908760816586276,p,2.908760816586276,309.894134846523,371.53818496896486,0.45906207012645084,0.8264200393338429,1.3065717977960736,2.4481037892794943,1.6850649527505566,2.4481037892794943,0.4179715547216248,0.5820284452783753,1.7236985886155005,3.199486959903779,0.3241758058256758,0.6758241941743242,True,0.521673176607266,0.521673176607266,0.0
PbSe/Cr,monotone_pointwise_corners,monotone_corner_pmppp_npppp,alpha_preserving_flattened,2.908760816586276,n,-2.908760816586276,309.894134846523,365.6154734848432,0.4686179898359476,0.8498573870029865,0.6943027917138228,1.3999538788299288,1.6911984892864675,1.3999538788299288,0.23988802273438461,0.7601119772656154,1.0144549128275353,2.32680628738065,0.235754767143841,0.764245232856159,True,0.6137498160427549,0.6137498160427549,0.0
PbSe/Cr,monotone_pointwise_corners,monotone_corner_pmppp_nmmmm,original,2.8016897254999096,p,2.8016897254999096,309.894134846523,369.07486903089034,0.47061033779071076,1.247817176646359,1.2121526970250138,2.242060710834377,1.7941031413075914,2.242060710834377,0.4075632619952128,0.5924367380047872,1.91471469902335,4.591403218825388,0.4652064087106279,0.5347935912893721,True,0.5143013082519661,0.5143013082519661,0.0
PbSe/Cr,monotone_pointwise_corners,monotone_corner_pmppp_nmmmm,original,2.8016897254999096,n,-2.8016897254999096,309.894134846523,364.98613259124056,0.3202342497885914,0.40378980566599737,0.6441291653068895,1.2987869920574053,1.4561490351444564,1.2987869920574053,0.19162140127255933,0.8083785987274407,0.545013279469766,1.2848661229449154,0.13018415639872033,0.8698158436012797,True,0.6859655755230236,0.6859655755230236,0.0
PbSe/Cr,monotone_pointwise_corners,monotone_corner_pmppp_nmmmm,alpha_preserving_flattened,2.8016897254999096,p,2.8016897254999096,309.894134846523,369.5338735659912,0.42260554142314094,0.7796100067927005,1.2121526970250138,2.247950035502147,1.6148820353193694,2.247950035502147,0.3678135395403766,0.6321864604596235,1.6025676111308542,2.953253960171917,0.2992271868410401,0.7007728131589599,True,0.5507699083768752,0.5507699083768752,0.0
PbSe/Cr,monotone_pointwise_corners,monotone_corner_pmppp_nmmmm,alpha_preserving_flattened,2.8016897254999096,n,-2.8016897254999096,309.894134846523,364.70917132642126,0.4313562088966805,0.8017198176708014,0.6441291653068895,1.2987868856663425,1.6266159180959654,1.2987868856663425,0.21405391103679655,0.7859460889632035,0.9503841429640103,2.166195843489473,0.21948152686346567,0.7805184731365343,True,0.6357492496382646,0.6357492496382646,0.0
PbSe/Cr,monotone_pointwise_corners,monotone_corner_pmppp_nmmmm,original,2.8106854181890806,p,2.8106854181890806,309.894134846523,369.2354957141051,0.47212023634106287,1.2518236802042708,1.2199491768678876,2.258578700653927,1.7977362983841496,2.258578700653927,0.4113973314345521,0.588602668565448,1.9287569414267116,4.592629395002488,0.46533064633224575,0.5346693536677543,True,0.5123792985789634,0.5123792985789634,0.0
PbSe/Cr,monotone_pointwise_corners,monotone_corner_pmppp_nmmmm,original,2.8106854181890806,n,-2.8106854181890806,309.894134846523,365.06550310223014,0.3212624610403321,0.4052403553442878,0.648272158236615,1.3071406422839007,1.4581421085122241,1.3071406422839007,0.1931178530368953,0.8068821469631047,0.5484633858599317,1.2936661238609304,0.13107578290758462,0.8689242170924154,True,0.6845096083342475,0.6845096083342475,1.1456695405638839e-16
PbSe/Cr,monotone_pointwise_corners,monotone_corner_pmppp_nmmmm,alpha_preserving_flattened,2.8106854181890806,p,2.8106854181890806,309.894134846523,369.70015059757617,0.4239624247478999,0.7821131862042817,1.2199491768678876,2.2645054256594,1.6177540807591035,2.2645054256594,0.3711813305158691,0.6288186694841309,1.613740024146785,2.9818454196883115,0.3021241073613032,0.6978758926386968,True,0.5487160080831176,0.5487160080831176,3.693858281897644e-16
PbSe/Cr,monotone_pointwise_corners,monotone_corner_pmppp_nmmmm,alpha_preserving_flattened,2.8106854181890806,n,-2.8106854181890806,309.894134846523,364.7834344441371,0.432741089681793,0.8042939874787368,0.648272158236615,1.307140259249585,1.6290779481107356,1.307140259249585,0.21575670968090804,0.7842432903190919,0.9568347748864551,2.167278621226721,0.21959123518542523,0.7804087648145748,True,0.6343660162006487,0.6343660162006487,2.2171496096713055e-16
PbSe/Cr,monotone_pointwise_corners,monotone_corner_pmppp_nmmmm,original,2.8124251657911774,p,2.8124251657911774,309.894134846523,369.26675019783994,0.47241242803121236,1.2525985293680333,1.2214598834735828,2.261781290504769,1.7984442637792617,2.261781290504769,0.41214292108633926,0.5878570789136608,1.9314822504694504,4.602056040145611,0.4662857651759233,0.5337142348240766,True,0.5120069218343005,0.5120069218343005,0.0
PbSe/Cr,monotone_pointwise_corners,monotone_corner_pmppp_nmmmm,original,2.8124251657911774,n,-2.8124251657911774,309.894134846523,365.0809592635565,0.3214613148831072,0.40552122292644927,0.6490749367869892,1.3087588915086295,1.458528230568764,1.3087588915086295,0.1934081360001144,0.8065918639998856,0.5491317313776922,1.2953718540232244,0.1312486095066027,0.8687513904933973,True,0.6842278586952325,0.6842278586952325,0.0
PbSe/Cr,monotone_pointwise_corners,monotone_corner_pmppp_nmmmm,alpha_preserving_flattened,2.8124251657911774,p,2.8124251657911774,309.894134846523,369.73251723839394,0.42422511469206536,0.7825972957141762,1.2214598834735828,2.267715122439578,1.618312227052315,2.267715122439578,0.3718356846917131,0.628164315308287,1.615907039033881,2.9874078730172373,0.3026877017165452,0.6973122982834548,True,0.548318295434575,0.548318295434575,0.0
PbSe/Cr,monotone_pointwise_corners,monotone_corner_pmppp_nmmmm,alpha_preserving_flattened,2.8124251657911774,n,-2.8124251657911774,309.894134846523,364.7979263776584,0.43300886064645183,0.8047918263784734,0.6490749367869892,1.3087593370734714,1.6295556571535161,1.3087593370734714,0.21608730146723656,0.7839126985327635,0.9580858237854467,2.1711581168915086,0.21998431027811682,0.7800156897218832,True,0.6340982135728127,0.6340982135728127,3.3222468178730904e-16
PbSe/Cr,monotone_pointwise_corners,monotone_corner_ppppp_nmmmp,original,2.806589163718945,p,2.806589163718945,309.894134846523,369.14089784434304,0.45665995925079145,0.5820130383839266,1.2163958935334462,2.250771704527138,1.7368407667003356,2.250771704527138,0.3960880187383046,0.6039119812616953,1.0360906830155887,2.166584669599741,0.21952092318518907,0.7804790768148109,True,0.5459948372531576,0.5459948372531576,0.0
PbSe/Cr,monotone_pointwise_corners,monotone_corner_ppppp_nmmmp,original,2.806589163718945,n,-2.806589163718945,309.894134846523,365.0667375275111,0.31179020284626136,0.4744456344270073,0.6463839692040534,1.3033329382501513,1.4724564885919678,1.3033329382501513,0.19444558907652357,0.8055544109234765,0.5464646126043837,1.407326002350242,0.14259193632876596,0.857408063671234,True,0.6888743067553537,0.6888743067553537,1.1515786061312818e-16
PbSe/Cr,monotone_pointwise_corners,monotone_corner_ppppp_nmmmp,alpha_preserving_flattened,2.806589163718945,p,2.806589163718945,309.894134846523,369.61511483859493,0.3843036800230206,0.5540804687597823,1.2163958935334462,2.256843928086659,1.6196917740580712,2.256843928086659,0.3703685980819457,0.6296314019180542,1.0727775960158783,2.279631568935184,0.23097496883295238,0.7690250311670477,True,0.5663054843312451,0.5663054843312451,1.8262883704246303e-16
PbSe/Cr,monotone_pointwise_corners,monotone_corner_ppppp_nmmmp,alpha_preserving_flattened,2.806589163718945,n,-2.806589163718945,309.894134846523,364.7672338109733,0.3952025674295883,0.5297405682424303,0.6463839692040534,1.3033334298277928,1.6011815441313686,1.3033334298277928,0.2114444864131899,0.7885555135868101,0.5129635797994081,1.3129262903650867,0.13302724577493424,0.8669727542250658,True,0.6606801610056159,0.6606801610056159,3.404198592543531e-16
PbSe/Cr,monotone_pointwise_corners,monotone_corner_ppppp_nmmmp,original,2.8106854181890806,p,2.8106854181890806,309.894134846523,369.2138924463633,0.457326460576883,0.5828945437096182,1.2199491768678876,2.258298070865649,1.7383871733647431,2.258298070865649,0.3977663379895832,0.6022336620104167,1.0390328877628299,2.1738437220776836,0.22025641897437606,0.7797435810256239,True,0.5450308086269519,0.5450308086269519,1.800327104623229e-16
PbSe/Cr,monotone_pointwise_corners,monotone_corner_ppppp_nmmmp,original,2.8106854181890806,n,-2.8106854181890806,309.894134846523,365.1031815415635,0.31224623654072414,0.47557291835709786,0.648272158236615,1.3071402128710465,1.47370052078829,1.3071402128710465,0.19517836117512052,0.8048216388248794,0.5480356762070979,1.4128392121194722,0.14315054126825286,0.8568494587317471,True,0.6881856983833828,0.6881856983833828,0.0
PbSe/Cr,monotone_pointwise_corners,monotone_corner_ppppp_nmmmp,alpha_preserving_flattened,2.8106854181890806,p,2.8106854181890806,309.894134846523,369.69044839219345,0.3848645763905879,0.5554372184806741,1.2199491768678876,2.2643838284389353,1.621353807969977,2.2643838284389353,0.37198728477302245,0.6280127152269775,1.0758384502514857,2.2877752268060676,0.23180009388760853,0.7681999061123914,True,0.5653042173974026,0.5653042173974026,1.821489595583089e-16
PbSe/Cr,monotone_pointwise_corners,monotone_corner_ppppp_nmmmp,alpha_preserving_flattened,2.8106854181890806,n,-2.8106854181890806,309.894134846523,364.8011901638289,0.39577937086928283,0.5307252719534487,0.648272158236615,1.3071406705554227,1.6025478183361774,1.3071406705554227,0.2122430995943335,0.7877569004056665,0.514432571172957,1.3175224723934673,0.1334929363782854,0.8665070636217146,True,0.6599969987181341,0.6599969987181341,2.263826092510928e-16
PbSe/Cr,monotone_pointwise_corners,monotone_corner_ppppp_nmmmp,original,2.8151501450911707,p,2.8151501450911707,309.894134846523,369.2938866942703,0.45805291603090204,0.5838550575544665,1.2238279929755982,2.26651850315695,1.7400745486418114,2.26651850315695,0.39960174705014867,0.6003982529498513,1.0422436723856825,2.181771134225507,0.2210596337564142,0.7789403662435859,True,0.5439792739877997,0.5439792739877997,3.5903838192032766e-16
PbSe/Cr,monotone_pointwise_corners,monotone_corner_ppppp_nmmmp,original,2.8151501450911707,n,-2.8151501450911707,309.894134846523,365.14318261764305,0.3127412525145447,0.4768071310039482,0.6503333330275225,1.311296080991994,1.4750617400773174,1.311296080991994,0.19597975768624784,0.8040202423137521,0.5497503253187351,1.4188643159290237,0.14376101191780458,0.8562389880821955,True,0.6874344920535362,0.6874344920535362,0.0
PbSe/Cr,monotone_pointwise_corners,monotone_corner_ppppp_nmmmp,alpha_preserving_flattened,2.8151501450911707,p,2.8151501450911707,309.894134846523,369.77307686691125,0.385475927350305,0.5569229656378754,1.2238279929755982,2.272619299013821,1.6231726833791194,2.272619299013821,0.373759009578163,0.626240990421837,1.0791789181814448,2.2966879983591144,0.23270314645089699,0.767296853549103,True,0.5642117510784836,0.5642117510784836,0.0
PbSe/Cr,monotone_pointwise_corners,monotone_corner_ppppp_nmmmp,alpha_preserving_flattened,2.8151501450911707,n,-2.8151501450911707,309.894134846523,364.8386166035828,0.39640805979796095,0.5318021188040462,0.6503333330275225,1.3112966467933271,1.6040406241607967,1.3112966467933271,0.2131162513008291,0.7868837486991709,0.5160357108365898,1.3225434293244391,0.13400166567754868,0.8659983343224513,True,0.6592520058439669,0.6592520058439669,1.1288517932117235e-16
PbSe/Cr,monotone_pointwise_corners,monotone_corner_pmppp_nmppp,original,2.8106854181890806,p,2.8106854181890806,309.894134846523,369.2354957141051,0.47212023634106287,1.2518236802042708,1.2199491768678876,2.258578700653927,1.7977362983841496,2.258578700653927,0.4113973314345521,0.588602668565448,1.9287569414267116,4.592629395002488,0.46533064633224575,0.5346693536677543,True,0.5123792985789634,0.5123792985789634,0.0
PbSe/Cr,monotone_pointwise_corners,monotone_corner_pmppp_nmppp,original,2.8106854181890806,n,-2.8106854181890806,309.894134846523,364.93904345281976,0.34295376462287186,1.1643465620820206,0.648272158236615,1.3071406436131774,1.5842310352312288,1.3071406436131774,0.20981720146711785,0.7901827985328822,1.1874300308386834,3.9799020673222016,0.4032483882416726,0.5967516117583274,True,0.6270830203054286,0.6270830203054286,1.0499465544583965e-16
PbSe/Cr,monotone_pointwise_corners,monotone_corner_pmppp_nmppp,alpha_preserving_flattened,2.8106854181890806,p,2.8106854181890806,309.894134846523,369.60235949032773,0.404253404329178,1.192029959653567,1.2199491768678876,2.2632755753971563,1.6798741131316406,2.2632755753971563,0.3852249690548036,0.6147750309451965,1.9384486165446324,4.857861119621718,0.49220423861016466,0.5077957613898354,True,0.5284822021309151,0.5284822021309151,1.8148610961376313e-16
PbSe/Cr,monotone_pointwise_corners,monotone_corner_pmppp_nmppp,alpha_preserving_flattened,2.8106854181890806,n,-2.8106854181890806,309.894134846523,364.7183534101065,0.41227197263745413,1.225836037999581,0.648272158236615,1.3071406837268214,1.7020751014629465,1.3071406837268214,0.22542459874431306,0.7745754012556869,1.1830470665665438,3.7727710870757964,0.3822616321541091,0.617738367845891,True,0.6060309592693855,0.6060309592693855,1.0392739036163666e-16
PbSe/Cr,monotone_pointwise_corners,monotone_corner_pmppp_nmppp,original,2.8968235082647906,p,2.8968235082647906,309.894134846523,370.8830915970095,0.48658915017259136,1.290187881415311,1.2958696829826408,2.420421874115997,1.83479253689259,2.420421874115997,0.44996453862623254,0.5500354613737675,2.0506765281784314,4.976405845142924,0.5042153305145294,0.4957846694854706,True,0.49376155453509024,0.49376155453509024,0.0
PbSe/Cr,monotone_pointwise_corners,monotone_corner_pmppp_nmppp,original,2.8968235082647906,n,-2.8968235082647906,309.894134846523,365.7534522179459,0.3534633014652027,1.2000298827392943,0.68861576540211,1.3884871942449595,1.6041628129344745,1.3884871942449595,0.22567870329206358,0.7743212967079365,1.2505918500464956,4.282534623015699,0.4339114769932434,0.5660885230067566,True,0.6146638724142243,0.6146638724142243,9.988459973081679e-17
PbSe/Cr,monotone_pointwise_corners,monotone_corner_pmppp_nmppp,alpha_preserving_flattened,2.8968235082647906,p,2.8968235082647906,309.894134846523,371.2954837230226,0.41664213102536846,1.2285616836854016,1.2958696829826408,2.4252824788965204,1.7124401818380248,2.4252824788965204,0.4208021923058769,0.5791978076941231,2.0515679386972736,5.207847743753036,0.5276652976261358,0.4723347023738642,True,0.5094998403698268,0.5094998403698268,1.718319074538093e-16
PbSe/Cr,monotone_pointwise_corners,monotone_corner_pmppp_nmppp,alpha_preserving_flattened,2.8968235082647906,n,-2.8968235082647906,309.894134846523,365.4927866185844,0.42490598520000883,1.26340380505595,0.68861576540211,1.3884870788574144,1.726450933587402,1.3884870788574144,0.24288256308457937,0.7571174369154207,1.2467525756867712,4.0161530330909985,0.4069213790015449,0.5930786209984551,True,0.5935264789922253,0.5935264789922253,1.9774911778220345e-16
PbSe/Cr,monotone_pointwise_corners,monotone_corner_pmppp_nmppp,original,2.907061698406199,p,2.907061698406199,309.894134846523,371.0923199201262,0.4883093690827018,1.2947477687575617,1.3050458067394066,2.440068971703633,1.839501499297296,2.440068971703633,0.45478119987688914,0.5452188001231109,2.0641463343406294,4.9815922279081315,0.5047408209551224,0.4952591790448776,True,0.4915242260920526,0.4915242260920526,1.692207390177803e-16
PbSe/Cr,monotone_pointwise_corners,monotone_corner_pmppp_nmppp,original,2.907061698406199,n,-2.907061698406199,309.894134846523,365.8590283877651,0.3547123810070079,1.2042711263220685,0.6934918911168857,1.3983184805847828,1.6066098649316205,1.3983184805847828,0.22762333462684112,0.7723766653731589,1.257956560299837,4.330807033103336,0.43880249472059113,0.5611975052794089,True,0.6131840532493403,0.6131840532493403,9.930266999545888e-17
PbSe/Cr,monotone_pointwise_corners,monotone_corner_pmppp_nmppp,alpha_preserving_flattened,2.907061698406199,p,2.907061698406199,309.894134846523,371.51022100637124,0.4181153476230241,1.2329037666884335,1.3050458067394066,2.444926799630376,1.7166159017025822,2.444926799630376,0.42524503031560834,0.5747549696843917,2.064888300364412,5.271653807402086,0.534130203518616,0.46586979648138405,True,0.5072134985995994,0.5072134985995994,1.7072952841259825e-16
PbSe/Cr,monotone_pointwise_corners,monotone_corner_pmppp_nmppp,alpha_preserving_flattened,2.907061698406199,n,-2.907061698406199,309.894134846523,365.5936857712539,0.42640864209482615,1.2678690299288624,0.6934918911168857,1.3983192859143614,1.7294344400781316,1.3983192859143614,0.24502517355395076,0.7549748264460492,1.2541958227224546,4.061192620462965,0.41148484330483504,0.588515156695165,True,0.5920365541367059,0.5920365541367059,9.829908093514615e-17
PbSe/Cr,monotone_pointwise_corners,monotone_corner_ppppp_npppp,original,2.8106854181890806,p,2.8106854181890806,309.894134846523,369.2138924463633,0.457326460576883,0.5828945437096182,1.2199491768678876,2.258298070865649,1.7383871733647431,2.258298070865649,0.3977663379895832,0.6022336620104167,1.0390328877628299,2.1738437220776836,0.22025641897437606,0.7797435810256239,True,0.5450308086269519,0.5450308086269519,1.800327104623229e-16
PbSe/Cr,monotone_pointwise_corners,monotone_corner_ppppp_npppp,original,2.8106854181890806,n,-2.8106854181890806,309.894134846523,364.9438533060269,0.3550795622024738,0.44763631533511566,0.648272158236615,1.307140692539163,1.516613087550282,1.307140692539163,0.2008618178612735,0.7991381821387264,0.5359922261076915,1.2867311231418266,0.13037312042616456,0.8696268795738354,True,0.6729917561148409,0.6729917561148409,1.0510842904659093e-16
PbSe/Cr,monotone_pointwise_corners,monotone_corner_ppppp_npppp,alpha_preserving_flattened,2.8106854181890806,p,2.8106854181890806,309.894134846523,369.58246721951883,0.40130682334870926,0.5170874129619367,1.2199491768678876,2.2630242547593116,1.624390285838895,2.2630242547593116,0.3724601784082742,0.6275398215917258,1.0692594028357747,2.201241175379436,0.22303236137169527,0.7769676386283048,True,0.5605739936394623,0.5605739936394623,1.815512070496604e-16
PbSe/Cr,monotone_pointwise_corners,monotone_corner_ppppp_npppp,alpha_preserving_flattened,2.8106854181890806,n,-2.8106854181890806,309.894134846523,364.72331001718027,0.4126879214503536,0.5182862648898882,0.648272158236615,1.307140490763813,1.6273100554415814,1.307140490763813,0.21552260638329282,0.7844773936167072,0.5081368997760569,1.2594457409630668,0.12760853320767906,0.8723914667923209,True,0.6526634958380847,0.6526634958380847,2.0821833212240225e-16
PbSe/Cr,monotone_pointwise_corners,monotone_corner_ppppp_npppp,original,2.9033331563810525,p,2.9033331563810525,309.894134846523,370.9837648765558,0.47240116865826176,0.60274920848004,1.301700299713653,2.432522163414508,1.7737905828033114,2.432522163414508,0.4371791138304133,0.5628208861695867,1.1064861568076692,2.341918768658792,0.237285981634715,0.762714018365285,True,0.5230558618961706,0.5230558618961706,1.6976289092622022e-16
PbSe/Cr,monotone_pointwise_corners,monotone_corner_ppppp_npppp,original,2.9033331563810525,n,-2.9033331563810525,309.894134846523,365.82178094048214,0.3667839379762131,0.46434425247689737,0.6917141129101335,1.3947344991740291,1.5405646675348068,1.3947344991740291,0.21770666813982967,0.7822933318601704,0.5712067189805778,1.3794856071720283,0.13977111453623892,0.8602288854637611,True,0.6578091040349605,0.6578091040349605,0.0
PbSe/Cr,monotone_pointwise_corners,monotone_corner_ppppp_npppp,alpha_preserving_flattened,2.9033331563810525,p,2.9033331563810525,309.894134846523,371.40266833752077,0.4145349737719673,0.5366297997794082,1.301700299713653,2.437431602444893,1.6548467820849408,2.437431602444893,0.4086866788108413,0.5913133211891587,1.138968670590903,2.3712658044855504,0.24025945804107626,0.7597405419589237,True,0.5382728292164302,0.5382728292164302,0.0
PbSe/Cr,monotone_pointwise_corners,monotone_corner_ppppp_npppp,alpha_preserving_flattened,2.9033331563810525,n,-2.9033331563810525,309.894134846523,365.5582219244945,0.42629122342576853,0.5365747510212859,0.6917141129101335,1.3947343613026462,1.65650316954892,1.3947343613026462,0.23409062777851702,0.7659093722214829,0.5413950421461854,1.3484215466151483,0.13662366715187857,0.8633763328481214,True,0.6373540687647983,0.6373540687647983,1.9734482192681023e-16
PbSe/Cr,monotone_pointwise_corners,monotone_corner_ppppp_npppp,original,2.914302773299791,p,2.914302773299791,309.894134846523,371.2088278725775,0.4741860343877617,0.605085749044071,1.3115552686121086,2.453621445325598,1.7780346031903138,2.453621445325598,0.44202621053759955,0.5579737894624004,1.1145859661470712,2.3622814858108057,0.23934915623873118,0.7606508437612688,True,0.5204347697931273,0.5204347697931273,1.6859821447297657e-16
PbSe/Cr,monotone_pointwise_corners,monotone_corner_ppppp_npppp,original,2.914302773299791,n,-2.914302773299791,309.894134846523,365.9357661452736,0.3681697518235501,0.466354451459847,0.6969509720172962,1.4052937806154508,1.5434517820050546,1.4052937806154508,0.2197659705278698,0.7802340294721302,0.5754396161969161,1.3907078974183449,0.14090817026717356,0.8590918297328265,True,0.6560052420558166,0.6560052420558166,9.899367956127736e-17
PbSe/Cr,monotone_pointwise_corners,monotone_corner_ppppp_npppp,alpha_preserving_flattened,2.914302773299791,p,2.914302773299791,309.894134846523,371.63384417693607,0.41610120458902106,0.5389659368221354,1.3115552686121086,2.4585266372403294,1.6585203611521304,2.4585266372403294,0.41313879671285586,0.5868612032871441,1.1473441337788535,2.391848508787688,0.24234492200352908,0.7576550779964709,True,0.5356093102384287,0.5356093102384287,3.400060569905272e-16
PbSe/Cr,monotone_pointwise_corners,monotone_corner_ppppp_npppp,alpha_preserving_flattened,2.914302773299791,n,-2.914302773299791,309.894134846523,365.66720387784187,0.42790187269160407,0.538758210435361,0.6969509720172962,1.40529388599926,1.660013446929977,1.40529388599926,0.23636274088045214,0.7636372591195478,0.545390007697545,1.359176223916292,0.13771334378572184,0.8622866562142781,True,0.635537286491385,0.635537286491385,9.805748324052268e-17
PbSe/Cr,monotone_pointwise_corners,monotone_corner_ppppp_nmmmm,original,2.805019324242486,p,2.805019324242486,309.894134846523,369.1131086635779,0.45640453076107257,0.5816751853053165,1.2150355146978877,2.2478924015512676,1.7362485558017535,2.2478924015512676,0.39544644113196076,0.6045535588680393,1.034964032077207,2.163807983610895,0.21923958607419614,0.7807604139258039,True,0.5463641095865387,0.5463641095865387,0.0
PbSe/Cr,monotone_pointwise_corners,monotone_corner_ppppp_nmmmm,original,2.805019324242486,n,-2.805019324242486,309.894134846523,365.0152775782488,0.3206148242489684,0.40432612125083656,0.6456610737421201,1.3018757276475412,1.4568860645484332,1.3018757276475412,0.19217432921366207,0.8078256707863379,0.5462891620969288,1.2881194235970623,0.13051378467154023,0.8694862153284597,True,0.6854268547700304,0.6854268547700304,1.149624505501402e-16
PbSe/Cr,monotone_pointwise_corners,monotone_corner_ppppp_nmmmm,alpha_preserving_flattened,2.805019324242486,p,2.805019324242486,309.894134846523,369.57875706647803,0.38408872334334426,0.49460147482932015,1.2150355146978877,2.253862608488744,1.5910772398384128,2.253862608488744,0.36334480617008963,0.6366551938299103,1.0718339680271625,2.196940896495997,0.22259665202523313,0.7774033479747668,True,0.5663526114795328,0.5663526114795328,1.8264124978228538e-16
PbSe/Cr,monotone_pointwise_corners,monotone_corner_ppppp_nmmmm,alpha_preserving_flattened,2.805019324242486,n,-2.805019324242486,309.894134846523,364.7350404609318,0.3949815145588764,0.49600614908622037,0.6456610737421201,1.3018758503757364,1.5940379490434204,1.3018758503757364,0.21026572353933892,0.7897342764606611,0.5126765116424762,1.2584360987586134,0.1275062350644686,0.8724937649355314,True,0.6590370276657184,0.6590370276657184,2.2687362055704325e-16
PbSe/Cr,monotone_pointwise_corners,monotone_corner_ppppp_nmmmm,original,2.8106854181890806,p,2.8106854181890806,309.894134846523,369.2138924463633,0.457326460576883,0.5828945437096182,1.2199491768678876,2.258298070865649,1.7383871733647431,2.258298070865649,0.3977663379895832,0.6022336620104167,1.0390328877628299,2.1738437220776836,0.22025641897437606,0.7797435810256239,True,0.5450308086269519,0.5450308086269519,1.800327104623229e-16
PbSe/Cr,monotone_pointwise_corners,monotone_corner_ppppp_nmmmm,original,2.8106854181890806,n,-2.8106854181890806,309.894134846523,365.06550310223014,0.3212624610403321,0.4052403553442878,0.648272158236615,1.3071406422839007,1.4581421085122241,1.3071406422839007,0.1931178530368953,0.8068821469631047,0.5484633858599317,1.2936661238609304,0.13107578290758462,0.8689242170924154,True,0.6845096083342475,0.6845096083342475,1.1456695405638839e-16
PbSe/Cr,monotone_pointwise_corners,monotone_corner_ppppp_nmmmm,alpha_preserving_flattened,2.8106854181890806,p,2.8106854181890806,309.894134846523,369.6834326036539,0.3848645763905879,0.4957315651067314,1.2199491768678876,2.264295842112928,1.5927957239354893,2.264295842112928,0.3654210025524736,0.6345789974475264,1.076066288968476,2.2071244221648576,0.2236284588996542,0.7763715411003458,True,0.5649979292110805,0.5649979292110805,0.0
PbSe/Cr,monotone_pointwise_corners,monotone_corner_ppppp_nmmmm,alpha_preserving_flattened,2.8106854181890806,n,-2.8106854181890806,309.894134846523,364.78189289562096,0.39577937086928283,0.49706928991515953,0.648272158236615,1.307140323504874,1.5956926229743518,1.307140323504874,0.2113351342814526,0.7886648657185474,0.5147091139321422,1.2637694678103693,0.1280466183295939,0.8719533816704061,True,0.6581064045462149,0.6581064045462149,1.1304718741426736e-16
PbSe/Cr,monotone_pointwise_corners,monotone_corner_ppppp_nmmmm,original,2.817887597640566,p,2.817887597640566,309.894134846523,369.34313920001466,0.4584983267756658,0.5844438156543508,1.2262092513384832,2.2715671950547995,1.7411101367524493,2.2715671950547995,0.4007302125693813,0.5992697874306188,1.0442143148130558,2.186641806060322,0.22155313599185103,0.778446864008149,True,0.5433341055900222,0.5433341055900222,0.0
PbSe/Cr,monotone_pointwise_corners,monotone_corner_ppppp_nmmmm,original,2.817887597640566,n,-2.817887597640566,309.894134846523,365.13012192591214,0.32208567301576874,0.4064045933209224,0.6515987164775034,1.313848153560162,1.459741978829195,1.313848153560162,0.19432180111973982,0.8056781988802602,0.5512325114946388,1.3007355504031919,0.1317920655725191,0.8682079344274809,True,0.6833428851280152,0.6833428851280152,0.0
PbSe/Cr,monotone_pointwise_corners,monotone_corner_ppppp_nmmmm,alpha_preserving_flattened,2.817887597640566,p,2.817887597640566,309.894134846523,369.81761410426117,0.3858507642171399,0.49716956312467625,1.2262092513384832,2.2775978545372233,1.5949848765900188,2.2775978545372233,0.3680729222074779,0.6319270777925221,1.0814562961176115,2.220107402168055,0.22494390980078294,0.7750560901992171,True,0.5632737157649086,0.5632737157649086,1.8114045656957055e-16
PbSe/Cr,monotone_pointwise_corners,monotone_corner_ppppp_nmmmm,alpha_preserving_flattened,2.817887597640566,n,-2.817887597640566,309.894134846523,364.8422426579761,0.3967935270725172,0.4984219434129796,0.6515987164775034,1.3138481252375722,1.5977997368207753,1.3138481252375722,0.21270013502216517,0.7872998649778349,0.5172976142617096,1.2705663301160934,0.12873528446346386,0.8712647155365362,True,0.6569228968678112,0.6569228968678112,1.125548950330026e-16
PbSe/Cr,monotone_pointwise_corners,monotone_corner_ppppp_nmppp,original,2.8106854181890806,p,2.8106854181890806,309.894134846523,369.2138924463633,0.457326460576883,0.5828945437096182,1.2199491768678876,2.258298070865649,1.7383871733647431,2.258298070865649,0.3977663379895832,0.6022336620104167,1.0390328877628299,2.1738437220776836,0.22025641897437606,0.7797435810256239,True,0.5450308086269519,0.5450308086269519,1.800327104623229e-16
PbSe/Cr,monotone_pointwise_corners,monotone_corner_ppppp_nmppp,original,2.8106854181890806,n,-2.8106854181890806,309.894134846523,364.93904345281976,0.34295376462287186,1.1643465620820206,0.648272158236615,1.3071406436131774,1.5842310352312288,1.3071406436131774,0.20981720146711785,0.7901827985328822,1.1874300308386834,3.9799020673222016,0.4032483882416726,0.5967516117583274,True,0.6270830203054286,0.6270830203054286,1.0499465544583965e-16
PbSe/Cr,monotone_pointwise_corners,monotone_corner_ppppp_nmppp,alpha_preserving_flattened,2.8106854181890806,p,2.8106854181890806,309.894134846523,369.590131676507,0.4493966087349009,0.7947813498398734,1.2199491768678876,2.263121134070229,1.6518767179541256,2.263121134070229,0.37877882024004156,0.6212211797599585,1.5801108122636032,3.08041679911248,0.31211147619781787,0.6878885238021821,True,0.5448094137579955,0.5448094137579955,1.788535139671495e-16
PbSe/Cr,monotone_pointwise_corners,monotone_corner_ppppp_nmppp,alpha_preserving_flattened,2.8106854181890806,n,-2.8106854181890806,309.894134846523,364.7203068104849,0.4589252924745511,0.817321421390127,0.648272158236615,1.3071406290162995,1.6636766607532096,1.3071406290162995,0.2203390600515517,0.7796609399484483,0.9541340858071501,2.2720385005641535,0.23020563015812237,0.7697943698418777,True,0.6297872705080998,0.6297872705080998,3.175188925903653e-16
PbSe/Cr,monotone_pointwise_corners,monotone_corner_ppppp_nmppp,original,2.900393407591586,p,2.900393407591586,309.894134846523,370.9240059671136,0.4719228423040666,0.6021223980473167,1.2990655800035924,2.4268832571656493,1.7726550306756916,2.4268832571656493,0.4358864489241798,0.5641135510758202,1.1043195056914272,2.336476960320203,0.23673461117269445,0.7632653888273055,True,0.5237576838417499,0.5237576838417499,0.0
PbSe/Cr,monotone_pointwise_corners,monotone_corner_ppppp_nmppp,original,2.900393407591586,n,-2.900393407591586,309.894134846523,365.790041761631,0.3538989955332547,1.2015087390998225,0.6903140419357222,1.3919116640055575,1.6050142693229992,1.3919116640055575,0.22635538280738565,0.7736446171926143,1.2531633321182025,4.299305224563061,0.43561069419241616,0.5643893058075838,True,0.6141478629543198,0.6141478629543198,9.968110053017645e-17
PbSe/Cr,monotone_pointwise_corners,monotone_corner_ppppp_nmppp,alpha_preserving_flattened,2.900393407591586,p,2.900393407591586,309.894134846523,371.3528355457538,0.4637403954983687,0.8201482003765233,1.2990655800035924,2.4319258813394606,1.6834381139846886,2.4319258813394606,0.41480859340023574,0.5851914065997643,1.6891328030090964,3.3057913555811798,0.33494669302209346,0.6650533069779065,True,0.5241073027618475,0.5241073027618475,5.070478329705338e-16
PbSe/Cr,monotone_pointwise_corners,monotone_corner_ppppp_nmppp,alpha_preserving_flattened,2.900393407591586,n,-2.900393407591586,309.894134846523,365.52782298805175,0.47357224771302947,0.843407678120966,0.6903140419357222,1.391911024029476,1.690704192579768,1.391911024029476,0.2384401348208938,0.7615598651791062,1.0198972686106582,2.424488819184037,0.24565207688734048,0.7543479231126595,True,0.6158392190974832,0.6158392190974832,1.0044911732683446e-16
PbSe/Cr,monotone_pointwise_corners,monotone_corner_ppppp_nmppp,original,2.912559144748998,p,2.912559144748998,309.894134846523,371.1728422476808,0.47390232868788706,0.6047146152606451,1.3099863299849757,2.450261773523663,1.7773593074280611,2.450261773523663,0.441253305788709,0.558746694211291,1.1132969181207586,2.3590386332340887,0.23902058657728062,0.7609794134227194,True,0.520851628221441,0.520851628221441,1.6878264898597795e-16
PbSe/Cr,monotone_pointwise_corners,monotone_corner_ppppp_nmppp,original,2.912559144748998,n,-2.912559144748998,309.894134846523,365.9164275774702,0.3553832611079473,1.2065484828373316,0.6961172493924214,1.4036127476971851,1.6079348384834895,1.4036127476971851,0.22867358660421414,0.7713264133957859,1.2618934796979717,4.309917533002799,0.436685945844708,0.563314054155292,True,0.6123880140818456,0.6123880140818456,0.0
PbSe/Cr,monotone_pointwise_corners,monotone_corner_ppppp_nmppp,alpha_preserving_flattened,2.912559144748998,p,2.912559144748998,309.894134846523,371.6088873686316,0.46568547032019647,0.8235883224681642,1.3099863299849757,2.4553038596687906,1.6879339924359704,2.4553038596687906,0.41991458604326143,0.5800854139567386,1.7049673085171124,3.349456144225412,0.3393708610910196,0.6606291389089805,True,0.521268485790165,0.521268485790165,1.6773686357818118e-16
PbSe/Cr,monotone_pointwise_corners,monotone_corner_ppppp_nmppp,alpha_preserving_flattened,2.912559144748998,n,-2.912559144748998,309.894134846523,365.6483079413632,0.4755586622683876,0.8469453623887988,0.6961172493924214,1.4036124796949707,1.6944486727921826,1.4036124796949707,0.24097716652869866,0.7590228334713014,1.0290539389664926,2.455018844304462,0.24874541516917223,0.7512545848308277,True,0.6139438113844164,0.6139438113844164,2.992513530405812e-16
PbSe/Cr,monotone_pointwise_corners,monotone_corner_pmmpp_nmmpp,original,2.8106854181890806,p,2.8106854181890806,309.894134846523,367.0464163241614,0.3998308320891155,1.122797301208751,1.2199491768678876,2.227977176378943,2.505629533873516,2.227977176378943,0.5656240298055955,0.43437597019440455,-0.5926078944901175,2.3167066101561606,0.2347314558930502,0.7652685441069498,True,0.48553176027182243,0.48553176027182243,9.414743195924293e-17
PbSe/Cr,monotone_pointwise_corners,monotone_corner_pmmpp_nmmpp,original,2.8106854181890806,n,-2.8106854181890806,309.894134846523,363.76320751678935,0.31013738438899635,0.9734188060420521,0.648272158236615,1.3071404621222045,2.217831242421705,1.3071404621222045,0.2937318292927922,0.7062681707072078,-0.7864458479480997,1.31201969877494,0.1329353888419404,0.8670646111580596,True,0.5944567757061918,0.5944567757061918,1.1050742580834471e-16
PbSe/Cr,monotone_pointwise_corners,monotone_corner_pmmpp_nmmpp,alpha_preserving_flattened,2.8106854181890806,p,2.8106854181890806,309.894134846523,367.4204224011192,0.35070762737633315,1.0382402389525642,1.2199491768678876,2.2335030239136744,2.322730156140278,2.2335030239136744,0.5256365520488526,0.4743634479511474,-0.5288501626204792,2.3553662040179875,0.23864849170226254,0.7613515082977375,True,0.49810973125899066,0.49810973125899066,0.0
PbSe/Cr,monotone_pointwise_corners,monotone_corner_pmmpp_nmmpp,alpha_preserving_flattened,2.8106854181890806,n,-2.8106854181890806,309.894134846523,363.59129464236696,0.36065372766652604,1.059749883481258,0.648272158236615,1.3071406937674586,2.3926588762500383,1.3071406937674586,0.3168862353900568,0.6831137646099432,-0.8354463863389606,1.2809627842293683,0.12978866549990412,0.8702113345000959,True,0.578290253488176,0.578290253488176,2.1901747570761195e-16
PbSe/Cr,monotone_pointwise_corners,monotone_corner_pmmpp_nmmpp,original,3.0428309430218956,p,3.0428309430218956,309.894134846523,371.13292795735157,0.43285442760037407,1.2155335786916823,1.4297921398217264,2.6738364748636747,2.603884612944707,2.6738364748636747,0.7054347237726537,0.2945652762273463,-0.7882957994318607,3.0436230440349332,0.3083834893827146,0.6916165106172854,True,0.4331760223886753,0.4331760223886753,1.6216734334980822e-16
PbSe/Cr,monotone_pointwise_corners,monotone_corner_pmmpp_nmmpp,original,3.0428309430218956,n,-3.0428309430218956,309.894134846523,365.56246376688443,0.3357528465119854,1.0538176711871272,0.759781189157157,1.5319814370130886,2.362062972574953,1.5319814370130886,0.36664454622328907,0.633355453776711,-0.9481173760168361,1.6140346764443643,0.16353590385712066,0.8364640961428793,True,0.5534734426321669,0.5534734426321669,1.9283011589730105e-16
PbSe/Cr,monotone_pointwise_corners,monotone_corner_pmmpp_nmmpp,alpha_preserving_flattened,3.0428309430218956,p,3.0428309430218956,309.894134846523,371.6736162579858,0.37967394487785056,1.123991935238991,1.4297921398217264,2.680651571705996,2.3946190643892504,2.680651571705996,0.6503947977776772,0.34960520222232283,-0.7164243659751903,3.0897803334457654,0.31306020057954204,0.686939799420458,True,0.4451319755446726,0.4451319755446726,0.0
PbSe/Cr,monotone_pointwise_corners,monotone_corner_pmmpp_nmmpp,alpha_preserving_flattened,3.0428309430218956,n,-3.0428309430218956,309.894134846523,365.249344176263,0.39044153257355835,1.1472772744424637,0.759781189157157,1.5319814382431107,2.5667774995251773,1.5319814382431107,0.39842078016203103,0.601579219837969,-1.0171904756534502,1.5757009250206275,0.1596518827894165,0.8403481172105836,True,0.5373390832185193,0.5373390832185193,9.556874222662357e-17
PbSe/Cr,monotone_pointwise_corners,monotone_corner_pmmpp_nmmpp,original,3.0597503860996924,p,3.0597503860996924,309.894134846523,371.4914845575004,0.43526128357952476,1.222292461872499,1.4457368598103582,2.708266805494166,2.6065380730795273,2.708266805494166,0.7152465543399947,0.28475344566000527,-0.7951591595265185,3.1087249891611517,0.31497969552032157,0.6850203044796784,True,0.4293938061741395,0.4293938061741395,0.0
PbSe/Cr,monotone_pointwise_corners,monotone_corner_pmmpp_nmmpp,original,3.0597503860996924,n,-3.0597503860996924,309.894134846523,365.7316491221913,0.3376197761183756,1.0596774505476076,0.7682540978942627,1.5490653527698495,2.371860442209093,1.5490653527698495,0.3722709323816407,0.6277290676183593,-0.9704995828494607,1.6395328841971304,0.16611941244738918,0.8338805875526109,True,0.5505314483850977,0.5505314483850977,2.864821098483449e-16
PbSe/Cr,monotone_pointwise_corners,monotone_corner_pmmpp_nmmpp,alpha_preserving_flattened,3.0597503860996924,p,3.0597503860996924,309.894134846523,372.04537382532476,0.38178509459953164,1.1302414911576288,1.4457368598103582,2.7150605173939457,2.3955574892818414,2.7150605173939457,0.6590014444326269,0.34099855556737313,-0.7430956128296429,3.1553805870255944,0.3197068959194878,0.6802931040805122,True,0.44131021354785716,0.44131021354785716,0.0
PbSe/Cr,monotone_pointwise_corners,monotone_corner_pmmpp_nmmpp,alpha_preserving_flattened,3.0597503860996924,n,-3.0597503860996924,309.894134846523,365.40849278588183,0.3926125546938426,1.1536571016176576,0.7682540978942627,1.5490656126444764,2.5788157190547865,1.5490656126444764,0.404753279806624,0.595246720193376,-1.0244766274907273,1.6007255531912719,0.1621874077358756,0.8378125922641244,True,0.5343998664074004,0.5343998664074004,0.0
PbSe/Cr,monotone_pointwise_corners,monotone_corner_pmmpp_nmmmp,original,2.8106854181890806,p,2.8106854181890806,309.894134846523,367.0464163241614,0.3998308320891155,1.122797301208751,1.2199491768678876,2.227977176378943,2.505629533873516,2.227977176378943,0.5656240298055955,0.43437597019440455,-0.5926078944901175,2.3167066101561606,0.2347314558930502,0.7652685441069498,True,0.48553176027182243,0.48553176027182243,9.414743195924293e-17
PbSe/Cr,monotone_pointwise_corners,monotone_corner_pmmpp_nmmmp,original,2.8106854181890806,n,-2.8106854181890806,309.894134846523,365.1031815415635,0.31224623654072414,0.47557291835709786,0.648272158236615,1.3071402128710465,1.47370052078829,1.3071402128710465,0.19517836117512052,0.8048216388248794,0.5480356762070979,1.4128392121194722,0.14315054126825286,0.8568494587317471,True,0.6881856983833828,0.6881856983833828,0.0
PbSe/Cr,monotone_pointwise_corners,monotone_corner_pmmpp_nmmmp,alpha_preserving_flattened,2.8106854181890806,p,2.8106854181890806,309.894134846523,368.5775305238355,0.3561167621467041,0.7442195466522126,1.2199491768678876,2.2498340912586547,1.9281155052515306,2.2498340912586547,0.43952521492355856,0.5604747850764414,0.371613269068753,2.1973275601784112,0.22263582924720682,0.7773641707527932,True,0.5309901657390644,0.5309901657390644,3.859858150160005e-16
PbSe/Cr,monotone_pointwise_corners,monotone_corner_pmmpp_nmmmp,alpha_preserving_flattened,2.8106854181890806,n,-2.8106854181890806,309.894134846523,364.1641841447892,0.3662162659921939,0.75835229031845,0.648272158236615,1.3071405291011604,1.9453537461110635,1.3071405291011604,0.25764464528080505,0.742355354719195,-0.051843092724201484,1.2178154159409662,0.1233904994010246,0.8766095005989754,True,0.617948952813798,0.617948952813798,1.1121689907323788e-16
PbSe/Cr,monotone_pointwise_corners,monotone_corner_pmmpp_nmmmp,original,2.871064612930132,p,2.871064612930132,309.894134846523,367.9672760322139,0.4084200052203227,1.1469158220614353,1.2729260958217907,2.338700835195335,2.5399229116508004,2.338700835195335,0.6018599726402258,0.39814002735977416,-0.6394383412145371,2.4799128994660897,0.251267710303806,0.748732289696194,True,0.4718642416482168,0.4718642416482168,0.0
PbSe/Cr,monotone_pointwise_corners,monotone_corner_pmmpp_nmmmp,original,2.871064612930132,n,-2.871064612930132,309.894134846523,365.67389678179205,0.3189526281674944,0.4928317415693278,0.676423709332495,1.3639032004523508,1.492588906298987,1.3639032004523508,0.20626427398003577,0.7937357260199642,0.5714229948776459,1.4957437492404144,0.15155052709866687,0.8484494729013331,True,0.6779727195338636,0.6779727195338636,0.0
PbSe/Cr,monotone_pointwise_corners,monotone_corner_pmmpp_nmmmp,alpha_preserving_flattened,2.871064612930132,p,2.871064612930132,309.894134846523,369.6461230679718,0.36376686884063014,0.7602073156623778,1.2729260958217907,2.3621349761492287,1.9538378823810756,2.3621349761492287,0.46762044476557496,0.532379555234425,0.37470674403624793,2.324748517370451,0.23554627145074394,0.7644537285492561,True,0.5166876999196136,0.5166876999196136,0.0
PbSe/Cr,monotone_pointwise_corners,monotone_corner_pmmpp_nmmmp,alpha_preserving_flattened,2.871064612930132,n,-2.871064612930132,309.894134846523,364.608600572471,0.3740833304095025,0.7746430891797553,0.676423709332495,1.3639038340807812,1.9762541502221078,1.3639038340807812,0.273103206883194,0.726896793116806,-0.06013821361608989,1.2760557739279808,0.1292914814080224,0.8707085185919776,True,0.6074419669373076,0.6074419669373076,1.0724931526427816e-16
PbSe/Cr,monotone_pointwise_corners,monotone_corner_pmmpp_nmmmp,original,2.9053848662574344,p,2.9053848662574344,309.894134846523,368.53377910339316,0.4133021935138122,1.1606272760002028,1.3035407051223111,2.4033572847022557,2.557160822789119,2.4033572847022557,0.6226968013963259,0.3773031986036741,-0.6659526876635052,2.5799721397139654,0.2614058309600738,0.7385941690399263,True,0.4641045024728081,0.4641045024728081,0.0
PbSe/Cr,monotone_pointwise_corners,monotone_corner_pmmpp_nmmmp,original,2.9053848662574344,n,-2.9053848662574344,309.894134846523,366.0261935475465,0.3227653425597796,0.5032050987787287,0.6926920910168642,1.3967063987462642,1.5038132091763479,1.3967063987462642,0.21281354818476103,0.7871864518152389,0.5849072182670878,1.544256623991704,0.15646590899036,0.84353409100964,True,0.6721187364011821,0.6721187364011821,1.0853238805954534e-16
PbSe/Cr,monotone_pointwise_corners,monotone_corner_pmmpp_nmmmp,alpha_preserving_flattened,2.9053848662574344,p,2.9053848662574344,309.894134846523,370.2972877879213,0.36811528058812776,0.7692951454367092,1.3035407051223111,2.4274737727750146,1.9679116825577059,2.4274737727750146,0.4840167652534395,0.5159832347465605,0.37690624563336944,2.400906083770008,0.24326264622166696,0.7567373537783331,True,0.5085310688545487,0.5085310688545487,1.8136355605760898e-16
PbSe/Cr,monotone_pointwise_corners,monotone_corner_pmmpp_nmmmp,alpha_preserving_flattened,2.9053848662574344,n,-2.9053848662574344,309.894134846523,364.89061005723755,0.37855506351065077,0.7839030938587721,0.6926920910168642,1.3967060905499102,1.9939033375981474,1.3967060905499102,0.2821690538360122,0.7178309461639878,-0.06442941793682484,1.3102526345500887,0.1327563478031064,0.8672436521968936,True,0.6014713853739648,0.6014713853739648,1.0508885989885494e-16
PbSe/Cr,monotone_pointwise_corners,monotone_corner_pmmpp_nmmmm,original,2.8106854181890806,p,2.8106854181890806,309.894134846523,367.0464163241614,0.3998308320891155,1.122797301208751,1.2199491768678876,2.227977176378943,2.505629533873516,2.227977176378943,0.5656240298055955,0.43437597019440455,-0.5926078944901175,2.3167066101561606,0.2347314558930502,0.7652685441069498,True,0.48553176027182243,0.48553176027182243,9.414743195924293e-17
PbSe/Cr,monotone_pointwise_corners,monotone_corner_pmmpp_nmmmm,original,2.8106854181890806,n,-2.8106854181890806,309.894134846523,365.06550310223014,0.3212624610403321,0.4052403553442878,0.648272158236615,1.3071406422839007,1.4581421085122241,1.3071406422839007,0.1931178530368953,0.8068821469631047,0.5484633858599317,1.2936661238609304,0.13107578290758462,0.8689242170924154,True,0.6845096083342475,0.6845096083342475,1.1456695405638839e-16
PbSe/Cr,monotone_pointwise_corners,monotone_corner_pmmpp_nmmmm,alpha_preserving_flattened,2.8106854181890806,p,2.8106854181890806,309.894134846523,368.5629522235566,0.3561167621467041,0.7486518328875789,1.2199491768678876,2.2496357796888398,1.9011857621918946,2.2496357796888398,0.43334822153457464,0.5666517784654254,0.23423556489961825,2.2954812125730033,0.23258087348664547,0.7674191265133545,True,0.5302122887149511,0.5302122887149511,0.0
PbSe/Cr,monotone_pointwise_corners,monotone_corner_pmmpp_nmmmm,alpha_preserving_flattened,2.8106854181890806,n,-2.8106854181890806,309.894134846523,364.14513986197534,0.3662162659921939,0.7638920989055,0.648272158236615,1.3071403230340835,1.9411679033476703,1.3071403230340835,0.2570902274426729,0.742909772557327,-0.16926072839786863,1.2864648413298154,0.13034614043778917,0.8696538595622109,True,0.6160502844957743,0.6160502844957743,0.0
PbSe/Cr,monotone_pointwise_corners,monotone_corner_pmmpp_nmmmm,original,2.8697452034044195,p,2.8697452034044195,309.894134846523,367.94610848790376,0.4082323141307692,1.146386467580135,1.2717564078281807,2.3362394751893567,2.5392246359269732,2.3362394751893567,0.6010612573459526,0.3989387426540474,-0.6390760730276055,2.4761728196591495,0.25088876099085,0.74911123900915,True,0.47216278058720085,0.47216278058720085,0.0
PbSe/Cr,monotone_pointwise_corners,monotone_corner_pmmpp_nmmmm,original,2.8697452034044195,n,-2.8697452034044195,309.894134846523,365.6223577220398,0.3280130179770874,0.41486267061748633,0.6758021456030716,1.3626506450394775,1.4713728537510755,1.3626506450394775,0.20314564665187404,0.7968543533481259,0.5713508116599679,1.352267542901314,0.1370133480478769,0.8629866519521231,True,0.6749179264547628,0.6749179264547628,1.1056589602665377e-16
PbSe/Cr,monotone_pointwise_corners,monotone_corner_pmmpp_nmmmm,alpha_preserving_flattened,2.8697452034044195,p,2.8697452034044195,309.894134846523,369.61226867462784,0.3635996982831563,0.7643818125827802,1.2717564078281807,2.3595198077214015,1.919622843625894,2.3595198077214015,0.4589229657867389,0.5410770342132611,0.22885694388857158,2.4345346017161313,0.2466699274641058,0.7533300725358942,True,0.516441736787068,0.516441736787068,1.8545537776816415e-16
PbSe/Cr,monotone_pointwise_corners,monotone_corner_pmmpp_nmmmm,alpha_preserving_flattened,2.8697452034044195,n,-2.8697452034044195,309.894134846523,364.5771974719425,0.3739114188797759,0.7799441470584458,0.6758021456030716,1.3626506333639923,1.9687529569610147,1.3626506333639923,0.27181661541004154,0.7281833845899585,-0.18365983793829654,1.3497198232975363,0.13675521008203337,0.8632447899179666,True,0.6058703631659524,0.6058703631659524,1.0720954456260448e-16
PbSe/Cr,monotone_pointwise_corners,monotone_corner_pmmpp_nmmmm,original,2.9070604623698397,p,2.9070604623698397,309.894134846523,368.5623076007618,0.4135405535179354,1.1612951656473487,1.3050446969702358,2.4065459859687133,2.5579552060636503,2.4065459859687133,0.6237166742732667,0.3762833257267333,-0.6664505228507487,2.584997055765224,0.26191496140209075,0.7380850385979092,True,0.4637258423522966,0.4637258423522966,1.768294642865067e-16
PbSe/Cr,monotone_pointwise_corners,monotone_corner_pmmpp_nmmmm,original,2.9070604623698397,n,-2.9070604623698397,309.894134846523,366.00585672775196,0.33227816691620704,0.4210332624937683,0.6934913013935848,1.398317322459864,1.4798663699016938,1.398317322459864,0.20966623340353271,0.7903337665964673,0.5860214633961125,1.3900366608671622,0.14084015978530373,0.8591598402146963,True,0.6688339216288477,0.6688339216288477,0.0
PbSe/Cr,monotone_pointwise_corners,monotone_corner_pmmpp_nmmmm,alpha_preserving_flattened,2.9070604623698397,p,2.9070604623698397,309.894134846523,370.3247722659593,0.3683275803561323,0.7743199079045066,1.3050446969702358,2.4306248119151883,1.9300826869534158,2.4306248119151883,0.47532876469082225,0.5246712353091778,0.22730737776059684,2.5277387486588223,0.2561134819527136,0.7438865180472864,True,0.5077243586532725,0.5077243586532725,1.8100097992872048e-16
PbSe/Cr,monotone_pointwise_corners,monotone_corner_pmmpp_nmmmm,alpha_preserving_flattened,2.9070604623698397,n,-2.9070604623698397,309.894134846523,364.8831652734362,0.3787733841194336,0.790084609875672,0.6934913013935848,1.398318091920747,1.986048627968039,1.398318091920747,0.2813818685190219,0.7186181314809781,-0.19122402425848023,1.391360581393289,0.14097430098005928,0.8590256990199407,True,0.5994481961503122,0.5994481961503122,2.0972945092041925e-16
PbSe/Cr,monotone_pointwise_corners,monotone_corner_pmmpp_npppp,original,2.8106854181890806,p,2.8106854181890806,309.894134846523,367.0464163241614,0.3998308320891155,1.122797301208751,1.2199491768678876,2.227977176378943,2.505629533873516,2.227977176378943,0.5656240298055955,0.43437597019440455,-0.5926078944901175,2.3167066101561606,0.2347314558930502,0.7652685441069498,True,0.48553176027182243,0.48553176027182243,9.414743195924293e-17
PbSe/Cr,monotone_pointwise_corners,monotone_corner_pmmpp_npppp,original,2.8106854181890806,n,-2.8106854181890806,309.894134846523,364.9438533060269,0.3550795622024738,0.44763631533511566,0.648272158236615,1.307140692539163,1.516613087550282,1.307140692539163,0.2008618178612735,0.7991381821387264,0.5359922261076915,1.2867311231418266,0.13037312042616456,0.8696268795738354,True,0.6729917561148409,0.6729917561148409,1.0510842904659093e-16
PbSe/Cr,monotone_pointwise_corners,monotone_corner_pmmpp_npppp,alpha_preserving_flattened,2.8106854181890806,p,2.8106854181890806,309.894134846523,368.46492423816215,0.3725590091048254,0.7684233517667903,1.2199491768678876,2.248297237347291,1.9394256112880486,2.248297237347291,0.441801420472154,0.558198579527846,0.23502400702544085,2.282464901449716,0.23126204543697707,0.768737954563023,True,0.526347855152648,0.526347855152648,0.0
PbSe/Cr,monotone_pointwise_corners,monotone_corner_pmmpp_npppp,alpha_preserving_flattened,2.8106854181890806,n,-2.8106854181890806,309.894134846523,364.0946465768142,0.38312481657326475,0.7840332704768568,0.648272158236615,1.3071405887002265,1.9793718021736197,1.3071405887002265,0.2621500434672213,0.7378499565327787,-0.17503581974664134,1.2760414141992567,0.12929002646331128,0.8707099735366888,True,0.6113480621759861,0.6113480621759861,1.0246095725567993e-16
PbSe/Cr,monotone_pointwise_corners,monotone_corner_pmmpp_npppp,original,2.973369047279969,p,2.973369047279969,309.894134846523,369.7515502321066,0.42297320525039095,1.1877804546790967,1.3652585010678862,2.534952036643529,2.585317589109804,2.534952036643529,0.6640241920092437,0.3359758079907563,-0.723431431594084,2.7957372871554633,0.28326741108760994,0.7167325889123901,True,0.44876885126652744,0.44876885126652744,1.694669542596445e-16
PbSe/Cr,monotone_pointwise_corners,monotone_corner_pmmpp_npppp,original,2.973369047279969,n,-2.973369047279969,309.894134846523,366.585039538018,0.37563171343977614,0.47729868271094344,0.7254884808484201,1.4628353629513207,1.5591925157629438,1.4628353629513207,0.23109760604541765,0.7689023939545824,0.5984597060928133,1.452016571442414,0.14712003768683451,0.8528799623131655,True,0.6462808472963385,0.6462808472963385,0.0
PbSe/Cr,monotone_pointwise_corners,monotone_corner_pmmpp_npppp,alpha_preserving_flattened,2.973369047279969,p,2.973369047279969,309.894134846523,371.5629639862851,0.39412287792466966,0.812900233572458,1.3652585010678862,2.5583579314353826,1.988596870306229,2.5583579314353826,0.5154758355880994,0.4845241644119006,0.22680099414324167,2.6882928716158787,0.27238101572938,0.72761898427062,True,0.4884477276663561,0.4884477276663561,0.0
PbSe/Cr,monotone_pointwise_corners,monotone_corner_pmmpp_npppp,alpha_preserving_flattened,2.973369047279969,n,-2.973369047279969,309.894134846523,365.4152214282737,0.4053002386790504,0.8294128177387982,0.7254884808484201,1.462835021113469,2.05899506595725,1.462835021113469,0.3051763746933622,0.6948236253066378,-0.20459046158164745,1.4563910738657313,0.14756326745021128,0.8524367325497887,True,0.5833406124654875,0.5833406124654875,2.799907507101123e-16
PbSe/Cr,monotone_pointwise_corners,monotone_corner_pmmpp_npppp,original,3.011863267679338,p,3.011863267679338,309.894134846523,370.49939829417633,0.4284491564448216,1.2031612825195046,1.4008375060155327,2.6114054465811174,2.5970502950777297,2.6114054465811174,0.6871553316627892,0.3128446683372108,-0.7563531033361383,2.929379148486646,0.2968081626618505,0.7031918373381495,True,0.4401155538103709,0.4401155538103709,1.6537191794951095e-16
PbSe/Cr,monotone_pointwise_corners,monotone_corner_pmmpp_npppp,original,3.011863267679338,n,-3.011863267679338,309.894134846523,367.04048070406674,0.38049476600278404,0.4845443226653044,0.7443949064296391,1.5009570266361725,1.5696334862592336,1.5009570266361725,0.23870788683122804,0.761292113168772,0.6136672078893431,1.4927779526337122,0.15125002907603335,0.8487499709239666,True,0.6399404018048443,0.6399404018048443,0.0
PbSe/Cr,monotone_pointwise_corners,monotone_corner_pmmpp_npppp,alpha_preserving_flattened,3.011863267679338,p,3.011863267679338,309.894134846523,372.4074615096399,0.39922532322695886,0.8234236958282843,1.4008375060155327,2.6348278054936936,1.9969257385758583,2.6348278054936936,0.5331070271595645,0.4668929728404355,0.22331124263776653,2.7972620569012587,0.28342190256303595,0.716578097436964,True,0.4794852458320665,0.4794852458320665,0.0
PbSe/Cr,monotone_pointwise_corners,monotone_corner_pmmpp_npppp,alpha_preserving_flattened,3.011863267679338,n,-3.011863267679338,309.894134846523,365.796989349081,0.41054738979535754,0.8401518049596666,0.7443949064296391,1.5009573768536122,2.077395344605662,1.5009573768536122,0.3159277454710405,0.6840722545289595,-0.21358900516295515,1.5029043168236165,0.15227604428174785,0.8477239557182521,True,0.5767608026207979,0.5767608026207979,1.8269809434660538e-16
PbSe/Cr,monotone_pointwise_corners,monotone_corner_pmmpp_nmppp,original,2.8106854181890806,p,2.8106854181890806,309.894134846523,367.0464163241614,0.3998308320891155,1.122797301208751,1.2199491768678876,2.227977176378943,2.505629533873516,2.227977176378943,0.5656240298055955,0.43437597019440455,-0.5926078944901175,2.3167066101561606,0.2347314558930502,0.7652685441069498,True,0.48553176027182243,0.48553176027182243,9.414743195924293e-17
PbSe/Cr,monotone_pointwise_corners,monotone_corner_pmmpp_nmppp,original,2.8106854181890806,n,-2.8106854181890806,309.894134846523,364.93904345281976,0.34295376462287186,1.1643465620820206,0.648272158236615,1.3071406436131774,1.5842310352312288,1.3071406436131774,0.20981720146711785,0.7901827985328822,1.1874300308386834,3.9799020673222016,0.4032483882416726,0.5967516117583274,True,0.6270830203054286,0.6270830203054286,1.0499465544583965e-16
PbSe/Cr,monotone_pointwise_corners,monotone_corner_pmmpp_nmppp,alpha_preserving_flattened,2.8106854181890806,p,2.8106854181890806,309.894134846523,368.46660373305406,0.5667372724241252,0.7660335355959896,1.2199491768678876,2.2483202441549106,1.9739366820906603,2.2483202441549106,0.4496676485366079,0.5503323514633921,0.6432713923390525,2.6888809860353926,0.2724406041784823,0.7275593958215176,True,0.5105685986977966,0.5105685986977966,1.893416309763169e-16
PbSe/Cr,monotone_pointwise_corners,monotone_corner_pmmpp_nmppp,alpha_preserving_flattened,2.8106854181890806,n,-2.8106854181890806,309.894134846523,364.0885389922455,0.5825554631551793,0.7877583165130383,0.648272158236615,1.3071406984044793,2.0284112155011127,1.3071406984044793,0.2686448965055735,0.7313551034944266,0.17326447886929575,1.9275347204940059,0.1953000993921554,0.8046999006078446,True,0.5886762114511209,0.5886762114511209,0.0
PbSe/Cr,monotone_pointwise_corners,monotone_corner_pmmpp_nmppp,original,2.970672629954454,p,2.970672629954454,309.894134846523,369.7007857708664,0.422589629494832,1.1867072051043324,1.362783438329156,2.5296474580763477,2.5843717074658628,2.5296474580763477,0.6623922352747865,0.3376077647252135,-0.7224972482913309,2.7866964267964587,0.2823513804148905,0.7176486195851095,True,0.4493760676653683,0.4493760676653683,1.697585894750437e-16
PbSe/Cr,monotone_pointwise_corners,monotone_corner_pmmpp_nmppp,original,2.970672629954454,n,-2.970672629954454,309.894134846523,366.55603052167737,0.3624743011563986,1.230622410240126,0.7241732504324062,1.4601826683834627,1.6222935284899316,1.4601826683834627,0.2400141684574703,0.7599858315425296,1.3027632026047222,4.542123043832401,0.46021328305023695,0.539786716949763,True,0.6039637022938511,0.6039637022938511,1.9159966964930854e-16
PbSe/Cr,monotone_pointwise_corners,monotone_corner_pmmpp_nmppp,alpha_preserving_flattened,2.970672629954454,p,2.970672629954454,309.894134846523,371.51405557519297,0.5991592303777308,0.8096369814621356,1.362783438329156,2.5531404252848424,2.0258174966741387,2.5531404252848424,0.5240530759710292,0.47594692402897076,0.704075690875048,3.074278156501574,0.3114895016625236,0.6885104983374764,True,0.47488856685699393,0.47488856685699393,1.707446215882207e-16
PbSe/Cr,monotone_pointwise_corners,monotone_corner_pmmpp_nmppp,alpha_preserving_flattened,2.970672629954454,n,-2.970672629954454,309.894134846523,365.384059990024,0.6169746504303869,0.832598360079745,0.7241732504324062,1.4601828900535034,2.104374414388758,1.4601828900535034,0.31133684687682806,0.688663153123172,0.18972943516999335,2.1825365954570333,0.22113719119442474,0.7788628088055752,True,0.5626274933905027,0.5626274933905027,9.495398399465179e-17
PbSe/Cr,monotone_pointwise_corners,monotone_corner_pmmpp_nmppp,original,3.009065567186712,p,3.009065567186712,309.894134846523,370.4436663797416,0.42805117276843296,1.2020449592058617,1.398236256750189,2.6058058199150858,2.596313017439327,2.6058058199150858,0.685487208627932,0.314512791372068,-0.7553048854738289,2.9193811303032695,0.2957951516254332,0.7042048483745669,True,0.4407436330479576,0.4407436330479576,0.0
PbSe/Cr,monotone_pointwise_corners,monotone_corner_pmmpp_nmppp,original,3.009065567186712,n,-3.009065567186712,309.894134846523,367.0107433889107,0.3671585835782902,1.246526959424222,0.7430126214071717,1.49816974135832,1.632181703517955,1.49816974135832,0.24775919492167064,0.7522408050783294,1.3288430665112687,4.6834744439327,0.47453517421790087,0.5254648257820991,True,0.5983886910744932,0.5983886910744932,1.8755037537003295e-16
PbSe/Cr,monotone_pointwise_corners,monotone_corner_pmmpp_nmppp,alpha_preserving_flattened,3.009065567186712,p,3.009065567186712,309.894134846523,372.35471262754055,0.6064540482344501,0.8201007200433428,1.398236256750189,2.6293515940131194,2.0359829044045985,2.6293515940131194,0.5424042015796317,0.45759579842036835,0.7174806207788678,3.1464641829131805,0.31880347530098463,0.6811965246990154,True,0.46630722819872716,0.46630722819872716,1.6663537645269374e-16
PbSe/Cr,monotone_pointwise_corners,monotone_corner_pmmpp_nmppp,alpha_preserving_flattened,3.009065567186712,n,-3.009065567186712,309.894134846523,365.7636651192582,0.6251033139471743,0.8433588512412071,0.7430126214071717,1.4981700232859778,2.1222815041072463,1.4981700232859778,0.3221546073393592,0.6778453926606408,0.1928028076172814,2.2461372387347165,0.2275812836517337,0.7724187163482663,True,0.5564255657333614,0.5564255657333614,2.7879040376303126e-16
PbSe/Cr,sigma_kappa_corners,transport_corner_pmpm,original,2.8106854181890806,p,2.8106854181890806,309.894134846523,365.6805156447394,0.3787382696288889,0.480971950526897,1.0103098773233026,1.8276083251008624,1.57450840649228,1.8276083251008624,0.29156028496227976,0.7084397150377202,0.8793547184395204,1.7705759060214583,0.17939684652669877,0.8206031534733013,True,0.6142079202432514,0.6142079202432514,2.0000421083915133e-16
PbSe/Cr,sigma_kappa_corners,transport_corner_pmpm,original,2.8106854181890806,n,-2.8106854181890806,309.894134846523,368.55108149794836,0.39784824896635645,0.5103791715587963,0.8028138182496778,1.6187498087147636,1.6071241720932925,1.6187498087147636,0.2635902960679707,0.7364097039320293,0.6592936949381104,1.6189681930550395,0.16403577359963342,0.8359642264003666,True,0.6200704604491833,0.6200704604491833,1.0292795801961086e-16
PbSe/Cr,sigma_kappa_corners,transport_corner_pmpm,alpha_preserving_flattened,2.8106854181890806,p,2.8106854181890806,309.894134846523,365.9006199291533,0.3323451953198418,0.42385794044091546,1.0103098773233026,1.830510789544346,1.4872148752532293,1.830510789544346,0.27583302885183564,0.7241669711481644,0.9013554355387324,1.788775575606811,0.18124085859098618,0.8187591414090138,True,0.6292843395599601,0.6292843395599601,1.0086983293038596e-16
PbSe/Cr,sigma_kappa_corners,transport_corner_pmpm,alpha_preserving_flattened,2.8106854181890806,n,-2.8106854181890806,309.894134846523,368.1842002719161,0.4623954301964744,0.5859665485702791,0.8028138182496778,1.6187500755422042,1.7371527370182134,1.6187500755422042,0.28491680213304227,0.7150831978669577,0.624045033223753,1.5770036261604403,0.15978387401083458,0.8402161259891654,True,0.59932271400829,0.59932271400829,1.019611838031142e-16
PbSe/Cr,sigma_kappa_corners,transport_corner_pmpm,original,2.8437821011277262,p,2.8437821011277262,309.894134846523,366.0470490950742,0.3831980289265747,0.48686438185230535,1.0342433821260004,1.875833642948242,1.5837845598303948,1.875833642948242,0.30101676214944467,0.6989832378505554,0.8998439426641229,1.8173410555552527,0.18413514683067375,0.8158648531693262,True,0.6074426848287315,0.6074426848287315,0.0
PbSe/Cr,sigma_kappa_corners,transport_corner_pmpm,original,2.8437821011277262,n,-2.8437821011277262,309.894134846523,369.08257228744,0.4025330341324668,0.517733039122626,0.8218318926108398,1.657095673916479,1.6178203088888437,1.657095673916479,0.2716302423163002,0.7283697576836998,0.6744161840389529,1.6604531930731645,0.16823908290487224,0.8317609170951278,True,0.6140721368759012,0.6140721368759012,1.0092462684318031e-16
PbSe/Cr,sigma_kappa_corners,transport_corner_pmpm,alpha_preserving_flattened,2.8437821011277262,p,2.8437821011277262,309.894134846523,366.2808379305423,0.33625866193709497,0.42932511265724876,1.0342433821260004,1.878932953637254,1.495073095633621,1.878932953637254,0.28462560334965537,0.7153743966503446,0.9224004108246111,1.8361230264932829,0.18603815835725093,0.8139618416427491,True,0.6224871237798755,0.6224871237798755,1.975010374196953e-16
PbSe/Cr,sigma_kappa_corners,transport_corner_pmpm,alpha_preserving_flattened,2.8437821011277262,n,-2.8437821011277262,309.894134846523,368.6991336677548,0.4678402782205381,0.5936200560643257,0.8218318926108398,1.6570970928224438,1.7499540502871835,1.6570970928224438,0.29381560308371446,0.7061843969162855,0.6382585421885538,1.616561285000002,0.16379190282657874,0.8362080971734213,True,0.5933005367806883,0.5933005367806883,1.99954649912779e-16
PbSe/Cr,sigma_kappa_corners,transport_corner_pmpm,original,2.8455682654278975,p,2.8455682654278975,309.894134846523,366.06750531817016,0.3834387135552926,0.48718266030961316,1.0355429955912576,1.8784637451381156,1.5842873251576408,1.8784637451381156,0.301534507488668,0.698465492511332,0.9009556070868269,1.8198913422037115,0.18439354489252283,0.8156064551074772,True,0.60707609957176,0.60707609957176,0.0
PbSe/Cr,sigma_kappa_corners,transport_corner_pmpm,original,2.8455682654278975,n,-2.8455682654278975,309.894134846523,369.11185878833635,0.40278586297435376,0.5181325435817145,0.8228645932423095,1.6591793827960366,1.6184020316167724,1.6591793827960366,0.27206959618740006,0.7279304038126,0.6752363040404712,1.6627092197112463,0.16846766619417133,0.8315323338058287,True,0.6137494372645923,0.6137494372645923,1.008181367637685e-16
PbSe/Cr,sigma_kappa_corners,transport_corner_pmpm,alpha_preserving_flattened,2.8455682654278975,p,2.8455682654278975,309.894134846523,366.3020030180352,0.3364698642009172,0.4296211618915467,1.0355429955912576,1.8815731432249514,1.4954993780434336,1.8815731432249514,0.28510681391906245,0.7148931860809375,0.9235423659798874,1.8387049780232023,0.18629976474236953,0.8137002352576305,True,0.6221185864116571,0.6221185864116571,9.863797657167498e-17
PbSe/Cr,sigma_kappa_corners,transport_corner_pmpm,alpha_preserving_flattened,2.8455682654278975,n,-2.8455682654278975,309.894134846523,368.72763703858044,0.46813412619250766,0.5940343576523217,0.8228645932423095,1.6591782939895903,1.7506490707299875,1.6591782939895903,0.2943014553073315,0.7056985446926685,0.6390291227239202,1.6187116674685904,0.16400978212357986,0.8359902178764201,True,0.5929765649510146,0.5929765649510146,2.996155975870989e-16
PbSe/Cr,sigma_kappa_corners,transport_corner_mmpm,original,2.7065530027272398,p,2.7065530027272398,309.894134846523,366.1533133091646,0.3647064855704279,0.4634316745354532,1.0354494082748955,1.87943587857001,1.5493462266480453,1.87943587857001,0.29503683920380824,0.7049631607961917,0.9084568779991596,1.8264216033505354,0.1850551986814126,0.8149448013185874,True,0.6127162645490595,0.6127162645490595,1.0183868183446129e-16
PbSe/Cr,sigma_kappa_corners,transport_corner_mmpm,original,2.7065530027272398,n,-2.7065530027272398,309.894134846523,367.0291272046774,0.383108463829241,0.4878459316291368,0.744429252783601,1.5010266308301081,1.574450816479054,1.5010266308301081,0.23945160397780674,0.7605483960221933,0.6126420691636306,1.4923415222538747,0.15120580943337075,0.8487941905666292,True,0.6390972492532734,0.6390972492532734,1.0962801013034076e-16
PbSe/Cr,sigma_kappa_corners,transport_corner_mmpm,alpha_preserving_flattened,2.7065530027272398,p,2.7065530027272398,309.894134846523,366.3776399426522,0.3200322172356242,0.4087223762065647,1.0354494082748955,1.8823981665210348,1.4666198042334426,1.8823981665210348,0.27972371721076805,0.720276282789232,0.9297249946278232,1.8435903540471112,0.18679475682364988,0.8132052431763501,True,0.6272304951838001,0.6272304951838001,1.0271608901406835e-16
PbSe/Cr,sigma_kappa_corners,transport_corner_mmpm,alpha_preserving_flattened,2.7065530027272398,n,-2.7065530027272398,309.894134846523,366.71436489793894,0.44526425189623653,0.5621590035828415,0.744429252783601,1.501026465340586,1.6978092701890735,1.501026465340586,0.25821264400152644,0.7417873559984736,0.5801449015771235,1.4560782813417104,0.147531574941443,0.852468425058557,True,0.6184364209046808,0.6184364209046808,1.0859509055224316e-16
PbSe/Cr,sigma_kappa_corners,transport_corner_mmpm,original,2.707827317843915,p,2.707827317843915,309.894134846523,366.16885710148046,0.364878198811308,0.4636587792859472,1.0364246705046858,1.8814125969495923,1.5496973315381088,1.8814125969495923,0.2954140776598052,0.7045859223401948,0.9092985189194376,1.8283445741905129,0.18525003636302884,0.8147499636369712,True,0.6124408074143592,0.6124408074143592,0.0
PbSe/Cr,sigma_kappa_corners,transport_corner_mmpm,original,2.707827317843915,n,-2.707827317843915,309.894134846523,367.04631331563354,0.38328884119716694,0.48811625114615537,0.745130410877071,1.5024399492447553,1.5748420592645862,1.5024399492447553,0.2397366224049296,0.7602633775950705,0.6132043293886724,1.4938556903031726,0.15135922673235902,0.848640773267641,True,0.6388636393386083,0.6388636393386083,1.0954214711588123e-16
PbSe/Cr,sigma_kappa_corners,transport_corner_mmpm,alpha_preserving_flattened,2.707827317843915,p,2.707827317843915,309.894134846523,366.39370880084874,0.32018289667616556,0.40893383744073414,1.0364246705046858,1.8843822539231203,1.4669184469193481,1.8843822539231203,0.28007557111632375,0.7199244288836762,0.9305881518445615,1.8455351160923432,0.1869918024159755,0.8130081975840245,True,0.6269537362077785,0.6269537362077785,1.0262675276198471e-16
PbSe/Cr,sigma_kappa_corners,transport_corner_mmpm,alpha_preserving_flattened,2.707827317843915,n,-2.707827317843915,309.894134846523,366.73101707284604,0.4454738938158793,0.5624478848421588,0.745130410877071,1.502440326663771,1.6982823441828,1.502440326663771,0.2585278777414514,0.7414721222585485,0.5806744636872174,1.4575259091329624,0.14767825030272622,0.8523217496972738,True,0.6182015793445976,0.6182015793445976,2.1702016968647775e-16
PbSe/Cr,sigma_kappa_corners,transport_corner_mmpm,original,2.8106854181890806,p,2.8106854181890806,309.894134846523,367.54886952885244,0.3787382696288889,0.4820196028033797,1.1166582854625977,2.04610854704646,1.578403012550082,2.04610854704646,0.32722526287944614,0.6727747371205539,0.9783579358326479,1.9885638815166633,0.20148364622366988,0.7985163537763301,True,0.5899185972677539,0.5899185972677539,0.0
PbSe/Cr,sigma_kappa_corners,transport_corner_mmpm,original,2.8106854181890806,n,-2.8106854181890806,309.894134846523,368.55108149794836,0.39784824896635645,0.5103791715587963,0.8028138182496778,1.6187498087147636,1.6071241720932925,1.6187498087147636,0.2635902960679707,0.7364097039320293,0.6592936949381104,1.6189681930550395,0.16403577359963342,0.8359642264003666,True,0.6200704604491833,0.6200704604491833,1.0292795801961086e-16
PbSe/Cr,sigma_kappa_corners,transport_corner_mmpm,alpha_preserving_flattened,2.8106854181890806,p,2.8106854181890806,309.894134846523,367.8162028354022,0.3323451953198418,0.42618461819521325,1.1166582854625977,2.0496305088984643,1.4914109750037887,2.0496305088984643,0.30972279246940954,0.6902772075305905,1.001440275036346,2.007492318547605,0.20340149786814432,0.7965985021318557,True,0.6042902413465565,0.6042902413465565,0.0
PbSe/Cr,sigma_kappa_corners,transport_corner_mmpm,alpha_preserving_flattened,2.8106854181890806,n,-2.8106854181890806,309.894134846523,368.1842002719161,0.4623954301964744,0.5859665485702791,0.8028138182496778,1.6187500755422042,1.7371527370182134,1.6187500755422042,0.28491680213304227,0.7150831978669577,0.624045033223753,1.5770036261604403,0.15978387401083458,0.8402161259891654,True,0.59932271400829,0.59932271400829,1.019611838031142e-16
PbSe/Cr,sigma_kappa_corners,transport_corner_pppm,original,2.8106854181890806,p,2.8106854181890806,309.894134846523,365.6805156447394,0.3787382696288889,0.480971950526897,1.0103098773233026,1.8276083251008624,1.57450840649228,1.8276083251008624,0.29156028496227976,0.7084397150377202,0.8793547184395204,1.7705759060214583,0.17939684652669877,0.8206031534733013,True,0.6142079202432514,0.6142079202432514,2.0000421083915133e-16
PbSe/Cr,sigma_kappa_corners,transport_corner_pppm,original,2.8106854181890806,n,-2.8106854181890806,309.894134846523,366.5066239597101,0.39784824896635645,0.5053368062749276,0.7263553593687561,1.464583288700381,1.6002916748796028,1.464583288700381,0.23747258236777116,0.7625274176322289,0.590319328665112,1.449258256062746,0.14684056190770767,0.8531594380922923,True,0.638959608565503,0.638959608565503,2.1456572676062346e-16
PbSe/Cr,sigma_kappa_corners,transport_corner_pppm,alpha_preserving_flattened,2.8106854181890806,p,2.8106854181890806,309.894134846523,365.9006199291533,0.3323451953198418,0.42385794044091546,1.0103098773233026,1.830510789544346,1.4872148752532293,1.830510789544346,0.27583302885183564,0.7241669711481644,0.9013554355387324,1.788775575606811,0.18124085859098618,0.8187591414090138,True,0.6292843395599601,0.6292843395599601,1.0086983293038596e-16
PbSe/Cr,sigma_kappa_corners,transport_corner_pppm,alpha_preserving_flattened,2.8106854181890806,n,-2.8106854181890806,309.894134846523,366.195156307349,0.4623954301964744,0.5829993592415125,0.7263553593687561,1.4645825388366402,1.730884960634744,1.4645825388366402,0.2568516211045691,0.743148378895431,0.5566533494482784,1.4119328059856895,0.1430587031259173,0.8569412968740827,True,0.6176372389388016,0.6176372389388016,1.062705670705097e-16
PbSe/Cr,sigma_kappa_corners,transport_corner_pppm,original,2.951077116327092,p,2.951077116327092,309.894134846523,367.3916207192881,0.39765597151005855,0.5060142344707074,1.1137590210457544,2.0387036557897185,1.614377844883379,2.0387036557897185,0.3334721312463549,0.6665278687536451,0.9676816069007765,1.9753115276540625,0.20014090204426405,0.799859097955736,True,0.5851558063269584,0.5851558063269584,1.8304235351388888e-16
PbSe/Cr,sigma_kappa_corners,transport_corner_pppm,original,2.951077116327092,n,-2.951077116327092,309.894134846523,368.3866071748675,0.41772048045557386,0.5354421869153239,0.800729411975258,1.6145471340099624,1.6449693289328953,1.6145471340099624,0.26909695744945505,0.730903042550545,0.6489741279948799,1.6105624508324266,0.1631840938482459,0.8368159061517542,True,0.6144556943740349,0.6144556943740349,0.0
PbSe/Cr,sigma_kappa_corners,transport_corner_pppm,alpha_preserving_flattened,2.951077116327092,p,2.951077116327092,309.894134846523,367.67001463006613,0.34894559678669246,0.4472899213368401,1.1137590210457544,2.042394931920153,1.5210858448838458,2.042394931920153,0.31477026781978745,0.6852297321802125,0.9921132216004932,1.9959834294750185,0.2022354036049015,0.7977645963950986,True,0.6000489732967914,0.6000489732967914,0.0
PbSe/Cr,sigma_kappa_corners,transport_corner_pppm,alpha_preserving_flattened,2.951077116327092,n,-2.951077116327092,309.894134846523,368.0039202362108,0.4854917465741233,0.6149589689001663,0.800729411975258,1.6145471104225129,1.7849992674305004,1.6145471104225129,0.29200414649021994,0.7079958535097801,0.611613995731319,1.5655673166558248,0.15862513359532682,0.8413748664046732,True,0.5930325702995213,0.5930325702995213,0.0
PbSe/Cr,sigma_kappa_corners,transport_corner_pppm,original,2.9529575093345954,p,2.9529575093345954,309.894134846523,367.41730048362984,0.3979093534037687,0.5063501796011854,1.115178822580096,2.0416460162189525,1.614921064411028,2.0416460162189525,0.3340657865981871,0.6659342134018129,0.9688895374733862,1.9781663909968181,0.20043016017728915,0.7995698398227109,True,0.5847605127471068,0.5847605127471068,0.0
PbSe/Cr,sigma_kappa_corners,transport_corner_pppm,original,2.9529575093345954,n,-2.9529575093345954,309.894134846523,368.4143043589324,0.41798664722776485,0.5358557799657329,0.8017501685538647,1.6166034748989855,1.6455855014093883,1.6166034748989855,0.2695406149742111,0.7304593850257889,0.6497751811046506,1.6127894157671296,0.16340973257136,0.8365902674286401,True,0.6141294443362112,0.6141294443362112,0.0
PbSe/Cr,sigma_kappa_corners,transport_corner_pppm,alpha_preserving_flattened,2.9529575093345954,p,2.9529575093345954,309.894134846523,367.6964776908254,0.3491679409797895,0.4476080034278256,1.115178822580096,2.0453467061339996,1.5215492384610247,2.0453467061339996,0.31532122227345355,0.6846787777265464,0.9933550438651513,1.998871794456082,0.20252805616357394,0.7974719438364261,True,0.599650380981714,0.599650380981714,0.0
PbSe/Cr,sigma_kappa_corners,transport_corner_pppm,alpha_preserving_flattened,2.9529575093345954,n,-2.9529575093345954,309.894134846523,368.03077587334184,0.4858010964316407,0.6153920608679048,0.8017501685538647,1.616604801308805,1.7857414898957062,1.616604801308805,0.29249787014189776,0.7075021298581022,0.6123636806946985,1.5676851448688656,0.15883971445662323,0.8411602855433767,True,0.592705252556304,0.592705252556304,9.799295393427022e-17
PbSe/Cr,sigma_kappa_corners,transport_corner_mppm,original,2.7979128881499005,p,2.7979128881499005,309.894134846523,367.36426020314707,0.37701717843365334,0.47973782318219504,1.106532538256675,2.025112134294579,1.5747993630082595,2.025112134294579,0.3231279765129591,0.6768720234870409,0.9696624667586621,1.9681338465549452,0.19941365089949423,0.8005863491005057,True,0.5927457279814907,0.5927457279814907,1.9153353160210916e-16
PbSe/Cr,sigma_kappa_corners,transport_corner_mppm,original,2.7979128881499005,n,-2.7979128881499005,309.894134846523,366.3543413245123,0.3960403167523586,0.5026707492065635,0.7197688406043445,1.4513024271489892,1.5963508289137618,1.4513024271489892,0.2347396854455613,0.7652603145544387,0.5850977200542469,1.4350641180046044,0.145402395038874,0.854597604961126,True,0.6411949051879361,0.6411949051879361,1.0808461879700746e-16
PbSe/Cr,sigma_kappa_corners,transport_corner_mppm,alpha_preserving_flattened,2.7979128881499005,p,2.7979128881499005,309.894134846523,367.6263208848705,0.3308349270546246,0.4240232814600071,1.106532538256675,2.0285715124139037,1.488327314265629,2.0285715124139037,0.3059067281899879,0.6940932718100121,0.9925160644204534,1.9868485081815366,0.20130984256696632,0.7986901574330336,True,0.6071387566838902,0.6071387566838902,0.0
PbSe/Cr,sigma_kappa_corners,transport_corner_mppm,alpha_preserving_flattened,2.7979128881499005,n,-2.7979128881499005,309.894134846523,366.04936483224145,0.46029417778169185,0.5801279978459556,0.7197688406043445,1.4513017266376056,1.7260863524990304,1.4513017266376056,0.2538168706570399,0.7461831293429602,0.5517543220325841,1.3983910566099909,0.14168663705058365,0.8583133629494164,True,0.6198843579369268,0.6198843579369268,3.2119292047920565e-16
PbSe/Cr,sigma_kappa_corners,transport_corner_mppm,original,2.8025710734490383,p,2.8025710734490383,309.894134846523,367.4311341302528,0.3776448662668022,0.48056997434095383,1.110220090058363,2.032751657660865,1.5761123649524567,2.032751657660865,0.32461736988802387,0.6753826301119761,0.9728298273654924,1.9755679936816677,0.20016688748574504,0.7998331125142549,True,0.5917156251682645,0.5917156251682645,1.9094199274061114e-16
PbSe/Cr,sigma_kappa_corners,transport_corner_mppm,original,2.8025710734490383,n,-2.8025710734490383,309.894134846523,366.4094886759853,0.39669967580144666,0.5036416615400096,0.722167491157496,1.4561387530272583,1.5977857836893976,1.4561387530272583,0.2357336428205128,0.7642663571794872,0.5869998101397512,1.4402315684354783,0.14592596723294327,0.8540740327670567,True,0.6403797043012348,0.6403797043012348,2.1558234347426192e-16
PbSe/Cr,sigma_kappa_corners,transport_corner_mppm,alpha_preserving_flattened,2.8025710734490383,p,2.8025710734490383,309.894134846523,367.69507587052425,0.33138572704563724,0.4248108312143548,1.110220090058363,2.0362335598179957,1.4894505299033474,2.0362335598179957,0.3072938925843005,0.6927061074156995,0.9957666424198808,1.9943603291506347,0.20207094915886467,0.7979290508411353,True,0.6061009831249942,0.6061009831249942,1.9256533269171227e-16
PbSe/Cr,sigma_kappa_corners,transport_corner_mppm,alpha_preserving_flattened,2.8025710734490383,n,-2.8025710734490383,309.894134846523,366.10218232071804,0.46106051170913553,0.5811745065164202,0.722167491157496,1.4561383949796816,1.7278340753274946,1.4561383949796816,0.2549206062363432,0.7450793937636568,0.553539021038335,1.4033214284539717,0.14218618816161263,0.8578138118383873,True,0.6190647789932615,0.6190647789932615,0.0
PbSe/Cr,sigma_kappa_corners,transport_corner_mppm,original,2.8106854181890806,p,2.8106854181890806,309.894134846523,367.54886952885244,0.3787382696288889,0.4820196028033797,1.1166582854625977,2.04610854704646,1.578403012550082,2.04610854704646,0.32722526287944614,0.6727747371205539,0.9783579358326479,1.9885638815166633,0.20148364622366988,0.7985163537763301,True,0.5899185972677539,0.5899185972677539,0.0
PbSe/Cr,sigma_kappa_corners,transport_corner_mppm,original,2.8106854181890806,n,-2.8106854181890806,309.894134846523,366.5066239597101,0.39784824896635645,0.5053368062749276,0.7263553593687561,1.464583288700381,1.6002916748796028,1.464583288700381,0.23747258236777116,0.7625274176322289,0.590319328665112,1.449258256062746,0.14684056190770767,0.8531594380922923,True,0.638959608565503,0.638959608565503,2.1456572676062346e-16
PbSe/Cr,sigma_kappa_corners,transport_corner_mppm,alpha_preserving_flattened,2.8106854181890806,p,2.8106854181890806,309.894134846523,367.8162028354022,0.3323451953198418,0.42618461819521325,1.1166582854625977,2.0496305088984643,1.4914109750037887,2.0496305088984643,0.30972279246940954,0.6902772075305905,1.001440275036346,2.007492318547605,0.20340149786814432,0.7965985021318557,True,0.6042902413465565,0.6042902413465565,0.0
PbSe/Cr,sigma_kappa_corners,transport_corner_mppm,alpha_preserving_flattened,2.8106854181890806,n,-2.8106854181890806,309.894134846523,366.195156307349,0.4623954301964744,0.5829993592415125,0.7263553593687561,1.4645825388366402,1.730884960634744,1.4645825388366402,0.2568516211045691,0.743148378895431,0.5566533494482784,1.4119328059856895,0.1430587031259173,0.8569412968740827,True,0.6176372389388016,0.6176372389388016,1.062705670705097e-16
PbSe/Cr,sigma_kappa_corners,transport_corner_pmpp,original,2.8106854181890806,p,2.8106854181890806,309.894134846523,365.6805156447394,0.3787382696288889,0.480971950526897,1.0103098773233026,1.8276083251008624,1.57450840649228,1.8276083251008624,0.29156028496227976,0.7084397150377202,0.8793547184395204,1.7705759060214583,0.17939684652669877,0.8206031534733013,True,0.6142079202432514,0.6142079202432514,2.0000421083915133e-16
PbSe/Cr,sigma_kappa_corners,transport_corner_pmpp,original,2.8106854181890806,n,-2.8106854181890806,309.894134846523,364.1541128887791,0.29406174923600265,0.3693170375779806,0.5933841265323706,1.196467373599589,1.4097813134432935,1.196467373599589,0.170904250757923,0.829095749242077,0.5072113735540943,1.1801074290710043,0.11956988153859033,0.8804301184614096,True,0.7088018938860949,0.7088018938860949,2.2337717574443463e-16
PbSe/Cr,sigma_kappa_corners,transport_corner_pmpp,alpha_preserving_flattened,2.8106854181890806,p,2.8106854181890806,309.894134846523,365.9006199291533,0.3323451953198418,0.42385794044091546,1.0103098773233026,1.830510789544346,1.4872148752532293,1.830510789544346,0.27583302885183564,0.7241669711481644,0.9013554355387324,1.788775575606811,0.18124085859098618,0.8187591414090138,True,0.6292843395599601,0.6292843395599601,1.0086983293038596e-16
PbSe/Cr,sigma_kappa_corners,transport_corner_pmpp,alpha_preserving_flattened,2.8106854181890806,n,-2.8106854181890806,309.894134846523,364.00754075747193,0.34177053536261154,0.4283804431391426,0.5933841265323706,1.1964672401982472,1.4948119251970513,1.1964672401982472,0.1812122782305783,0.8187877217694217,0.48590341049196895,1.1620942460955748,0.1177447645183538,0.8822552354816462,True,0.6906925866733039,0.6906925866733039,0.0
PbSe/Cr,sigma_kappa_corners,transport_corner_pmpp,original,2.871141371061961,p,2.871141371061961,309.894134846523,366.36718349162305,0.3868846750685246,0.4917418041309824,1.0542394702149287,1.9164177838534073,1.5915101070837587,1.9164177838534073,0.309029435066426,0.690970564933574,0.9169376163945344,1.8566980565506044,0.18812284475613544,0.8118771552438646,True,0.601810644082515,0.601810644082515,1.9243645013681227e-16
PbSe/Cr,sigma_kappa_corners,transport_corner_pmpp,original,2.871141371061961,n,-2.871141371061961,309.894134846523,364.5780731419434,0.30038681967557634,0.3780250537408111,0.6191852432907083,1.24849140760524,1.4215328060772285,1.24849140760524,0.1798219484684204,0.8201780515315796,0.528991427967551,1.2345780703248797,0.12508891138419012,0.8749110886158099,True,0.6995867883898019,0.6995867883898019,1.0764933606928046e-16
PbSe/Cr,sigma_kappa_corners,transport_corner_pmpp,alpha_preserving_flattened,2.871141371061961,p,2.871141371061961,309.894134846523,366.6122741190928,0.3394937169351601,0.43387097771347716,1.0542394702149287,1.9196755705699204,1.5016272890213587,1.9196755705699204,0.29207221542914813,0.7079277845708518,0.9399614408515568,1.875964546932526,0.19007494836626546,0.8099250516337345,True,0.6168234417669078,0.6168234417669078,1.9409331742805227e-16
PbSe/Cr,sigma_kappa_corners,transport_corner_pmpp,alpha_preserving_flattened,2.871141371061961,n,-2.871141371061961,309.894134846523,364.4076518212685,0.3491217897027481,0.438077152408763,0.6191852432907083,1.2484911897424145,1.5090703022588525,1.2484911897424145,0.19089528825128457,0.8091047117487155,0.5067224379880646,1.2148358738150924,0.12308860866611886,0.8769113913338812,True,0.6813601776398048,0.6813601776398048,0.0
PbSe/Cr,sigma_kappa_corners,transport_corner_pmpp,original,2.8768707580245367,p,2.8768707580245367,309.894134846523,366.43613308789725,0.3876567067196649,0.4927637951949676,1.058451155865931,1.9249982014518712,1.5931344669021903,1.9249982014518712,0.3107298792157471,0.6892701207842529,0.9205350761470559,1.8650213512392224,0.1889661708257902,0.8110338291742099,True,0.6006267819627474,0.6006267819627474,0.0
PbSe/Cr,sigma_kappa_corners,transport_corner_pmpp,original,2.8768707580245367,n,-2.8768707580245367,309.894134846523,364.62136269214164,0.30098624412249664,0.37885778485377397,0.6216588877312338,1.2534786952898118,1.422657246166138,1.2534786952898118,0.18068308275578895,0.8193169172442111,0.5310766440433998,1.239810052523254,0.12561902201332506,0.8743809779866749,True,0.698709300251424,0.698709300251424,1.0727836937960738e-16
PbSe/Cr,sigma_kappa_corners,transport_corner_pmpp,alpha_preserving_flattened,2.8768707580245367,p,2.8768707580245367,309.894134846523,366.6836358888307,0.34017117952731574,0.43482595873756347,1.058451155865931,1.9282891979931538,1.5030065538910762,1.9282891979931538,0.2936522260265249,0.7063477739734751,0.9436576931657864,1.8843880826694257,0.19092843097758166,0.8090715690224184,True,0.6156323407268831,0.6156323407268831,0.0
PbSe/Cr,sigma_kappa_corners,transport_corner_pmpp,alpha_preserving_flattened,2.8768707580245367,n,-2.8768707580245367,309.894134846523,364.448778215031,0.34981846519578885,0.43900079794146263,0.6216588877312338,1.2534790437666115,1.510433057219047,1.2534790437666115,0.19183101037235473,0.8081689896276453,0.5087149852494667,1.2198992136346878,0.12360163224982365,0.8763983677501763,True,0.680472213640794,0.680472213640794,1.0625534869708388e-16
PbSe/Cr,sigma_kappa_corners,transport_corner_pmmm,original,2.7668676590337795,p,2.7668676590337795,309.894134846523,371.3143992619909,0.5044222695110117,0.6436963770800811,1.324603220344372,2.4792817805369634,1.8444641750733892,2.4792817805369634,0.463336344424084,0.536663655575916,1.11175705800393,2.375897358557034,0.2407287325817025,0.7592712674182975,True,0.5102859020898961,0.5102859020898961,9.414068046388074e-17
PbSe/Cr,sigma_kappa_corners,transport_corner_pmmm,original,2.7668676590337795,n,-2.7668676590337795,309.894134846523,367.88283921015704,0.3916459117568092,0.5007885607668696,0.7779776705622452,1.5686700627131764,1.5931989211370656,1.5686700627131764,0.25322225187250624,0.7467777481274938,0.6394901184015153,1.564968035206344,0.1585644136895305,0.8414355863104694,True,0.6280557987769396,0.6280557987769396,2.1134259221984285e-16
PbSe/Cr,sigma_kappa_corners,transport_corner_pmmm,alpha_preserving_flattened,2.7668676590337795,p,2.7668676590337795,309.894134846523,371.7719692920405,0.44263368961520927,0.5735278264994064,1.324603220344372,2.4845485107393506,1.7130506424679757,2.4845485107393506,0.43123890782239693,0.5687610921776031,1.1472146930653813,2.4091390602600997,0.24409682114454262,0.7559031788554573,True,0.5259523148237019,0.5259523148237019,1.898511353373425e-16
PbSe/Cr,sigma_kappa_corners,transport_corner_pmmm,alpha_preserving_flattened,2.7668676590337795,n,-2.7668676590337795,309.894134846523,367.53776813591753,0.45518682141238814,0.5758976155914708,0.7779776705622452,1.5686703753431053,1.7204266896626643,1.5686703753431053,0.27344382523838034,0.7265561747616196,0.6054190622067486,1.5254684829991225,0.1545622723065525,0.8454377276934475,True,0.6073418307305545,0.6073418307305545,1.0467762508170856e-16
PbSe/Cr,sigma_kappa_corners,transport_corner_pmmm,original,2.7748306895361288,p,2.7748306895361288,309.894134846523,371.4907519884408,0.5058739941372566,0.6455925209189277,1.332238593976588,2.4956444934616977,1.8480531607728468,2.4956444934616977,0.46730177896473557,0.5326982210352644,1.1179365214388204,2.3916235647860797,0.2423221304110329,0.7576778695889671,True,0.5082785062100431,0.5082785062100431,9.365512955585382e-17
PbSe/Cr,sigma_kappa_corners,transport_corner_pmmm,original,2.7748306895361288,n,-2.7748306895361288,309.894134846523,368.00128781307905,0.39277306662135697,0.5025194620462274,0.7824621456873466,1.5777137430696961,1.5957100506728887,1.5777137430696961,0.25508354485040763,0.7449164551495924,0.6430704685446866,1.5747036880692513,0.1595508415611312,0.8404491584388688,True,0.6266016733468869,0.6266016733468869,1.0516479344566274e-16
PbSe/Cr,sigma_kappa_corners,transport_corner_pmmm,alpha_preserving_flattened,2.7748306895361288,p,2.7748306895361288,309.894134846523,371.9534646814377,0.4439075870350101,0.5754340874881771,1.332238593976588,2.500900645588648,1.716150888239902,2.500900645588648,0.43486270471519417,0.5651372952848058,1.1536222936802747,2.425055122770303,0.24570945543700187,0.7542905445629982,True,0.5239087191349924,0.5239087191349924,3.777408433634587e-16
PbSe/Cr,sigma_kappa_corners,transport_corner_pmmm,alpha_preserving_flattened,2.7748306895361288,n,-2.7748306895361288,309.894134846523,367.65226529305096,0.45649684667916945,0.5777220241544183,0.7824621456873466,1.5777134295096686,1.7234477263381192,1.5777134295096686,0.27550310148210533,0.7244968985178947,0.6087875682183705,1.5347633992682828,0.15550404422480024,0.8444959557751998,True,0.6058812899905709,0.6058812899905709,1.0417610814750616e-16
PbSe/Cr,sigma_kappa_corners,transport_corner_pmmm,original,2.8106854181890806,p,2.8106854181890806,309.894134846523,372.3096917995525,0.5124106000861438,0.6540942031177172,1.3668898340256446,2.5699156187486523,1.8643004396465641,2.5699156187486523,0.4854393978910509,0.514560602108949,1.1459252847920842,2.4630313134341892,0.24955724802529392,0.7504427519747061,True,0.4992198977798517,0.4992198977798517,0.0
PbSe/Cr,sigma_kappa_corners,transport_corner_pmmm,original,2.8106854181890806,n,-2.8106854181890806,309.894134846523,368.55108149794836,0.39784824896635645,0.5103791715587963,0.8028138182496778,1.6187498087147636,1.6071241720932925,1.6187498087147636,0.2635902960679707,0.7364097039320293,0.6592936949381104,1.6189681930550395,0.16403577359963342,0.8359642264003666,True,0.6200704604491833,0.6200704604491833,1.0292795801961086e-16
PbSe/Cr,sigma_kappa_corners,transport_corner_pmmm,alpha_preserving_flattened,2.8106854181890806,p,2.8106854181890806,309.894134846523,372.7955043446,0.44964349955037425,0.584051020737004,1.3668898340256446,2.5750601483581224,1.73023109201244,2.5750601483581224,0.45143137976225467,0.5485686202377453,1.182652695723628,2.4973017791941388,0.2530295721800662,0.7469704278199338,True,0.5146826457879577,0.5146826457879577,9.226687449508213e-17
PbSe/Cr,sigma_kappa_corners,transport_corner_pmmm,alpha_preserving_flattened,2.8106854181890806,n,-2.8106854181890806,309.894134846523,368.1842002719161,0.4623954301964744,0.5859665485702791,0.8028138182496778,1.6187500755422042,1.7371527370182134,1.6187500755422042,0.28491680213304227,0.7150831978669577,0.624045033223753,1.5770036261604403,0.15978387401083458,0.8402161259891654,True,0.59932271400829,0.59932271400829,1.019611838031142e-16
PbSe/Cr,sigma_kappa_corners,transport_corner_mmpp,original,2.724626277154793,p,2.724626277154793,309.894134846523,366.37757613463424,0.36714184907248426,0.4666539258624384,1.0493242102486329,1.907621052757764,1.5543361991756894,1.907621052757764,0.3004258667433275,0.6995741332566725,0.9204257737154163,1.8538365844198272,0.18783291701288554,0.8121670829871145,True,0.6088013049313746,0.6088013049313746,0.0
PbSe/Cr,sigma_kappa_corners,transport_corner_mmpp,original,2.724626277154793,n,-2.724626277154793,309.894134846523,363.6589080071227,0.28505800182744506,0.35716591917702195,0.5576032865682886,1.1243208349035185,1.3933975185104728,1.1243208349035185,0.15873238659811625,0.8412676134018837,0.4769161180789905,1.1048745048601176,0.111947192608669,0.888052807391331,True,0.7217638147420758,0.7217638147420758,1.1786233041209076e-16
PbSe/Cr,sigma_kappa_corners,transport_corner_mmpp,alpha_preserving_flattened,2.724626277154793,p,2.724626277154793,309.894134846523,366.6093467378879,0.3221692639078783,0.4117269602433228,1.0493242102486329,1.9106868357931952,1.4708661543293386,1.9106868357931952,0.28474946756534997,0.7152505324346501,0.9420006093273701,1.871313295762109,0.189603678092261,0.810396321907739,True,0.6232960165037641,0.6232960165037641,2.029188023483802e-16
PbSe/Cr,sigma_kappa_corners,transport_corner_mmpp,alpha_preserving_flattened,2.724626277154793,n,-2.724626277154793,309.894134846523,363.5474320582017,0.33130601360795525,0.41473256605931674,0.5576032865682886,1.1243207537984414,1.4748891469113965,1.1243207537984414,0.168015698505761,0.831984301494239,0.45692432060341026,1.0891680565434296,0.11035579667440497,0.889644203325595,True,0.7038439613017672,0.7038439613017672,1.1672224920269988e-16
PbSe/Cr,sigma_kappa_corners,transport_corner_mmpp,original,2.732294351344624,p,2.732294351344624,309.894134846523,366.4750297873048,0.3681751177304594,0.4680217382746948,1.055238869840795,1.9196744656391116,1.5564601536199045,1.9196744656391116,0.30273724176412486,0.6972627582358751,0.925524744502693,1.865561210637818,0.18902087001905635,0.8109791299809437,True,0.6071348260326266,0.6071348260326266,2.0014758657531926e-16
PbSe/Cr,sigma_kappa_corners,transport_corner_mmpp,original,2.732294351344624,n,-2.732294351344624,309.894134846523,363.6977435134264,0.28586025714030966,0.358237267130186,0.5607462938441247,1.1306582303418233,1.3948414825653719,1.1306582303418233,0.15979252442080225,0.8402074755791977,0.4795814514476337,1.1114686573885622,0.11261531994796911,0.8873846800520309,True,0.7206169529655722,0.7206169529655722,1.172906083626227e-16
PbSe/Cr,sigma_kappa_corners,transport_corner_mmpp,alpha_preserving_flattened,2.732294351344624,p,2.732294351344624,309.894134846523,366.70995902001704,0.323075963603922,0.41300509879430936,1.055238869840795,1.9227835005160954,1.4726748764268967,1.9227835005160954,0.2869046051841424,0.7130953948158576,0.9472307325435334,1.883167921759207,0.19080480282992418,0.8091951971700758,True,0.6216205844931288,0.6216205844931288,1.0093285821183874e-16
PbSe/Cr,sigma_kappa_corners,transport_corner_mmpp,alpha_preserving_flattened,2.732294351344624,n,-2.732294351344624,309.894134846523,363.58306358630483,0.33223842739005227,0.4159412343732247,0.5607462938441247,1.1306581539687872,1.4766468367373855,1.1306581539687872,0.16916410411597257,0.8308358958840274,0.4594748058293697,1.0955638455882315,0.11100382559075099,0.888996174409249,True,0.7026791079450436,0.7026791079450436,0.0
PbSe/Cr,sigma_kappa_corners,transport_corner_mmpp,original,2.8106854181890806,p,2.8106854181890806,309.894134846523,367.54886952885244,0.3787382696288889,0.4820196028033797,1.1166582854625977,2.04610854704646,1.578403012550082,2.04610854704646,0.32722526287944614,0.6727747371205539,0.9783579358326479,1.9885638815166633,0.20148364622366988,0.7985163537763301,True,0.5899185972677539,0.5899185972677539,0.0
PbSe/Cr,sigma_kappa_corners,transport_corner_mmpp,original,2.8106854181890806,n,-2.8106854181890806,309.894134846523,364.1541128887791,0.29406174923600265,0.3693170375779806,0.5933841265323706,1.196467373599589,1.4097813134432935,1.196467373599589,0.170904250757923,0.829095749242077,0.5072113735540943,1.1801074290710043,0.11956988153859033,0.8804301184614096,True,0.7088018938860949,0.7088018938860949,2.2337717574443463e-16
PbSe/Cr,sigma_kappa_corners,transport_corner_mmpp,alpha_preserving_flattened,2.8106854181890806,p,2.8106854181890806,309.894134846523,367.8162028354022,0.3323451953198418,0.42618461819521325,1.1166582854625977,2.0496305088984643,1.4914109750037887,2.0496305088984643,0.30972279246940954,0.6902772075305905,1.001440275036346,2.007492318547605,0.20340149786814432,0.7965985021318557,True,0.6042902413465565,0.6042902413465565,0.0
PbSe/Cr,sigma_kappa_corners,transport_corner_mmpp,alpha_preserving_flattened,2.8106854181890806,n,-2.8106854181890806,309.894134846523,364.00754075747193,0.34177053536261154,0.4283804431391426,0.5933841265323706,1.1964672401982472,1.4948119251970513,1.1964672401982472,0.1812122782305783,0.8187877217694217,0.48590341049196895,1.1620942460955748,0.1177447645183538,0.8822552354816462,True,0.6906925866733039,0.6906925866733039,0.0
PbSe/Cr,sigma_kappa_corners,transport_corner_pppp,original,2.8106854181890806,p,2.8106854181890806,309.894134846523,365.6805156447394,0.3787382696288889,0.480971950526897,1.0103098773233026,1.8276083251008624,1.57450840649228,1.8276083251008624,0.29156028496227976,0.7084397150377202,0.8793547184395204,1.7705759060214583,0.17939684652669877,0.8206031534733013,True,0.6142079202432514,0.6142079202432514,2.0000421083915133e-16
PbSe/Cr,sigma_kappa_corners,transport_corner_pppp,original,2.8106854181890806,n,-2.8106854181890806,309.894134846523,363.4001025482433,0.29406174923600265,0.36799441517346076,0.5368713525769068,1.0825181707353717,1.4069318303146618,1.0825181707353717,0.1543151284902049,0.8456848715097951,0.4546189904203086,1.0584092963603302,0.10723928268528253,0.8927607173147175,True,0.724087166855947,0.724087166855947,0.0
PbSe/Cr,sigma_kappa_corners,transport_corner_pppp,alpha_preserving_flattened,2.8106854181890806,p,2.8106854181890806,309.894134846523,365.9006199291533,0.3323451953198418,0.42385794044091546,1.0103098773233026,1.830510789544346,1.4872148752532293,1.830510789544346,0.27583302885183564,0.7241669711481644,0.9013554355387324,1.788775575606811,0.18124085859098618,0.8187591414090138,True,0.6292843395599601,0.6292843395599601,1.0086983293038596e-16
PbSe/Cr,sigma_kappa_corners,transport_corner_pppp,alpha_preserving_flattened,2.8106854181890806,n,-2.8106854181890806,309.894134846523,363.30848484374934,0.34177053536261154,0.4275453105559986,0.5368713525769068,1.0825181775126234,1.4918915630383187,1.0825181775126234,0.1636336848200769,0.8363663151799231,0.43416871374017607,1.0427203612405025,0.10564966120885375,0.8943503387911462,True,0.7056103934592936,0.7056103934592936,1.1523864191224848e-16
PbSe/Cr,sigma_kappa_corners,transport_corner_pppp,original,2.971155246297437,p,2.971155246297437,309.894134846523,367.6699466810244,0.40036148816202594,0.5096015645704829,1.1289658556424813,2.0702800960701415,1.620190596347908,2.0702800960701415,0.3398564123896254,0.6601435876103746,0.9806129476909599,2.005943994533613,0.2032446198463848,0.7967553801536151,True,0.5809269235017449,0.5809269235017449,1.8078418670768153e-16
PbSe/Cr,sigma_kappa_corners,transport_corner_pppp,original,2.971155246297437,n,-2.971155246297437,309.894134846523,364.2117031886896,0.31085055030487047,0.3905096026811134,0.5999242801997935,1.209654643174574,1.4378282204843391,1.209654643174574,0.17622546074940384,0.8237745392505962,0.5074807363561263,1.190916362068954,0.12066505542385332,0.8793349445761467,True,0.7010572454823477,0.7010572454823477,0.0
PbSe/Cr,sigma_kappa_corners,transport_corner_pppp,alpha_preserving_flattened,2.971155246297437,p,2.971155246297437,309.894134846523,367.95677294435654,0.3513197045340301,0.4506925190861851,1.1289658556424813,2.074070389234594,1.5260473768177405,2.074070389234594,0.32069468523758166,0.6793053147624184,1.0054083224322747,2.026966850879516,0.20537468053489452,0.7946253194651055,True,0.5957838165316933,0.5957838165316933,1.823217073143125e-16
PbSe/Cr,sigma_kappa_corners,transport_corner_pppp,alpha_preserving_flattened,2.971155246297437,n,-2.971155246297437,309.894134846523,364.05325673964717,0.36128316338822497,0.45289514471023196,0.5999242801997935,1.209654664161869,1.529593633557134,1.209654664161869,0.18747256707679827,0.8125274329232017,0.4845797690122806,1.1709274583988554,0.11863975604428625,0.8813602439557138,True,0.6822354884015227,0.6822354884015227,1.0487541319356952e-16
PbSe/Cr,sigma_kappa_corners,transport_corner_pppp,original,2.9804059080917478,p,2.9804059080917478,309.894134846523,367.80105673644584,0.40160800960417176,0.5112543422389747,1.1360068471685512,2.0849434083131917,1.6228778610371655,2.0849434083131917,0.342831218087463,0.657168781912537,0.9865956665430756,2.0201689991667773,0.20468591415313475,0.7953140858468652,True,0.5789726517040669,0.5789726517040669,1.7975678782040865e-16
PbSe/Cr,sigma_kappa_corners,transport_corner_pppp,original,2.9804059080917478,n,-2.9804059080917478,309.894134846523,364.27089986212746,0.3118183803477567,0.3918360814010387,0.6036658121088931,1.2171987386557672,1.4396509497190235,1.2171987386557672,0.17754929669816938,0.8224507033018307,0.5106069029612623,1.198816041594343,0.12146546030376086,0.8785345396962392,True,0.6997118409810712,0.6997118409810712,1.0533160551625291e-16
PbSe/Cr,sigma_kappa_corners,transport_corner_pppp,alpha_preserving_flattened,2.9804059080917478,p,2.9804059080917478,309.894134846523,368.091781993736,0.35241353487910254,0.4522645433557093,1.1360068471685512,2.0887776577391266,1.5283434551770263,2.0887776577391266,0.32345467283098345,0.6765453271690165,1.0115600392975634,2.0413532529942318,0.20683232782551217,0.7931676721744878,True,0.5938119853060665,0.5938119853060665,1.812838752995705e-16
PbSe/Cr,sigma_kappa_corners,transport_corner_pppp,alpha_preserving_flattened,2.9804059080917478,n,-2.9804059080917478,309.894134846523,364.1087540976067,0.36240801486162005,0.45437489722997987,0.6036658121088931,1.217198867073089,1.5318131000374056,1.217198867073089,0.18891549186383294,0.8110845081361671,0.4875586037476034,1.1785610660478176,0.11941320220674032,0.8805867977932597,True,0.6808729152569105,0.6808729152569105,1.0432313480471984e-16
PbSe/Cr,sigma_kappa_corners,transport_corner_mmmm,original,2.62428644268921,p,2.62428644268921,309.894134846523,371.312221034151,0.4784285648597078,0.6105251205924626,1.3170346465563076,2.4650900323004272,1.7873714609933977,2.4650900323004272,0.44642433409253574,0.5535756659074642,1.117523268314612,2.3720880473535044,0.24034276866169885,0.7596572313383012,True,0.5181880783047529,0.5181880783047529,9.829100869967555e-17
PbSe/Cr,sigma_kappa_corners,transport_corner_mmmm,original,2.62428644268921,n,-2.62428644268921,309.894134846523,365.9891938003493,0.3714637572933159,0.47064797733852043,0.6998626737775284,1.4111646031084562,1.549617533004363,1.4111646031084562,0.22156565978375406,0.7784343402162459,0.5768052826714579,1.3964244533232886,0.14148737847782006,0.8585126215221799,True,0.654180060804148,0.654180060804148,0.0
PbSe/Cr,sigma_kappa_corners,transport_corner_mmmm,alpha_preserving_flattened,2.62428644268921,p,2.62428644268921,309.894134846523,371.7435408347807,0.4198240515559534,0.5439350005859882,1.3170346465563076,2.4700341523039193,1.6662736728168281,2.4700341523039193,0.41701295327380866,0.5829870467261913,1.1507039707600881,2.402159705427711,0.24338966465186512,0.7566103353481348,True,0.5334047042654864,0.5334047042654864,1.9821938188426232e-16
PbSe/Cr,sigma_kappa_corners,transport_corner_mmmm,alpha_preserving_flattened,2.62428644268921,n,-2.62428644268921,309.894134846523,365.7162354516746,0.43173029993797085,0.5436492098646025,0.6998626737775284,1.411164925437303,1.6676966366992192,1.411164925437303,0.23844876697590217,0.7615512330240979,0.5463694742369737,1.3642943701537353,0.13823192042055418,0.8617680795794458,True,0.6336101551143994,0.6336101551143994,2.286029579504322e-16
PbSe/Cr,sigma_kappa_corners,transport_corner_mmmm,original,2.634353337848698,p,2.634353337848698,309.894134846523,371.54712285345676,0.4802638409657763,0.6129215864742774,1.3271584497609554,2.4867797740137814,1.7917696713949123,2.4867797740137814,0.45146050413372035,0.5485394958662797,1.12581980888238,2.3930138392739857,0.24246299466773527,0.7575370053322648,True,0.5155075110546005,0.5155075110546005,2.9281808878520794e-16
PbSe/Cr,sigma_kappa_corners,transport_corner_mmmm,original,2.634353337848698,n,-2.634353337848698,309.894134846523,366.10864154832836,0.37288871100240467,0.47272534877813466,0.7052423894882185,1.4220122103087105,1.5526125144990879,1.4220122103087105,0.2237003494539379,0.7762996505460621,0.5811414711083097,1.40796876407038,0.1426570617070503,0.8573429382929497,True,0.6523356850077277,0.6523356850077277,2.2932572571207866e-16
PbSe/Cr,sigma_kappa_corners,transport_corner_mmmm,alpha_preserving_flattened,2.634353337848698,p,2.634353337848698,309.894134846523,371.9847843260406,0.42143451779305907,0.5463441553011937,1.3271584497609554,2.491709079330342,1.6700870032566943,2.491709079330342,0.4216350301565275,0.5783649698434725,1.1592870348021929,2.423310709399378,0.24553270940949823,0.7544672905905018,True,0.5306793678295679,0.5306793678295679,0.0
PbSe/Cr,sigma_kappa_corners,transport_corner_mmmm,alpha_preserving_flattened,2.634353337848698,n,-2.634353337848698,309.894134846523,365.8305556351687,0.43338643914440445,0.5458999412698506,0.7052423894882185,1.422011828364098,1.6713367893381936,1.422011828364098,0.24080607358048328,0.7591939264195167,0.5504585963904496,1.3753498189235889,0.13935207157561297,0.8606479284243871,True,0.6317532796471513,0.6317532796471513,1.1357924772242505e-16
PbSe/Cr,sigma_kappa_corners,transport_corner_mmmm,original,2.8106854181890806,p,2.8106854181890806,309.894134846523,376.266100187456,0.5124106000861438,0.6559792116609213,1.5107729744493967,2.959376650658068,1.8710576081504722,2.959376650658068,0.5610320305224671,0.4389679694775329,1.2749384055849977,2.852361181949954,0.2890046111306269,0.7109953888693731,True,0.46657392657254926,0.46657392657254926,0.0
PbSe/Cr,sigma_kappa_corners,transport_corner_mmmm,original,2.8106854181890806,n,-2.8106854181890806,309.894134846523,368.55108149794836,0.39784824896635645,0.5103791715587963,0.8028138182496778,1.6187498087147636,1.6071241720932925,1.6187498087147636,0.2635902960679707,0.7364097039320293,0.6592936949381104,1.6189681930550395,0.16403577359963342,0.8359642264003666,True,0.6200704604491833,0.6200704604491833,1.0292795801961086e-16
PbSe/Cr,sigma_kappa_corners,transport_corner_mmmm,alpha_preserving_flattened,2.8106854181890806,p,2.8106854181890806,309.894134846523,376.8244290624193,0.44964349955037425,0.5903628636932688,1.5107729744493967,2.978728139464208,1.7397946095051016,2.978728139464208,0.5250843853122406,0.47491561468775945,1.313758574285655,2.895094307020833,0.29333438194354444,0.7066656180564556,True,0.4802950035387159,0.4802950035387159,1.7443296467197661e-16
PbSe/Cr,sigma_kappa_corners,transport_corner_mmmm,alpha_preserving_flattened,2.8106854181890806,n,-2.8106854181890806,309.894134846523,368.1842002719161,0.4623954301964744,0.5859665485702791,0.8028138182496778,1.6187500755422042,1.7371527370182134,1.6187500755422042,0.28491680213304227,0.7150831978669577,0.624045033223753,1.5770036261604403,0.15978387401083458,0.8402161259891654,True,0.59932271400829,0.59932271400829,1.019611838031142e-16
PbSe/Cr,sigma_kappa_corners,transport_corner_mppp,original,2.8106854181890806,p,2.8106854181890806,309.894134846523,367.54886952885244,0.3787382696288889,0.4820196028033797,1.1166582854625977,2.04610854704646,1.578403012550082,2.04610854704646,0.32722526287944614,0.6727747371205539,0.9783579358326479,1.9885638815166633,0.20148364622366988,0.7985163537763301,True,0.5899185972677539,0.5899185972677539,0.0
PbSe/Cr,sigma_kappa_corners,transport_corner_mppp,original,2.8106854181890806,n,-2.8106854181890806,309.894134846523,363.4001025482433,0.29406174923600265,0.36799441517346076,0.5368713525769068,1.0825181707353717,1.4069318303146618,1.0825181707353717,0.1543151284902049,0.8456848715097951,0.4546189904203086,1.0584092963603302,0.10723928268528253,0.8927607173147175,True,0.724087166855947,0.724087166855947,0.0
PbSe/Cr,sigma_kappa_corners,transport_corner_mppp,alpha_preserving_flattened,2.8106854181890806,p,2.8106854181890806,309.894134846523,367.8162028354022,0.3323451953198418,0.42618461819521325,1.1166582854625977,2.0496305088984643,1.4914109750037887,2.0496305088984643,0.30972279246940954,0.6902772075305905,1.001440275036346,2.007492318547605,0.20340149786814432,0.7965985021318557,True,0.6042902413465565,0.6042902413465565,0.0
PbSe/Cr,sigma_kappa_corners,transport_corner_mppp,alpha_preserving_flattened,2.8106854181890806,n,-2.8106854181890806,309.894134846523,363.30848484374934,0.34177053536261154,0.4275453105559986,0.5368713525769068,1.0825181775126234,1.4918915630383187,1.0825181775126234,0.1636336848200769,0.8363663151799231,0.43416871374017607,1.0427203612405025,0.10564966120885375,0.8943503387911462,True,0.7056103934592936,0.7056103934592936,1.1523864191224848e-16
PbSe/Cr,sigma_kappa_corners,transport_corner_mppp,original,2.811415799505888,p,2.811415799505888,309.894134846523,367.559571649206,0.37883668809803056,0.48215010116681073,1.117238707812479,2.047314234225012,1.5786094115413365,2.047314234225012,0.3274608978424126,0.6725391021575874,0.9788561939525462,1.989736482455075,0.20160245553868986,0.7983975444613102,True,0.5897566809163259,0.5897566809163259,1.8982580629140106e-16
PbSe/Cr,sigma_kappa_corners,transport_corner_mppp,original,2.811415799505888,n,-2.811415799505888,309.894134846523,363.402853175722,0.29413816376686397,0.36809484945663534,0.5371504103120291,1.083080802731837,1.4070694796089447,1.083080802731837,0.15441043830552273,0.8455895616944773,0.4548536800317922,1.058993148433541,0.10729843926841229,0.8927015607315877,True,0.7239837838267524,0.7239837838267524,0.0
PbSe/Cr,sigma_kappa_corners,transport_corner_mppp,alpha_preserving_flattened,2.811415799505888,p,2.811415799505888,309.894134846523,367.82719214925606,0.33243155814074715,0.42630839544912835,1.117238707812479,2.0508395161121364,1.4915876777112582,2.0508395161121364,0.30994220506533615,0.6900577949346638,1.0019516671606599,2.0086771708570974,0.20352154850658347,0.7964784514934166,True,0.6041270689905349,0.6041270689905349,1.9143773633232905e-16
PbSe/Cr,sigma_kappa_corners,transport_corner_mppp,alpha_preserving_flattened,2.811415799505888,n,-2.811415799505888,309.894134846523,363.31094141433704,0.3418593474409924,0.42765936927083753,0.5371504103120291,1.0830808321873846,1.4920598207928486,1.0830808321873846,0.16373720026704516,0.8362627997329548,0.434392689513552,1.0432859527862657,0.10570696761372857,0.8942930323862714,True,0.7055052341422087,0.7055052341422087,0.0
PbSe/Cr,sigma_kappa_corners,transport_corner_mppp,original,2.822189846658226,p,2.822189846658226,309.894134846523,367.7185284004536,0.38028848485513816,0.48407493046193023,1.1258181909786646,2.0651527981199367,1.5816581764594075,2.0651527981199367,0.3309520499548996,0.6690479500451004,0.9862189021279607,2.007091618310489,0.20336089844583397,0.7966391015541661,True,0.5873650900530177,0.5873650900530177,1.8847837962686345e-16
PbSe/Cr,sigma_kappa_corners,transport_corner_mppp,original,2.822189846658226,n,-2.822189846658226,309.894134846523,363.44438424368815,0.2952653746355954,0.3695783657495205,0.5412752878970575,1.0913980303491444,1.4091030374950724,1.0913980303491444,0.1558210660917041,0.8441789339082959,0.4583219780677073,1.0676260347362312,0.10817313352685057,0.8918268664731495,True,0.7224571138093463,0.7224571138093463,0.0
PbSe/Cr,sigma_kappa_corners,transport_corner_mppp,alpha_preserving_flattened,2.822189846658226,p,2.822189846658226,309.894134846523,367.99066921002037,0.33370551885583,0.4281362419618368,1.1258181909786646,2.0687299715200016,1.4941989020747453,2.0687299715200016,0.313193308112038,0.6868066918879621,1.0095087969757603,2.0262126510626355,0.20529826411674537,0.7947017358832547,True,0.6017165321916573,0.6017165321916573,1.9007655914211776e-16
PbSe/Cr,sigma_kappa_corners,transport_corner_mppp,alpha_preserving_flattened,2.822189846658226,n,-2.822189846658226,309.894134846523,363.34782449018724,0.3431694377981157,0.42934281955364084,0.5412752878970575,1.091398010947691,1.4945453040976469,1.091398010947691,0.16526941768642178,0.8347305823135782,0.4377024856191622,1.051648117983456,0.10655423208932066,0.8934457679106793,True,0.7039526166986645,0.7039526166986645,0.0
PbSe/Cr,sigma_kappa_corners,transport_corner_ppmm,original,2.8106854181890806,p,2.8106854181890806,309.894134846523,372.3096917995525,0.5124106000861438,0.6540942031177172,1.3668898340256446,2.5699156187486523,1.8643004396465641,2.5699156187486523,0.4854393978910509,0.514560602108949,1.1459252847920842,2.4630313134341892,0.24955724802529392,0.7504427519747061,True,0.4992198977798517,0.4992198977798517,0.0
PbSe/Cr,sigma_kappa_corners,transport_corner_ppmm,original,2.8106854181890806,n,-2.8106854181890806,309.894134846523,366.5066239597101,0.39784824896635645,0.5053368062749276,0.7263553593687561,1.464583288700381,1.6002916748796028,1.464583288700381,0.23747258236777116,0.7625274176322289,0.590319328665112,1.449258256062746,0.14684056190770767,0.8531594380922923,True,0.638959608565503,0.638959608565503,2.1456572676062346e-16
PbSe/Cr,sigma_kappa_corners,transport_corner_ppmm,alpha_preserving_flattened,2.8106854181890806,p,2.8106854181890806,309.894134846523,372.7955043446,0.44964349955037425,0.584051020737004,1.3668898340256446,2.5750601483581224,1.73023109201244,2.5750601483581224,0.45143137976225467,0.5485686202377453,1.182652695723628,2.4973017791941388,0.2530295721800662,0.7469704278199338,True,0.5146826457879577,0.5146826457879577,9.226687449508213e-17
PbSe/Cr,sigma_kappa_corners,transport_corner_ppmm,alpha_preserving_flattened,2.8106854181890806,n,-2.8106854181890806,309.894134846523,366.195156307349,0.4623954301964744,0.5829993592415125,0.7263553593687561,1.4645825388366402,1.730884960634744,1.4645825388366402,0.2568516211045691,0.743148378895431,0.5566533494482784,1.4119328059856895,0.1430587031259173,0.8569412968740827,True,0.6176372389388016,0.6176372389388016,1.062705670705097e-16
PbSe/Cr,sigma_kappa_corners,transport_corner_ppmm,original,2.8537586629976017,p,2.8537586629976017,309.894134846523,373.34867340688373,0.5202631996966017,0.66434742781642,1.4091055263226573,2.667232989137581,1.884012580797331,2.667232989137581,0.5091491313368374,0.49085086866316263,1.1798993287978476,2.557159834295218,0.2590944611734358,0.7409055388265642,True,0.4882577738767598,0.4882577738767598,1.7801996819472888e-16
PbSe/Cr,sigma_kappa_corners,transport_corner_ppmm,original,2.8537586629976017,n,-2.8537586629976017,309.894134846523,367.04339174098214,0.403945201301709,0.5144147336626897,0.7487884725473727,1.5098159283390213,1.6137292461727026,1.5098159283390213,0.2468623888946498,0.7531376111053503,0.6080707187098576,1.4977131397440338,0.15175006807554756,0.8482499319244524,True,0.6314228471961364,0.6314228471961364,1.0464402844991197e-16
PbSe/Cr,sigma_kappa_corners,transport_corner_ppmm,alpha_preserving_flattened,2.8537586629976017,p,2.8537586629976017,309.894134846523,373.86310444985503,0.4565342047169354,0.5946139981378206,1.4091055263226573,2.6834651082530354,1.7474339342410656,2.6834651082530354,0.47511306440972045,0.5248869355902795,1.217909884213278,2.5981626011299,0.2632489100417366,0.7367510899582634,True,0.5033506846769167,0.5033506846769167,0.0
PbSe/Cr,sigma_kappa_corners,transport_corner_ppmm,alpha_preserving_flattened,2.8537586629976017,n,-2.8537586629976017,309.894134846523,366.7099533362594,0.4694815563898592,0.5927272923363258,0.7487884725473727,1.509816145081187,1.7472184821841255,1.509816145081187,0.26728312161069717,0.7327168783893028,0.5733005158789216,1.4581329501760232,0.1477397564197286,0.8522602435802714,True,0.6100642583077417,0.6100642583077417,1.0365796323743974e-16
PbSe/Cr,sigma_kappa_corners,transport_corner_ppmm,original,2.8658022712880236,p,2.8658022712880236,309.894134846523,373.6501959849293,0.5224588465346864,0.6672972297739115,1.42102421142269,2.6993790685900514,1.8895801913423214,2.6993790685900514,0.5168082741359783,0.4831917258640217,1.1894657655089358,2.5883551000888225,0.2622552024276812,0.7377447975723188,True,0.4851217406850285,0.4851217406850285,0.0
PbSe/Cr,sigma_kappa_corners,transport_corner_ppmm,original,2.8658022712880236,n,-2.8658022712880236,309.894134846523,367.1997417604165,0.40564995575006285,0.5169772211570725,0.7551219754995021,1.5225860620593972,1.6175281068631109,1.5225860620593972,0.24953642014539726,0.7504635798546028,0.6130731721341361,1.5114243618687448,0.1531393053304063,0.8468606946695937,True,0.629316991352896,0.629316991352896,0.0
PbSe/Cr,sigma_kappa_corners,transport_corner_ppmm,alpha_preserving_flattened,2.8658022712880236,p,2.8658022712880236,309.894134846523,374.17290902016356,0.4584608985204733,0.5976104036440549,1.42102421142269,2.7160559053177415,1.7523064456195134,2.7160559053177415,0.48222421853361286,0.5177757814663871,1.2278414041828138,2.6299389192897125,0.2664685242094843,0.7335314757905157,True,0.5001059513551539,0.5001059513551539,3.562152968528054e-16
PbSe/Cr,sigma_kappa_corners,transport_corner_ppmm,alpha_preserving_flattened,2.8658022712880236,n,-2.8658022712880236,309.894134846523,366.86018720847403,0.4714628914053429,0.5954595027180779,0.7551219754995021,1.5225867105046407,1.75182759179713,1.5225867105046407,0.2702549465985946,0.7297450534014054,0.5779896577656081,1.4711984279068762,0.14906356608827123,0.8509364339117288,True,0.6079491940767253,0.6079491940767253,2.0588927642936312e-16
PbSe/Cr,sigma_kappa_corners,transport_corner_mpmm,original,2.698744077888985,p,2.698744077888985,309.894134846523,373.1344699691604,0.4920027917322028,0.6281664716992151,1.3928300591255194,2.6297662350651194,1.8201551656852333,2.6297662350651194,0.4849822143600877,0.5150177856399123,1.179454902952123,2.5313368533556733,0.2564780461794676,0.7435219538205324,True,0.49828465820545037,0.49828465820545037,0.0
PbSe/Cr,sigma_kappa_corners,transport_corner_mpmm,original,2.698744077888985,n,-2.698744077888985,309.894134846523,365.2796469159133,0.3820031223872197,0.48235358553318974,0.6696503016970066,1.3502457644609904,1.5664042343206799,1.3502457644609904,0.21429741222371712,0.7857025877762829,0.5452228063158641,1.3275413139792305,0.13450805726648002,0.8654919427335199,True,0.6585191762197351,0.6585191762197351,2.292626370390345e-16
PbSe/Cr,sigma_kappa_corners,transport_corner_mpmm,alpha_preserving_flattened,2.698744077888985,p,2.698744077888985,309.894134846523,373.613736434942,0.4317355203538535,0.5619484512696942,1.3928300591255194,2.6446840281794946,1.694858599277764,2.6446840281794946,0.4541585746879411,0.5458414253120589,1.2148021651267278,2.568452392808665,0.2602386365683686,0.7397613634316313,True,0.513041214189409,0.513041214189409,1.88270260128884e-16
PbSe/Cr,sigma_kappa_corners,transport_corner_mpmm,alpha_preserving_flattened,2.698744077888985,n,-2.698744077888985,309.894134846523,365.0262187150757,0.4439795790770766,0.5580426127044139,0.6696503016970066,1.3502459879220379,1.6895087376280273,1.3502459879220379,0.23113919280185916,0.7688608071981409,0.5143100830450229,1.2956893344324452,0.1312807769974482,0.8687192230025518,True,0.6373218051670174,0.6373218051670174,1.1354476753885477e-16
PbSe/Cr,sigma_kappa_corners,transport_corner_mpmm,original,2.71231287192281,p,2.71231287192281,309.894134846523,373.48807068235686,0.49447649222117357,0.6314823690956666,1.406871060477651,2.667387830402042,1.8262098178390878,2.667387830402042,0.49355674715058007,0.5064432528494199,1.1908802566351537,2.5679480525245117,0.26018753621381974,0.7398124637861803,True,0.4945738770886891,0.4945738770886891,1.8500237520944609e-16
PbSe/Cr,sigma_kappa_corners,transport_corner_mpmm,original,2.71231287192281,n,-2.71231287192281,309.894134846523,365.4153700765124,0.3839237645594128,0.48509463088532984,0.6764009894280614,1.363858107202535,1.5704355226752755,1.363858107202535,0.21701490073939725,0.7829850992606028,0.5506082942924652,1.3419741475950473,0.13597040905174748,0.8640295909482525,True,0.6561542177363745,0.6561542177363745,2.2740070504578823e-16
PbSe/Cr,sigma_kappa_corners,transport_corner_mpmm,alpha_preserving_flattened,2.71231287192281,p,2.71231287192281,309.894134846523,373.97642812960373,0.4339062079713878,0.5653102737963626,1.406871060477651,2.682789619986604,1.7001730768648302,2.682789619986604,0.46214685993799404,0.5378531400620059,1.226634327591654,2.605692053444585,0.26401180306243904,0.735988196937561,True,0.5092039716706266,0.5092039716706266,1.865249235752909e-16
PbSe/Cr,sigma_kappa_corners,transport_corner_mpmm,alpha_preserving_flattened,2.71231287192281,n,-2.71231287192281,309.894134846523,365.1547695521565,0.44621182759336914,0.5610426728404898,0.6764009894280614,1.3638580460941228,1.694443362212283,1.3638580460941228,0.2341512505758514,0.7658487494241486,0.5193706214813928,1.3094875488641142,0.13267882841581569,0.8673211715841843,True,0.6349390331034591,0.6349390331034591,2.2524661182953753e-16
PbSe/Cr,sigma_kappa_corners,transport_corner_mpmm,original,2.8106854181890806,p,2.8106854181890806,309.894134846523,376.266100187456,0.5124106000861438,0.6559792116609213,1.5107729744493967,2.959376650658068,1.8710576081504722,2.959376650658068,0.5610320305224671,0.4389679694775329,1.2749384055849977,2.852361181949954,0.2890046111306269,0.7109953888693731,True,0.46657392657254926,0.46657392657254926,0.0
PbSe/Cr,sigma_kappa_corners,transport_corner_mpmm,original,2.8106854181890806,n,-2.8106854181890806,309.894134846523,366.5066239597101,0.39784824896635645,0.5053368062749276,0.7263553593687561,1.464583288700381,1.6002916748796028,1.464583288700381,0.23747258236777116,0.7625274176322289,0.590319328665112,1.449258256062746,0.14684056190770767,0.8531594380922923,True,0.638959608565503,0.638959608565503,2.1456572676062346e-16
PbSe/Cr,sigma_kappa_corners,transport_corner_mpmm,alpha_preserving_flattened,2.8106854181890806,p,2.8106854181890806,309.894134846523,376.8244290624193,0.44964349955037425,0.5903628636932688,1.5107729744493967,2.978728139464208,1.7397946095051016,2.978728139464208,0.5250843853122406,0.47491561468775945,1.313758574285655,2.895094307020833,0.29333438194354444,0.7066656180564556,True,0.4802950035387159,0.4802950035387159,1.7443296467197661e-16
PbSe/Cr,sigma_kappa_corners,transport_corner_mpmm,alpha_preserving_flattened,2.8106854181890806,n,-2.8106854181890806,309.894134846523,366.195156307349,0.4623954301964744,0.5829993592415125,0.7263553593687561,1.4645825388366402,1.730884960634744,1.4645825388366402,0.2568516211045691,0.743148378895431,0.5566533494482784,1.4119328059856895,0.1430587031259173,0.8569412968740827,True,0.6176372389388016,0.6176372389388016,1.062705670705097e-16
PbSe/Cr,sigma_kappa_corners,transport_corner_pmmp,original,2.7858898867205353,p,2.7858898867205353,309.894134846523,371.73900612100823,0.5078901748983836,0.6482213704868169,1.3428791349037017,2.5184524086854174,1.8530496357249209,2.5184524086854174,0.47284745455349375,0.5271525454465062,1.1265408449145564,2.413548147258411,0.24454355505799355,0.7554564449420065,True,0.5054876219568143,0.5054876219568143,9.298609509063475e-17
PbSe/Cr,sigma_kappa_corners,transport_corner_pmmp,original,2.7858898867205353,n,-2.7858898867205353,309.894134846523,363.9982571665645,0.2914675715632929,0.36578716124454563,0.5829607790384874,1.1754503889046848,1.4050201513189646,1.1754503889046848,0.16733512470920398,0.832664875290796,0.4983968576410332,1.158154371934729,0.11734557180497504,0.8826544281950249,True,0.7125562898943695,0.7125562898943695,2.2682833733769594e-16
PbSe/Cr,sigma_kappa_corners,transport_corner_pmmp,alpha_preserving_flattened,2.7858898867205353,p,2.7858898867205353,309.894134846523,372.2087886089555,0.4456767982359627,0.5780860400191096,1.3428791349037017,2.5236849386561424,1.7204726721186234,2.5236849386561424,0.4399295851732433,0.5600704148267567,1.1625453758844004,2.4472393410663806,0.24795718669294045,0.7520428133070596,True,0.5210671077203103,0.5210671077203103,9.375955612926659e-17
PbSe/Cr,sigma_kappa_corners,transport_corner_pmmp,alpha_preserving_flattened,2.7858898867205353,n,-2.7858898867205353,309.894134846523,363.86158472361564,0.3387554764699429,0.42442951332035583,0.5829607790384874,1.1754503634989009,1.4890271871745624,1.1754503634989009,0.17734019290893752,0.8226598070910625,0.477474285098966,1.1408241215537396,0.11558965032355513,0.8844103496764448,True,0.6944988583572541,0.6944988583572541,0.0
PbSe/Cr,sigma_kappa_corners,transport_corner_pmmp,original,2.8005333227428357,p,2.8005333227428357,309.894134846523,372.07361096352116,0.5105597912812602,0.6516934173572959,1.3570333522409765,2.548792162572178,1.8596860124784609,2.548792162572178,0.4802576618903828,0.5197423381096171,1.1379732084164964,2.4427181020732855,0.24749908940663015,0.7525009105933699,True,0.5017877300789123,0.5017877300789123,9.210957221535921e-17
PbSe/Cr,sigma_kappa_corners,transport_corner_pmmp,original,2.8005333227428357,n,-2.8005333227428357,309.894134846523,364.0890446048601,0.2929996086897806,0.3678689520392537,0.5891053034049412,1.187839753752064,1.4078278892189218,1.187839753752064,0.16943677429163367,0.8305632257083664,0.5035940643850382,1.1710919574932848,0.11865642328724194,0.8813435767127581,True,0.7103409089880555,0.7103409089880555,2.247801653800648e-16
PbSe/Cr,sigma_kappa_corners,transport_corner_pmmp,alpha_preserving_flattened,2.8005333227428357,p,2.8005333227428357,309.894134846523,372.55285271883855,0.4480194032731181,0.581605565764514,1.3570333522409765,2.5539791375419916,1.726224090573276,2.5539791375419916,0.44669878699088783,0.5533012130091122,1.174403268174331,2.4767520324626684,0.2509474475176834,0.7490525524823166,True,0.5172988292137694,0.5172988292137694,3.7149745035539395e-16
PbSe/Cr,sigma_kappa_corners,transport_corner_pmmp,alpha_preserving_flattened,2.8005333227428357,n,-2.8005333227428357,309.894134846523,363.9464567599316,0.3405360723831327,0.42676093281237415,0.5891053034049412,1.1878398487423028,1.4924390743047267,1.1878398487423028,0.179620026521383,0.820379973478617,0.4824445032705135,1.1533602075385605,0.1168598213937793,0.8831401786062207,True,0.6922525657522888,0.6922525657522888,1.1131109751168303e-16
PbSe/Cr,sigma_kappa_corners,transport_corner_pmmp,original,2.8106854181890806,p,2.8106854181890806,309.894134846523,372.3096917995525,0.5124106000861438,0.6540942031177172,1.3668898340256446,2.5699156187486523,1.8643004396465641,2.5699156187486523,0.4854393978910509,0.514560602108949,1.1459252847920842,2.4630313134341892,0.24955724802529392,0.7504427519747061,True,0.4992198977798517,0.4992198977798517,0.0
PbSe/Cr,sigma_kappa_corners,transport_corner_pmmp,original,2.8106854181890806,n,-2.8106854181890806,309.894134846523,364.1541128887791,0.29406174923600265,0.3693170375779806,0.5933841265323706,1.196467373599589,1.4097813134432935,1.196467373599589,0.170904250757923,0.829095749242077,0.5072113735540943,1.1801074290710043,0.11956988153859033,0.8804301184614096,True,0.7088018938860949,0.7088018938860949,2.2337717574443463e-16
PbSe/Cr,sigma_kappa_corners,transport_corner_pmmp,alpha_preserving_flattened,2.8106854181890806,p,2.8106854181890806,309.894134846523,372.7955043446,0.44964349955037425,0.584051020737004,1.3668898340256446,2.5750601483581224,1.73023109201244,2.5750601483581224,0.45143137976225467,0.5485686202377453,1.182652695723628,2.4973017791941388,0.2530295721800662,0.7469704278199338,True,0.5146826457879577,0.5146826457879577,9.226687449508213e-17
PbSe/Cr,sigma_kappa_corners,transport_corner_pmmp,alpha_preserving_flattened,2.8106854181890806,n,-2.8106854181890806,309.894134846523,364.00754075747193,0.34177053536261154,0.4283804431391426,0.5933841265323706,1.1964672401982472,1.4948119251970513,1.1964672401982472,0.1812122782305783,0.8187877217694217,0.48590341049196895,1.1620942460955748,0.1177447645183538,0.8822552354816462,True,0.6906925866733039,0.6906925866733039,0.0
PbSe/Cr,sigma_kappa_corners,transport_corner_mmmp,original,2.637190886046474,p,2.637190886046474,309.894134846523,371.6140495541552,0.48078114886704,0.6135962676871948,1.3300190411534072,2.4929103548309266,1.7930113686791767,2.4929103548309266,0.45288710931681675,0.5471128906831833,1.1281627397124776,2.3989289859586402,0.24306232433124253,0.7569376756687575,True,0.5147513497332717,0.5147513497332717,9.741406199898313e-17
PbSe/Cr,sigma_kappa_corners,transport_corner_mmmp,original,2.637190886046474,n,-2.637190886046474,309.894134846523,363.29127546522847,0.27591026729690765,0.3451009837068956,0.5223896643331638,1.0533180347588251,1.3771432807008621,1.0533180347588251,0.14697345456410052,0.8530265454358995,0.4469999262683431,1.0311852581957548,0.10448091091492356,0.8955190890850764,True,0.7347202305776397,0.7347202305776397,0.0
PbSe/Cr,sigma_kappa_corners,transport_corner_mmmp,alpha_preserving_flattened,2.637190886046474,p,2.637190886046474,309.894134846523,372.0534805886288,0.421888458704957,0.5470241419972239,1.3300190411534072,2.497833796599506,1.671164648681664,2.497833796599506,0.4229441596158264,0.5770558403841737,1.1617110834917665,2.429287237683697,0.24613825832933733,0.7538617416706627,True,0.529910451742489,0.529910451742489,9.822406126835889e-17
PbSe/Cr,sigma_kappa_corners,transport_corner_mmmp,alpha_preserving_flattened,2.637190886046474,n,-2.637190886046474,309.894134846523,363.217363534664,0.32067414415883594,0.40105132084264244,0.5223896643331638,1.0533180847136412,1.4550831249355534,1.0533180847136412,0.15529146944198582,0.8447085305580142,0.4282849209548883,1.0176446784251454,0.10310896334536193,0.8968910366546381,True,0.7170207856762381,0.7170207856762381,1.234899327835653e-16
PbSe/Cr,sigma_kappa_corners,transport_corner_mmmp,original,2.6527272729502553,p,2.6527272729502553,309.894134846523,371.9849109163222,0.4836135573909603,0.6172833334038796,1.3457361878695582,2.526589761284276,1.7998251602355027,2.526589761284276,0.46074995887889186,0.5392500411211081,1.141025002206177,2.431431077469733,0.24635547471399805,0.753644525286002,True,0.510606831635197,0.510606831635197,9.63714898339562e-17
PbSe/Cr,sigma_kappa_corners,transport_corner_mmmp,original,2.6527272729502553,n,-2.6527272729502553,309.894134846523,363.34628273483173,0.2775357274356224,0.3472247060522886,0.5285628654252361,1.0657653355229384,1.3800037314731055,1.0657653355229384,0.14901915822826758,0.8509808417717324,0.45225161525660823,1.0440781539881991,0.10578723437719134,0.8942127656228087,True,0.7324347304222978,0.7324347304222978,0.0
PbSe/Cr,sigma_kappa_corners,transport_corner_mmmp,alpha_preserving_flattened,2.6527272729502553,p,2.6527272729502553,309.894134846523,372.43425850735366,0.4243739148618704,0.5507532518721924,1.3457361878695582,2.5314719748034564,1.677086904801165,2.5314719748034564,0.43015893305160485,0.5698410669483951,1.1750202849676337,2.4621328738921613,0.24946621706746455,0.7505337829325355,True,0.525695015837482,0.525695015837482,0.0
PbSe/Cr,sigma_kappa_corners,transport_corner_mmmp,alpha_preserving_flattened,2.6527272729502553,n,-2.6527272729502553,309.894134846523,363.26549984931444,0.3225633200998159,0.4034687759782081,0.5285628654252361,1.06576539624556,1.4585711065025686,1.06576539624556,0.15750323418256335,0.8424967658174367,0.43331409122225817,1.0301654194649013,0.10437757964758919,0.8956224203524108,True,0.7146940443709278,0.7146940443709278,0.0
PbSe/Cr,sigma_kappa_corners,transport_corner_mmmp,original,2.8106854181890806,p,2.8106854181890806,309.894134846523,376.266100187456,0.5124106000861438,0.6559792116609213,1.5107729744493967,2.959376650658068,1.8710576081504722,2.959376650658068,0.5610320305224671,0.4389679694775329,1.2749384055849977,2.852361181949954,0.2890046111306269,0.7109953888693731,True,0.46657392657254926,0.46657392657254926,0.0
PbSe/Cr,sigma_kappa_corners,transport_corner_mmmp,original,2.8106854181890806,n,-2.8106854181890806,309.894134846523,364.1541128887791,0.29406174923600265,0.3693170375779806,0.5933841265323706,1.196467373599589,1.4097813134432935,1.196467373599589,0.170904250757923,0.829095749242077,0.5072113735540943,1.1801074290710043,0.11956988153859033,0.8804301184614096,True,0.7088018938860949,0.7088018938860949,2.2337717574443463e-16
PbSe/Cr,sigma_kappa_corners,transport_corner_mmmp,alpha_preserving_flattened,2.8106854181890806,p,2.8106854181890806,309.894134846523,376.8244290624193,0.44964349955037425,0.5903628636932688,1.5107729744493967,2.978728139464208,1.7397946095051016,2.978728139464208,0.5250843853122406,0.47491561468775945,1.313758574285655,2.895094307020833,0.29333438194354444,0.7066656180564556,True,0.4802950035387159,0.4802950035387159,1.7443296467197661e-16
PbSe/Cr,sigma_kappa_corners,transport_corner_mmmp,alpha_preserving_flattened,2.8106854181890806,n,-2.8106854181890806,309.894134846523,364.00754075747193,0.34177053536261154,0.4283804431391426,0.5933841265323706,1.1964672401982472,1.4948119251970513,1.1964672401982472,0.1812122782305783,0.8187877217694217,0.48590341049196895,1.1620942460955748,0.1177447645183538,0.8822552354816462,True,0.6906925866733039,0.6906925866733039,0.0
PbSe/Cr,sigma_kappa_corners,transport_corner_ppmp,original,2.8106854181890806,p,2.8106854181890806,309.894134846523,372.3096917995525,0.5124106000861438,0.6540942031177172,1.3668898340256446,2.5699156187486523,1.8643004396465641,2.5699156187486523,0.4854393978910509,0.514560602108949,1.1459252847920842,2.4630313134341892,0.24955724802529392,0.7504427519747061,True,0.4992198977798517,0.4992198977798517,0.0
PbSe/Cr,sigma_kappa_corners,transport_corner_ppmp,original,2.8106854181890806,n,-2.8106854181890806,309.894134846523,363.4001025482433,0.29406174923600265,0.36799441517346076,0.5368713525769068,1.0825181707353717,1.4069318303146618,1.0825181707353717,0.1543151284902049,0.8456848715097951,0.4546189904203086,1.0584092963603302,0.10723928268528253,0.8927607173147175,True,0.724087166855947,0.724087166855947,0.0
PbSe/Cr,sigma_kappa_corners,transport_corner_ppmp,alpha_preserving_flattened,2.8106854181890806,p,2.8106854181890806,309.894134846523,372.7955043446,0.44964349955037425,0.584051020737004,1.3668898340256446,2.5750601483581224,1.73023109201244,2.5750601483581224,0.45143137976225467,0.5485686202377453,1.182652695723628,2.4973017791941388,0.2530295721800662,0.7469704278199338,True,0.5146826457879577,0.5146826457879577,9.226687449508213e-17
PbSe/Cr,sigma_kappa_corners,transport_corner_ppmp,alpha_preserving_flattened,2.8106854181890806,n,-2.8106854181890806,309.894134846523,363.30848484374934,0.34177053536261154,0.4275453105559986,0.5368713525769068,1.0825181775126234,1.4918915630383187,1.0825181775126234,0.1636336848200769,0.8363663151799231,0.43416871374017607,1.0427203612405025,0.10564966120885375,0.8943503387911462,True,0.7056103934592936,0.7056103934592936,1.1523864191224848e-16
PbSe/Cr,sigma_kappa_corners,transport_corner_ppmp,original,2.8675967968035603,p,2.8675967968035603,309.894134846523,373.6955308226146,0.5227860029963578,0.6677376285895447,1.422804419805184,2.704205975980813,1.8904119266241632,2.704205975980813,0.5179602972210537,0.48203970277894626,1.1908936586590082,2.5930402828696555,0.26272991069261586,0.7372700893073841,True,0.4846519950356445,0.4846519950356445,1.764508074421644e-16
PbSe/Cr,sigma_kappa_corners,transport_corner_ppmp,original,2.8675967968035603,n,-2.8675967968035603,309.894134846523,363.6405849150416,0.30001597642859573,0.3758748954736219,0.5588328439487679,1.1268001225855262,1.4177371242203118,1.1268001225855262,0.16186123581500125,0.8381387641849988,0.47306892311201987,1.1044285244895569,0.11190200534964254,0.8880979946503574,True,0.7159902662194414,0.7159902662194414,0.0
PbSe/Cr,sigma_kappa_corners,transport_corner_ppmp,alpha_preserving_flattened,2.8675967968035603,p,2.8675967968035603,309.894134846523,374.21957429863926,0.4587479803573863,0.5980583582510982,1.422804419805184,2.720952806614237,1.7530348202991604,2.720952806614237,0.48329444834273244,0.5167055516572676,1.2293239357774657,2.634710968010085,0.2669520338342314,0.7330479661657686,True,0.49962023829934615,0.49962023829934615,1.779030767579554e-16
PbSe/Cr,sigma_kappa_corners,transport_corner_ppmp,alpha_preserving_flattened,2.8675967968035603,n,-2.8675967968035603,309.894134846523,363.52467253382434,0.34869078058515485,0.4364671987536692,0.5588328439487679,1.1268001242805579,1.5050924985470535,1.1268001242805579,0.17183448753319494,0.828165512466805,0.45177190804353073,1.0872814784735658,0.11016464635133269,0.8898353536486673,True,0.6973809464695393,0.6973809464695393,1.1138478467493367e-16
PbSe/Cr,sigma_kappa_corners,transport_corner_ppmp,original,2.8858089035979213,p,2.8858089035979213,309.894134846523,374.16221237625297,0.5261062168171361,0.6722207239248311,1.4409342701862986,2.7537639240338057,1.8988841850298894,2.7537639240338057,0.5298164497937206,0.47018355020627944,1.205420889737173,2.6411455086970936,0.26760398911283384,0.7323960108871661,True,0.4798526042358497,0.4798526042358497,0.0
PbSe/Cr,sigma_kappa_corners,transport_corner_ppmp,original,2.8858089035979213,n,-2.8858089035979213,309.894134846523,363.7287567531697,0.30192137784654355,0.37842072418180484,0.5659536791864257,1.1411580256882001,1.4212295611136487,1.1411580256882001,0.16432751041481936,0.8356724895851806,0.4790424860826042,1.1193805798535295,0.11341696529700601,0.8865830347029939,True,0.7133821090728473,0.7133821090728473,0.0
PbSe/Cr,sigma_kappa_corners,transport_corner_ppmp,alpha_preserving_flattened,2.8858089035979213,p,2.8858089035979213,309.894134846523,374.698799271799,0.4616614887067047,0.6026238965703058,1.4409342701862986,2.7712000464154767,1.7604623559126422,2.7712000464154767,0.49430485398982543,0.5056951460101746,1.244409234769256,2.6837119218311005,0.2719168684749802,0.7280831315250198,True,0.49465875557941286,0.49465875557941286,1.75842875735052e-16
PbSe/Cr,sigma_kappa_corners,transport_corner_ppmp,alpha_preserving_flattened,2.8858089035979213,n,-2.8858089035979213,309.894134846523,363.605160656549,0.35090531567645655,0.4393381241633403,0.5659536791864257,1.1411580992543804,1.5093559926549625,1.1411580992543804,0.17451700652624275,0.8254829934737573,0.45746936140668193,1.101751638430782,0.11163078008569179,0.8883692199143082,True,0.6947327186487863,0.6947327186487863,2.2038923061421867e-16
PbSe/Cr,sigma_kappa_corners,transport_corner_mpmp,original,2.707625009884221,p,2.707625009884221,309.894134846523,373.36517443119374,0.49362185719700147,0.630335294655986,1.402012094508118,2.6543230737714323,1.8241142682301563,2.6543230737714323,0.49057575102246076,0.5094242489775392,1.186928167735857,2.555234066053609,0.25889934005577514,0.7411006599442249,True,0.4958616368943305,0.4958616368943305,1.8559716305498642e-16
PbSe/Cr,sigma_kappa_corners,transport_corner_mpmp,original,2.707625009884221,n,-2.707625009884221,309.894134846523,363.1037739387957,0.28327928181827583,0.35400297358202015,0.4982218653878675,1.0045873803831786,1.3877659980895616,1.0045873803831786,0.14125512552983002,0.85874487447017,0.4220525481630162,0.9777713076176179,0.0990689462193334,0.9009310537806666,True,0.7385300053842823,0.7385300053842823,2.4800540898883405e-16
PbSe/Cr,sigma_kappa_corners,transport_corner_mpmp,alpha_preserving_flattened,2.707625009884221,p,2.707625009884221,309.894134846523,373.85037583240376,0.4331562604038658,0.564146517844751,1.402012094508118,2.669556077345777,1.6983330881721923,2.669556077345777,0.4593695180312475,0.5406304819687525,1.22254126429474,2.5927596436318607,0.26270147599286603,0.7372985240071339,True,0.5105342579074744,0.5105342579074744,0.0
PbSe/Cr,sigma_kappa_corners,transport_corner_mpmp,alpha_preserving_flattened,2.707625009884221,n,-2.707625009884221,309.894134846523,363.058684518262,0.3292387128067685,0.41157796741409974,0.4982218653878675,1.004587449326315,1.4684453755077986,1.004587449326315,0.1494671654816863,0.8505328345183137,0.40307497189789193,0.9645444501051833,0.09772878536030498,0.9022712146396951,True,0.7203226365186507,0.7203226365186507,1.2278430949238599e-16
PbSe/Cr,sigma_kappa_corners,transport_corner_mpmp,original,2.726135476035653,p,2.726135476035653,309.894134846523,373.85546603348223,0.49699646433273725,0.6348742346690559,1.4212471114550762,2.7063436090655437,1.832410653096955,2.7063436090655437,0.5024652112343225,0.49753478876567747,1.2025624208204844,2.605864420021766,0.2640292674480594,0.7359707325519407,True,0.49074788844817485,0.49074788844817485,1.8326211006815872e-16
PbSe/Cr,sigma_kappa_corners,transport_corner_mpmp,original,2.726135476035653,n,-2.726135476035653,309.894134846523,363.143346135629,0.285215898424474,0.356489965806482,0.5050572600764155,1.0183699394475598,1.3911714033677975,1.0183699394475598,0.14354447050101315,0.8564555294989868,0.42782101201593087,0.9919998763218391,0.10051060164198142,0.8994893983580186,True,0.7359577202932103,0.7359577202932103,1.2257320202682893e-16
PbSe/Cr,sigma_kappa_corners,transport_corner_mpmp,alpha_preserving_flattened,2.726135476035653,p,2.726135476035653,309.894134846523,374.35320122785095,0.4361174992265303,0.5687567684446622,1.4212471114550762,2.722252241127398,1.7056228646685851,2.722252241127398,0.4704480014771111,0.5295519985228889,1.23873481519826,2.644266357942193,0.2679201972523166,0.7320798027476834,True,0.5052548001294165,0.5052548001294165,0.0
PbSe/Cr,sigma_kappa_corners,transport_corner_mpmp,alpha_preserving_flattened,2.726135476035653,n,-2.726135476035653,309.894134846523,363.0897103725212,0.33148952746053445,0.4144280846005163,0.5050572600764155,1.0183699580911716,1.4726137198625946,1.0183699580911716,0.15194789084103807,0.8480521091589619,0.40858458384400115,0.9783473175226791,0.09912730822470392,0.900872691775296,True,0.7176992033377598,0.7176992033377598,0.0
PbSe/Cr,sigma_kappa_corners,transport_corner_mpmp,original,2.8106854181890806,p,2.8106854181890806,309.894134846523,376.266100187456,0.5124106000861438,0.6559792116609213,1.5107729744493967,2.959376650658068,1.8710576081504722,2.959376650658068,0.5610320305224671,0.4389679694775329,1.2749384055849977,2.852361181949954,0.2890046111306269,0.7109953888693731,True,0.46657392657254926,0.46657392657254926,0.0
PbSe/Cr,sigma_kappa_corners,transport_corner_mpmp,original,2.8106854181890806,n,-2.8106854181890806,309.894134846523,363.4001025482433,0.29406174923600265,0.36799441517346076,0.5368713525769068,1.0825181707353717,1.4069318303146618,1.0825181707353717,0.1543151284902049,0.8456848715097951,0.4546189904203086,1.0584092963603302,0.10723928268528253,0.8927607173147175,True,0.724087166855947,0.724087166855947,0.0
PbSe/Cr,sigma_kappa_corners,transport_corner_mpmp,alpha_preserving_flattened,2.8106854181890806,p,2.8106854181890806,309.894134846523,376.8244290624193,0.44964349955037425,0.5903628636932688,1.5107729744493967,2.978728139464208,1.7397946095051016,2.978728139464208,0.5250843853122406,0.47491561468775945,1.313758574285655,2.895094307020833,0.29333438194354444,0.7066656180564556,True,0.4802950035387159,0.4802950035387159,1.7443296467197661e-16
PbSe/Cr,sigma_kappa_corners,transport_corner_mpmp,alpha_preserving_flattened,2.8106854181890806,n,-2.8106854181890806,309.894134846523,363.30848484374934,0.34177053536261154,0.4275453105559986,0.5368713525769068,1.0825181775126234,1.4918915630383187,1.0825181775126234,0.1636336848200769,0.8363663151799231,0.43416871374017607,1.0427203612405025,0.10564966120885375,0.8943503387911462,True,0.7056103934592936,0.7056103934592936,1.1523864191224848e-16
PbSe/Cr,representation_choice,piecewise_linear,original,2.801508346537574,p,2.801508346537574,309.894134846523,369.1879706277058,0.4339848939829522,0.5764625222300581,1.2119957546772318,2.2432400458547153,1.7017445979913652,2.2432400458547153,0.38678567801662,0.61321432198338,1.0390246655610818,2.1800225531232895,0.22088246544944287,0.7791175345505571,True,0.5530832171477735,0.5530832171477735,0.0
PbSe/Cr,representation_choice,piecewise_linear,original,2.801508346537574,n,-2.801508346537574,309.894134846523,364.9228571404643,0.3365297672307525,0.4260224694019395,0.6440457672797876,1.2986187556407145,1.485900056769435,1.2986187556407145,0.19551114759122554,0.8044888524087744,0.5281559611982338,1.2801218113172916,0.12970345712904138,0.8702965428709586,True,0.6801372966159387,0.6801372966159387,1.102445036215045e-16
PbSe/Cr,representation_choice,piecewise_linear,alpha_preserving_flattened,2.801508346537574,p,2.801508346537574,309.894134846523,369.5315533397533,0.3806169254775767,0.5030589761089159,1.2119957546772318,2.2476297268503664,1.5910423632849118,2.2476297268503664,0.36233206186082983,0.6376679381391701,1.0629742630688137,2.199748354613288,0.22288110700470332,0.7771188929952967,True,0.5679951627777697,0.5679951627777697,1.8969311455064098e-16
PbSe/Cr,representation_choice,piecewise_linear,alpha_preserving_flattened,2.801508346537574,n,-2.801508346537574,309.894134846523,364.71944934408486,0.3914112561890744,0.49945181291182267,0.6440457672797876,1.2986185368632674,1.5896350622980915,1.2986185368632674,0.209160314320222,0.790839685679778,0.5060719435268977,1.2662545464779646,0.128298409441639,0.8717015905583609,True,0.6609283549608943,0.6609283549608943,1.0922291572080274e-16
PbSe/Cr,representation_choice,piecewise_linear,original,2.8106854181890806,p,2.8106854181890806,309.894134846523,369.3522947710965,0.43540652475291775,0.5788084850984277,1.2199491768678876,2.260088182993455,1.705343678260002,2.260088182993455,0.39051485130980657,0.6094851486901934,1.0456553028294826,2.196588965894833,0.22256099400016324,0.7774390059998367,True,0.5508978025363966,0.5508978025363966,3.7404752691219064e-16
PbSe/Cr,representation_choice,piecewise_linear,original,2.8106854181890806,n,-2.8106854181890806,309.894134846523,365.0026507413142,0.3376321583018191,0.42757353436234935,0.648272158236615,1.307140693847983,1.488091014860738,1.307140693847983,0.19708432502718334,0.8029156749728167,0.5315558684776496,1.2890790118797861,0.13061101129215513,0.8693889887078449,True,0.678642835703596,0.678642835703596,1.0964091474514517e-16
PbSe/Cr,representation_choice,piecewise_linear,alpha_preserving_flattened,2.8106854181890806,p,2.8106854181890806,309.894134846523,369.7006293276176,0.38186373554016345,0.5051173914264521,1.2199491768678876,2.264511423153649,1.593991127606282,2.264511423153649,0.3657300708498084,0.6342699291501916,1.069774299642232,2.2164374006127923,0.2245720608992345,0.7754279391007655,True,0.5657892324413661,0.5657892324413661,3.7712184121780123e-16
PbSe/Cr,representation_choice,piecewise_linear,alpha_preserving_flattened,2.8106854181890806,n,-2.8106854181890806,309.894134846523,364.7951888881544,0.3926934258987213,0.5012609576423545,0.648272158236615,1.3071406688111744,1.592372589451203,1.3071406688111744,0.21089548141788608,0.789104518582114,0.5093229257519527,1.2752218849473282,0.1292069907894764,0.8707930092105236,True,0.6594154637982655,0.6594154637982655,1.0862548006958185e-16
PbSe/Cr,representation_choice,piecewise_linear,original,2.8119137328047517,p,2.8119137328047517,309.894134846523,369.3744563515957,0.4355968043888569,0.5791231886799522,1.2210156845779494,2.2623491815460848,1.705826675194711,2.2623491815460848,0.3910162379011135,0.6089837620988865,1.0465441150849841,2.198813460992035,0.2227863824764183,0.7772136175235818,True,0.550604997950885,0.550604997950885,3.7374869865400687e-16
PbSe/Cr,representation_choice,piecewise_linear,original,2.8119137328047517,n,-2.8119137328047517,309.894134846523,365.0134199476565,0.3377797089711607,0.4277813934081719,0.6488388927105485,1.3082831316737837,1.4883847597517883,1.3082831316737837,0.19729551413516397,0.802704485864836,0.5320116357380079,1.2902805206353873,0.13073274958142928,0.8692672504185708,True,0.6784426993638789,0.6784426993638789,1.09560513519618e-16
PbSe/Cr,representation_choice,piecewise_linear,alpha_preserving_flattened,2.8119137328047517,p,2.8119137328047517,309.894134846523,369.7234245838875,0.3820306161183041,0.5053935178550762,1.2210156845779494,2.2667766761396875,1.5943868045302674,2.2667766761396875,0.36618679679351573,0.6338132032064843,1.0706858506283725,2.2186770883537923,0.22479898871214188,0.7752010112878581,True,0.5654936461961149,0.5654936461961149,1.884100683461648e-16
PbSe/Cr,representation_choice,piecewise_linear,alpha_preserving_flattened,2.8119137328047517,n,-2.8119137328047517,309.894134846523,364.8054020613942,0.39286503922527427,0.501503367861862,0.6488388927105485,1.3082833536863576,1.59273965976814,1.3082833536863576,0.21112850109784906,0.7888714989021509,0.5097587084664719,1.276424827949253,0.12932887439828566,0.8706711256017143,True,0.6592128760638833,0.6592128760638833,1.0854589740936105e-16
PbSe/Cr,representation_choice,bound_checked_smooth_quadratic,original,2.8056103314616636,p,2.8056103314616636,309.894134846523,369.2755745996997,0.4601608262495828,0.5538207340566768,1.2155475756341494,2.250947275816067,1.691101311095672,2.250947275816067,0.38568718001702584,0.6143128199829742,1.0759691666258901,2.181407622194516,0.22102280228716595,0.778977197712834,True,0.5510532080853673,0.5510532080853673,3.7476865036601003e-16
PbSe/Cr,representation_choice,bound_checked_smooth_quadratic,original,2.8056103314616636,n,-2.8056103314616636,309.894134846523,364.9231238444767,0.35249810158493555,0.4321895483470382,0.645933179215523,1.3024241365246587,1.5021785883606074,1.3024241365246587,0.1982322260693092,0.8017677739306908,0.5409098119754435,1.2773110586150938,0.1294186683383288,0.8705813316616712,True,0.6755198322214699,0.6755198322214699,1.098068935781801e-16
PbSe/Cr,representation_choice,bound_checked_smooth_quadratic,alpha_preserving_flattened,2.8056103314616636,p,2.8056103314616636,309.894134846523,369.5870122473693,0.4014688716073578,0.4937050934150554,1.2155475756341494,2.254916466739981,1.5931670206405015,2.254916466739981,0.363992152381794,0.6360078476182061,1.0901366543186422,2.2012976994181472,0.22303808845420175,0.7769619115457982,True,0.5650928222539855,0.5650928222539855,1.8889075278984654e-16
PbSe/Cr,representation_choice,bound_checked_smooth_quadratic,alpha_preserving_flattened,2.8056103314616636,n,-2.8056103314616636,309.894134846523,364.737628757686,0.4128545654123931,0.49352043399231693,0.645933179215523,1.3024244961087224,1.596629098751703,1.3024244961087224,0.21069627159369086,0.7893037284063091,0.5278014347840035,1.2619572967867851,0.127863007016522,0.872136992983478,True,0.65732418200691,0.65732418200691,3.264314407350953e-16
PbSe/Cr,representation_choice,bound_checked_smooth_quadratic,original,2.8106854181890806,p,2.8106854181890806,309.894134846523,369.36709397257636,0.46099321415305894,0.5549741075173495,1.2199491768678876,2.260278506793143,1.6929256990030292,2.260278506793143,0.38770384460718166,0.6122961553928183,1.0797931181456109,2.1904951871694194,0.2219435651268498,0.7780564348731502,True,0.549856652953729,0.549856652953729,1.8676674867202824e-16
PbSe/Cr,representation_choice,bound_checked_smooth_quadratic,original,2.8106854181890806,n,-2.8106854181890806,309.894134846523,364.9670032286896,0.35313573768740225,0.43303971751483505,0.648272158236615,1.3071406376010284,1.503403582395279,1.3071406376010284,0.19911232886365035,0.8008876711363496,0.5428379137996764,1.2821833356058745,0.129912333210068,0.870087666789932,True,0.6746960607436473,0.6746960607436473,1.0947429729251208e-16
PbSe/Cr,representation_choice,bound_checked_smooth_quadratic,alpha_preserving_flattened,2.8106854181890806,p,2.8106854181890806,309.894134846523,369.6808237800517,0.4021950912533712,0.49475402023779247,1.2199491768678876,2.2642631119909487,1.5947155259680819,2.2642631119909487,0.36585615723060017,0.6341438427693998,1.0940106593359813,2.2104695470845126,0.2239673909159451,0.7760326090840549,True,0.5638828325067514,0.5638828325067514,1.8826721440974004e-16
PbSe/Cr,representation_choice,bound_checked_smooth_quadratic,alpha_preserving_flattened,2.8106854181890806,n,-2.8106854181890806,309.894134846523,364.77961747326736,0.41360138071378477,0.4944779294262583,0.648272158236615,1.3071404612906063,1.5981054346531698,1.3071404612906063,0.21165471179503423,0.7883452882049657,0.5296832836714305,1.2667735087935623,0.12835099131772112,0.8716490086822789,True,0.6564940352900669,0.6564940352900669,1.0848129090642039e-16
PbSe/Cr,representation_choice,bound_checked_smooth_quadratic,original,2.814589198848937,p,2.814589198848937,309.894134846523,369.4378082509985,0.46163349085641736,0.5558621633023099,1.223340322135802,2.2674705113354925,1.6943315025076129,2.2674705113354925,0.389260456876947,0.610739543123053,1.0827386125533662,2.1975040608933774,0.22265371250856092,0.7773462874914391,True,0.5489354727504916,0.5489354727504916,0.0
PbSe/Cr,representation_choice,bound_checked_smooth_quadratic,original,2.814589198848937,n,-2.814589198848937,309.894134846523,365.00122968488637,0.3536262103863984,0.4336945864922034,0.6500741882747586,1.3107741010158653,1.5043470869540667,1.3107741010158653,0.19979110817252296,0.800208891827477,0.5443230650331463,1.2859379879192683,0.13029275902662651,0.8697072409733735,True,0.6740621399534326,0.6740621399534326,0.0
PbSe/Cr,representation_choice,bound_checked_smooth_quadratic,alpha_preserving_flattened,2.814589198848937,p,2.814589198848937,309.894134846523,369.7533932666068,0.40275370283208556,0.49556191219106066,1.223340322135802,2.2714676520533277,1.5959087636671392,2.2714676520533277,0.3672948767731977,0.6327051232268023,1.0969947119792927,2.217541276355065,0.22468390689603562,0.7753160931039644,True,0.5629512268410429,0.5629512268410429,1.8778946021331695e-16
PbSe/Cr,representation_choice,bound_checked_smooth_quadratic,alpha_preserving_flattened,2.814589198848937,n,-2.814589198848937,309.894134846523,364.8121063003747,0.4141758345678061,0.495214897816838,0.6500741882747586,1.3107740343926848,1.5992425426291819,1.3107740343926848,0.21239408535392712,0.7876059146460729,0.5311328011700872,1.270484968235022,0.12872704078137034,0.8712729592186297,True,0.6558552585932121,0.6558552585932121,0.0
PbSe/Cr,representation_choice,independent_vector_extractor_B,original,2.8011463668953325,p,2.8011463668953325,309.894134846523,369.17918114343826,0.4345379995348491,0.553057230273896,1.211682573781583,2.242546644309147,1.689990580760078,2.242546644309147,0.3839954016170365,0.6160045983829635,1.0429177817533153,2.16657040791264,0.21951947817417128,0.7804805218258287,True,0.5529845767218426,0.5529845767218426,1.8811060892982661e-16
PbSe/Cr,representation_choice,independent_vector_extractor_B,original,2.8011463668953325,n,-2.8011463668953325,309.894134846523,364.91989567121294,0.3365662739424547,0.42526486978422395,0.6438793452197622,1.2982831019338164,1.4854507555186083,1.2982831019338164,0.19540151117219728,0.8045984888278027,0.5375541241436184,1.2804395437210236,0.12973565015226904,0.8702643498477309,True,0.6801713475256346,0.6801713475256346,0.0
PbSe/Cr,representation_choice,independent_vector_extractor_B,alpha_preserving_flattened,2.8011463668953325,p,2.8011463668953325,309.894134846523,369.5244800543449,0.38091122821874407,0.4907479664417733,1.211682573781583,2.246959735816122,1.5849437632215573,2.246959735816122,0.36083561962206323,0.6391643803779368,1.0701754560428038,2.1911859721123403,0.22201355627490887,0.7779864437250912,True,0.5680217000376718,0.5680217000376718,1.8969341593731926e-16
PbSe/Cr,representation_choice,independent_vector_extractor_B,alpha_preserving_flattened,2.8011463668953325,n,-2.8011463668953325,309.894134846523,364.7131915902011,0.39171390538281603,0.4920059447342805,0.6438793452197622,1.2982828885586233,1.5877736486885186,1.2982828885586233,0.20886139658941852,0.7911386034105815,0.5124617206683398,1.2559328473681894,0.1272526026706365,0.8727473973293635,True,0.660597307958796,0.660597307958796,1.0921449240461537e-16
PbSe/Cr,representation_choice,independent_vector_extractor_B,original,2.8106854181890806,p,2.8106854181890806,309.894134846523,369.35031726167716,0.43601777949766474,0.5550146769094222,1.2199491768678876,2.2600627354027245,1.6933308961725135,2.2600627354027245,0.3877596205095301,0.6122403794904698,1.049843291106616,2.1835193719366575,0.22123676727059613,0.7787632327294038,True,0.5507317620346576,0.5507317620346576,1.869458062496042e-16
PbSe/Cr,representation_choice,independent_vector_extractor_B,original,2.8106854181890806,n,-2.8106854181890806,309.894134846523,365.00281451752517,0.3377124200306511,0.4268792602792763,0.648272158236615,1.307140692542103,1.4877187155861873,1.307140692542103,0.1970350171263739,0.802964982873626,0.541160432623509,1.2897650256544775,0.13068051901980182,0.8693194809801982,True,0.6786207870083708,0.6786207870083708,1.0963484383023034e-16
PbSe/Cr,representation_choice,independent_vector_extractor_B,alpha_preserving_flattened,2.8106854181890806,p,2.8106854181890806,309.894134846523,369.700390675308,0.3822083870488877,0.49264515435540474,1.2199491768678876,2.2645084333635785,1.5878120560269169,2.2645084333635785,0.36431184527238497,0.635688154727615,1.0773058409906988,2.2083232726390967,0.22374992784871428,0.7762500721512857,True,0.565740672656431,0.565740672656431,1.8851696377368657e-16
PbSe/Cr,representation_choice,independent_vector_extractor_B,alpha_preserving_flattened,2.8106854181890806,n,-2.8106854181890806,309.894134846523,364.79187279485444,0.39304785175565854,0.4937861516252116,0.648272158236615,1.3071405694091358,1.5905320257320286,1.3071405694091358,0.2106516992260961,0.7893483007739039,0.5158899591357679,1.2649186642627368,0.12816305627438537,0.8718369437256146,True,0.6590314906727772,0.6590314906727772,2.1718730733636755e-16
PbSe/Cr,representation_choice,independent_vector_extractor_B,original,2.8107100062955235,p,2.8107100062955235,309.894134846523,369.35076148921115,0.43602159381694217,0.5550197210704709,1.2199705213920569,2.2601079949768548,1.6933395164317515,2.2601079949768548,0.3877693597197496,0.6122306402802504,1.0498611671722577,2.183563152192928,0.2212412031379816,0.7787587968620184,True,0.5507259500924612,0.5507259500924612,3.7388563267862216e-16
PbSe/Cr,representation_choice,independent_vector_extractor_B,original,2.8107100062955235,n,-2.8107100062955235,309.894134846523,365.0030300216188,0.3377153743665854,0.4268834267421367,0.6482835005621906,1.3071635609112273,1.4877245706479674,1.3071635609112273,0.19703923970941303,0.8029607602905869,0.5411697418761282,1.289789111724104,0.13068295944888567,0.8693170405511144,True,0.6786167882315008,0.6786167882315008,2.1926646725526585e-16
PbSe/Cr,representation_choice,independent_vector_extractor_B,alpha_preserving_flattened,2.8107100062955235,p,2.8107100062955235,309.894134846523,369.70084720436313,0.38221173063918895,0.49265004903925036,1.2199705213920569,2.264553773106577,1.5878194615841923,2.264553773106577,0.3643208386696492,0.6356791613303507,1.0773242466863997,2.2083675391441835,0.22375441298340537,0.7762455870165946,True,0.5657347871097466,0.5657347871097466,0.0
PbSe/Cr,representation_choice,independent_vector_extractor_B,alpha_preserving_flattened,2.8107100062955235,n,-2.8107100062955235,309.894134846523,364.79207723015764,0.3930512901704856,0.4937907431688364,0.6482835005621906,1.3071634459551895,1.5905391455052975,1.3071634459551895,0.21065632885304372,0.7893436711469562,0.5158988082389754,1.2649418711380465,0.12816540762246037,0.8718345923775397,True,0.6590274531508358,0.6590274531508358,1.0859206040461262e-16
PbSe/Cr,adjoint_finite_difference,empirical_common_mode_epsilon_-0.03,perturbed,2.8106854181890806,p,2.8106854181890806,309.894134846523,369.7116691714546,0.3805964135541559,0.490750738085676,1.2199491768678876,2.2646496667510725,1.584598132941771,2.2646496667510725,0.3635971096576947,0.6364028903423053,1.078324258516578,2.209224936183796,0.22384128546631035,0.7761587145336897,True,0.5662279836255565,0.5662279836255565,1.8856894723249585e-16
PbSe/Cr,adjoint_finite_difference,empirical_common_mode_epsilon_-0.03,perturbed,2.8106854181890806,n,-2.8106854181890806,309.894134846523,364.7860593486812,0.3946820687883712,0.4957208960778674,0.648272158236615,1.3071402445940026,1.5935513698309138,1.3071402445940026,0.2110515318226917,0.7889484681773082,0.5152418121924228,1.26429099224543,0.12809945980265267,0.8719005401973473,True,0.6584895238238148,0.6584895238238148,1.0856024107309065e-16
PbSe/Cr,adjoint_finite_difference,empirical_common_mode_epsilon_+0.03,perturbed,2.8106854181890806,p,2.8106854181890806,309.894134846523,369.6904963220166,0.38379753568148023,0.49448597558856533,1.2199491768678876,2.264384429369,1.5907421673281565,2.264384429369,0.3649641513940516,0.6350358486059484,1.076631124667821,2.2076473447934895,0.22368144203934054,0.7763185579606595,True,0.5653050386853362,0.5653050386853362,0.0
PbSe/Cr,adjoint_finite_difference,empirical_common_mode_epsilon_+0.03,perturbed,2.8106854181890806,n,-2.8106854181890806,309.894134846523,364.7985463952397,0.39139016254563513,0.49167639229999693,0.648272158236615,1.307140699625819,1.587144954275034,1.307140699625819,0.2102031329350617,0.7897968670649382,0.516838113233627,1.2658519782686892,0.12825762075417843,0.8717423792458215,True,0.6596410287558713,0.6596410287558713,1.0862151467102232e-16
BTS/BST,current_scan,nominal_I_0.000,baseline,0.0,p,0.0,323.0,373.0,0.0,0.0,0.0,0.0,1.0,0.0,0.0,1.0,0.0,0.0,0.0,1.0,True,1.0000000000000002,1.0000000000000002,0.0
BTS/BST,current_scan,nominal_I_0.000,baseline,0.0,n,-0.0,323.0,373.0,-0.0,0.0,0.0,0.0,1.0,0.0,0.0,1.0,0.0,0.0,0.0,1.0,True,1.0000000000000002,1.0000000000000002,0.0
BTS/BST,current_scan,nominal_I_0.000,endpoint_zero_epsilon_-0.003,0.0,p,0.0,323.0,373.0,0.0,0.0,0.0,0.0,1.0,0.0,0.0,1.0,0.0,0.0,0.0,1.0,True,1.0000000000000002,1.0000000000000002,0.0
BTS/BST,current_scan,nominal_I_0.000,endpoint_zero_epsilon_-0.003,0.0,n,-0.0,323.0,373.0,-0.0,0.0,0.0,0.0,1.0,0.0,0.0,1.0,0.0,0.0,0.0,1.0,True,1.0000000000000002,1.0000000000000002,0.0
BTS/BST,current_scan,nominal_I_0.000,endpoint_zero_epsilon_+0.003,0.0,p,0.0,323.0,373.0,-0.0,0.0,0.0,0.0,1.0,0.0,0.0,1.0,0.0,0.0,0.0,1.0,True,1.0000000000000002,1.0000000000000002,0.0
BTS/BST,current_scan,nominal_I_0.000,endpoint_zero_epsilon_+0.003,0.0,n,-0.0,323.0,373.0,0.0,0.0,0.0,0.0,1.0,0.0,0.0,1.0,0.0,0.0,0.0,1.0,True,1.0000000000000002,1.0000000000000002,0.0
BTS/BST,current_scan,nominal_I_0.500,baseline,0.5,p,0.5,323.0,373.0,0.0,0.019889377840471494,0.007461973087981183,0.008182960277522468,1.0145579796610298,0.008182960277522468,0.0008411773470771848,0.9991588226529228,0.0023916956888568623,0.03191912675280927,0.003234083703424445,0.9967659162965755,True,0.9899489907677156,0.9899489907677156,4.3900739934375863e-16
BTS/BST,current_scan,nominal_I_0.500,baseline,0.5,n,-0.5,323.0,373.0,-0.0,0.03962895824585248,0.008866395733377365,0.0097337810444927,1.028614406411343,0.0097337810444927,0.0010144588378956437,0.9989855411621044,0.0022819442204019364,0.05486136956610891,0.005558618900677882,0.9944413810993221,True,0.9812924342325933,0.9812924342325933,2.409395376943875e-16
BTS/BST,current_scan,nominal_I_0.500,endpoint_zero_epsilon_-0.003,0.5,p,0.5,323.0,373.0,0.0003718638556919314,0.019685289526197886,0.007461973087981183,0.008182960277522468,1.0145683581713667,0.008182960277522468,0.0008411859519750486,0.999158814048025,0.002077553553382194,0.03154771426332629,0.003196451750370482,0.9968035482496295,True,0.9900025007057323,0.9900025007057323,1.1705590797340933e-16
BTS/BST,current_scan,nominal_I_0.500,endpoint_zero_epsilon_-0.003,0.5,n,-0.5,323.0,373.0,-0.00038995732791640266,0.039889352526553803,0.008866395733377365,0.009733781041980942,1.0286047945916708,0.009733781041980942,0.0010144493580899765,0.99898555064191,0.0026004882705619042,0.055254278686303435,0.00559842891779986,0.9944015710822002,True,0.9812368751379162,0.9812368751379162,0.0
BTS/BST,current_scan,nominal_I_0.500,endpoint_zero_epsilon_+0.003,0.5,p,0.5,323.0,373.0,-0.0003718638556919314,0.020101022018528845,0.007461973087981183,0.008182960277522468,1.0145490114518643,0.008182960277522468,0.0008411699114702062,0.9991588300885298,0.002705747620039054,0.032290422129183906,0.0032717037904396503,0.9967282962095604,True,0.9898954835832443,0.9898954835832443,8.78110305883824e-17
BTS/BST,current_scan,nominal_I_0.500,endpoint_zero_epsilon_+0.003,0.5,n,-0.5,323.0,373.0,0.00038995732791640266,0.0393732707758577,0.008866395733377365,0.009733781046995512,1.0286248594592038,0.009733781046995512,0.0010144691473517723,0.9989855308526482,0.0019633032384449066,0.05446833149654229,0.0055187958182528925,0.9944812041817471,True,0.9813479962801429,0.9813479962801429,2.409035942881761e-16
BTS/BST,current_scan,nominal_I_1.000,baseline,1.0,p,1.0,323.0,373.0,0.0,0.039778778903063826,0.029847892351924733,0.03273184111008987,1.028938308074992,0.03273184111008987,0.003412400724823177,0.9965875992751768,0.02036137023822657,0.07567726689099866,0.007667710256213083,0.992332289743787,True,0.97755904394127,0.97755904394127,5.291318932628326e-16
BTS/BST,current_scan,nominal_I_1.000,baseline,1.0,n,-1.0,323.0,373.0,-0.0,0.07925790803900441,0.03546558293350946,0.03893512425695372,1.0572078421336015,0.03893512425695372,0.004170635116272175,0.9958293648837279,0.021447871718200878,0.1213215994047632,0.01229244805307215,0.9877075519469278,True,0.9601910083584951,0.9601910083584951,6.329603238669503e-16
BTS/BST,current_scan,nominal_I_1.000,endpoint_zero_epsilon_-0.003,1.0,p,1.0,323.0,373.0,0.0007437277113838627,0.039370554046002953,0.029847892351924733,0.03273184111008987,1.0289736263005458,0.03273184111008987,0.0034125178552065374,0.9965874821447934,0.019704670454710405,0.07498450032391628,0.007597518327648458,0.9924024816723516,True,0.9776584019354716,0.9776584019354716,1.7638629318294168e-16
BTS/BST,current_scan,nominal_I_1.000,endpoint_zero_epsilon_-0.003,1.0,n,-1.0,323.0,373.0,-0.0007799146558328053,0.07977868053949298,0.03546558293350946,0.038935124240410464,1.0571724592356866,0.038935124240410464,0.004170495530635307,0.9958295044693647,0.02210656502622528,0.12204834696529636,0.01236608297611455,0.9876339170238855,True,0.9600887771804536,0.9600887771804536,2.1093913363460453e-16
BTS/BST,current_scan,nominal_I_1.000,endpoint_zero_epsilon_+0.003,1.0,p,1.0,323.0,373.0,-0.0007437277113838627,0.040202046176468303,0.029847892351924733,0.03273184111008987,1.0289060509014973,0.03273184111008987,0.0034122937462012807,0.9965877062537987,0.021017709563036956,0.07636956555457884,0.0077378547762410365,0.992262145223759,True,0.9774596964539237,0.9774596964539237,0.0
BTS/BST,current_scan,nominal_I_1.000,endpoint_zero_epsilon_+0.003,1.0,n,-1.0,323.0,373.0,0.0007799146558328053,0.07874652315885317,0.03546558293350946,0.03893512427339597,1.057245054679514,0.03893512427339597,0.004170781919773473,0.9958292180802265,0.02078879112469219,0.12059433685128694,0.012218760950335186,0.9877812390496649,True,0.9602932509333638,0.9602932509333638,0.0
BTS/BST,current_scan,nominal_I_1.500,baseline,1.5,p,1.5,323.0,373.0,0.0,0.05966814555136216,0.06715775779183064,0.07364664249770222,1.04262196458518,0.07364664249770222,0.0077800085966547436,0.9922199914033453,0.05319572503505617,0.12783621142978838,0.012952516254418308,0.9870474837455817,True,0.9630835138049572,0.9630835138049572,4.736179001637074e-16
BTS/BST,current_scan,nominal_I_1.500,baseline,1.5,n,-1.5,323.0,373.0,-0.0,0.11888683300933664,0.07979756160039629,0.08760401011117228,1.0845317570283186,0.08760401011117228,0.009626457874857637,0.9903735421251424,0.05658827612639435,0.1920046118013447,0.019454134532499823,0.9805458654675002,True,0.9372191484459836,0.9372191484459836,1.6926523649294794e-16
BTS/BST,current_scan,nominal_I_1.500,endpoint_zero_epsilon_-0.003,1.5,p,1.5,323.0,373.0,0.001115591567075794,0.059055824514824454,0.06715775779183064,0.07364664249770222,1.0427140254656653,0.07364664249770222,0.007780695551721795,0.9922193044482782,0.052128433529958114,0.12692450126389665,0.012860140701271406,0.9871398592987286,True,0.9632137974313941,0.9632137974313941,1.1842686540612959e-16
BTS/BST,current_scan,nominal_I_1.500,endpoint_zero_epsilon_-0.003,1.5,n,-1.5,323.0,373.0,-0.0011698719837492078,0.11966789942709098,0.07979756160039629,0.08760401019810803,1.0844328002145114,0.08760401019810803,0.00962557952967894,0.9903744204703211,0.05765413713056736,0.19294277345698904,0.01954919018189756,0.9804508098181024,True,0.9370871277983978,0.9370871277983978,3.384847770591983e-16
BTS/BST,current_scan,nominal_I_1.500,endpoint_zero_epsilon_+0.003,1.5,p,1.5,323.0,373.0,-0.001115591567075794,0.06030300220092402,0.06715775779183064,0.07364664249770222,1.0425351091599004,0.07364664249770222,0.007779360484512191,0.9922206395154878,0.054262208025788586,0.1287468717977311,0.01304478544079443,0.9869552145592055,True,0.9629532528853137,0.9629532528853137,0.0
BTS/BST,current_scan,nominal_I_1.500,endpoint_zero_epsilon_+0.003,1.5,n,-1.5,323.0,373.0,0.0011698719837492078,0.118119635916398,0.07979756160039629,0.08760401002400012,1.0846338952881012,0.08760401002400012,0.009627364458974816,0.9903726355410252,0.055521546703004764,0.1910652952628959,0.019358961869009365,0.9806410381309907,True,0.9373511928423873,0.9373511928423873,1.6928809233201491e-16
BTS/BST,current_scan,nominal_I_2.000,baseline,2.0,p,2.0,323.0,373.0,0.0,0.0795575411094396,0.11939156940769893,0.1309273644403595,1.0549253850919342,0.1309273644403595,0.013994340070618576,0.9860056599293814,0.10016893503377641,0.18721433492935521,0.01896877800985533,0.9810312219901447,True,0.9468411963524579,0.9468411963524579,4.033336922448676e-16
BTS/BST,current_scan,nominal_I_2.000,baseline,2.0,n,-2.0,323.0,373.0,-0.0,0.1585159347119132,0.14186233173403784,0.1557404891031245,1.1088892066103428,0.1557404891031245,0.01749806176421912,0.9825019382357809,0.1067808137213022,0.27022867368836917,0.027379889072204622,0.9726201109277954,True,0.9129961380104709,0.9129961380104709,1.034380843293367e-16
BTS/BST,current_scan,nominal_I_2.000,endpoint_zero_epsilon_-0.003,2.0,p,2.0,323.0,373.0,0.0014874554227677255,0.07874115427081396,0.11939156940769893,0.1309273644403595,1.0551248153961545,0.1309273644403595,0.013996985656303675,0.9860030143436963,0.09858275893193902,0.18606130644900495,0.018851951799452916,0.9811480482005471,True,0.9469805146257957,0.9469805146257957,1.3446352068517244e-16
BTS/BST,current_scan,nominal_I_2.000,endpoint_zero_epsilon_-0.003,2.0,n,-2.0,323.0,373.0,-0.0015598293116656106,0.15955716370783218,0.14186233173403784,0.15574048911302898,1.108664575298119,0.15574048911302898,0.017494517125748205,0.9825054828742518,0.10836684521984674,0.27151916910739915,0.027510643595545756,0.9724893564044542,True,0.9128586468466091,0.9128586468466091,1.0342689570686408e-16
BTS/BST,current_scan,nominal_I_2.000,endpoint_zero_epsilon_+0.003,2.0,p,2.0,323.0,373.0,-0.0014874554227677255,0.08040403948384377,0.11939156940769893,0.1309273644403595,1.0547346533982194,0.1309273644403595,0.013991809878226001,0.986008190121774,0.10175368493406141,0.1883722605350143,0.01908610040279048,0.9809138995972095,True,0.9467019194568451,0.9467019194568451,6.721280741156522e-17
BTS/BST,current_scan,nominal_I_2.000,endpoint_zero_epsilon_+0.003,2.0,n,-2.0,323.0,373.0,0.0015598293116656106,0.1574930879797603,0.14186233173403784,0.15574048909344515,1.1091194581341028,0.15574048909344515,0.017501695088589005,0.982498304911411,0.10519325195054229,0.26894120511401487,0.027249441232348733,0.9727505587676513,True,0.9131336725522701,0.9131336725522701,0.0
BTS/BST,current_scan,nominal_I_2.500,baseline,2.5,p,2.5,323.0,373.0,0.0,0.09944690542096375,0.18654932719952957,0.20457400693806171,1.0649119765623423,0.20457400693806171,0.02207315523787803,0.977926844762122,0.16053037393861094,0.2672895512463847,0.027082093707512998,0.972917906292487,True,0.9292438794273339,0.9292438794273339,0.0
BTS/BST,current_scan,nominal_I_2.500,baseline,2.5,n,-2.5,323.0,373.0,-0.0,0.19814477697279487,0.22165989333443417,0.24334452542555707,1.1279051143050292,0.24334452542555707,0.027809578136213996,0.972190421863786,0.17106838236688765,0.3798466023295811,0.038486507350553534,0.9615134926494464,True,0.8883131713505602,0.8883131713505602,1.4643543197891078e-16
BTS/BST,current_scan,nominal_I_2.500,endpoint_zero_epsilon_-0.003,2.5,p,2.5,323.0,373.0,0.0018593192784596567,0.09842625044647707,0.18654932719952957,0.20457400693806171,1.065289861210457,0.20457400693806171,0.022080987910139616,0.9779190120898604,0.15827551168251133,0.265680514061351,0.02691906415540085,0.9730809358445991,True,0.9293635155538958,0.9293635155538958,0.0
BTS/BST,current_scan,nominal_I_2.500,endpoint_zero_epsilon_-0.003,2.5,n,-2.5,323.0,373.0,-0.0019497866395820132,0.1994466297969944,0.22165989333443417,0.24334452513165586,1.1274669519876792,0.24334452513165586,0.027798774792107614,0.9722012252078924,0.17333513708750664,0.38164666310609685,0.038668891639058255,0.9613311083609417,True,0.888201838657137,0.888201838657137,2.1963289181936302e-16
BTS/BST,current_scan,nominal_I_2.500,endpoint_zero_epsilon_+0.003,2.5,p,2.5,323.0,373.0,-0.0018593192784596567,0.10050505920816993,0.18654932719952957,0.20457400693806171,1.0645499702722618,0.20457400693806171,0.022065651687149048,0.977934348312851,0.16278304435472796,0.2689065076151021,0.02724592564068946,0.9727540743593105,True,0.9291243196187768,0.9291243196187768,9.207359076216761e-17
BTS/BST,current_scan,nominal_I_2.500,endpoint_zero_epsilon_+0.003,2.5,n,-2.5,323.0,373.0,0.0019497866395820132,0.19686635659245913,0.22165989333443417,0.2433445257143283,1.1283545711945369,0.2433445257143283,0.027820659958227117,0.9721793400417729,0.16879928277245893,0.3780508750588137,0.03830456213798056,0.9616954378620195,True,0.8884245873247091,0.8884245873247091,1.464489409112074e-16
BTS/BST,current_scan,nominal_I_3.000,baseline,3.0,p,3.0,323.0,373.0,0.0,0.11933607870324946,0.26863103116732256,0.2945865699908089,1.071291385487672,0.2945865699908089,0.03197575524675353,0.9680242447532464,0.23348985751832912,0.3720479619706399,0.03769633987858471,0.9623036601214153,True,0.910827718013962,0.910827718013962,0.0
BTS/BST,current_scan,nominal_I_3.000,baseline,3.0,n,-3.0,323.0,373.0,-0.0,0.23777374343481772,0.31919024640158516,0.350415935759564,1.1382711775424206,0.350415935759564,0.0404138143351159,0.9595861856648841,0.24843036149413858,0.5276399499611273,0.05346110426704529,0.9465388957329547,True,0.8642331361047366,0.8642331361047366,1.1180163010607417e-16
BTS/BST,current_scan,nominal_I_3.000,endpoint_zero_epsilon_-0.003,3.0,p,3.0,323.0,373.0,0.002231183134151588,0.11811173516648554,0.26863103116732256,0.2945865699908089,1.0719405376835778,0.2945865699908089,0.03199513105058744,0.9680048689494125,0.2303730458726166,0.369846270552881,0.037473261898122195,0.9625267381018778,True,0.9108919679063812,0.9108919679063812,0.0
BTS/BST,current_scan,nominal_I_3.000,endpoint_zero_epsilon_-0.003,3.0,n,-3.0,323.0,373.0,-0.0023397439674984156,0.23933594814699186,0.31919024640158516,0.3504159400846598,1.1375248896786405,0.3504159400846598,0.04038731821332611,0.9596126817866739,0.2515887726957593,0.5301283044793604,0.053713227292154435,0.9462867727078456,True,0.8641876265739568,0.8641876265739568,0.0
BTS/BST,current_scan,nominal_I_3.000,endpoint_zero_epsilon_+0.003,3.0,p,3.0,323.0,373.0,-0.002231183134151588,0.12060611025251376,0.26863103116732256,0.2945865699908089,1.0706827737312206,0.2945865699908089,0.03195758948827902,0.968042410511721,0.23660361108998398,0.3742613347983388,0.03792060143332895,0.962079398566671,True,0.9107636200790207,0.9107636200790207,6.898221835706987e-17
BTS/BST,current_scan,nominal_I_3.000,endpoint_zero_epsilon_+0.003,3.0,n,-3.0,323.0,373.0,0.0023397439674984156,0.23623921854653662,0.31919024640158516,0.35041593139344274,1.139060122240711,0.35041593139344274,0.04044182496352659,0.9595581750364734,0.24526870168829265,0.525157995091534,0.05320962966191124,0.9467903703380888,True,0.864278820100926,0.864278820100926,2.2362078114440755e-16
BTS/BST,six_property_method_corners,corner_mmmmmm,baseline,3.0,p,3.0,323.0,373.0,0.0,0.12322776218904385,0.30735815923034615,0.33705557207186376,1.0698462940832025,0.33705557207186376,0.03653618119094786,0.9634638188090522,0.2699606530365028,0.4202068756847712,0.0425758580190297,0.9574241419809703,True,0.9045655736917011,0.9045655736917011,0.0
BTS/BST,six_property_method_corners,corner_mmmmmm,baseline,3.0,n,-3.0,323.0,373.0101119272692,-4.856043892246824e-05,0.24552720355998747,0.36520623158076104,0.4009335304284597,1.133702264922321,0.4009335304284597,0.04605445497692666,0.9539455450230734,0.28791962427726653,0.5955528248003341,0.06034211713030767,0.9396578828696923,True,0.8574436227552653,0.8574436227552653,1.1406551334628797e-16
BTS/BST,six_property_method_corners,corner_mmmmmm,endpoint_zero_epsilon_-0.003,3.0,p,3.0,323.0,373.0,0.0024251990588604216,0.12189761827863042,0.30735815923034615,0.33705557207186376,1.0706534452899128,0.33705557207186376,0.03656374610648755,0.9634362538935124,0.2663489072470017,0.417658812683912,0.0423176852597874,0.9576823147402126,True,0.9045941617348432,0.9045941617348432,2.802561816237121e-16
BTS/BST,six_property_method_corners,corner_mmmmmm,endpoint_zero_epsilon_-0.003,3.0,n,-3.0,323.0,373.01035690359316,-0.0025940402563470934,0.24722589264949332,0.36520623158076104,0.4009335379784313,1.1328844403120448,0.4009335379784313,0.046021233305449355,0.9539787666945506,0.2916038070073206,0.5984505224808353,0.0606357152891337,0.9393642847108663,True,0.85744090808764,0.85744090808764,1.1405686064485094e-16
BTS/BST,six_property_method_corners,corner_mmmmmm,endpoint_zero_epsilon_+0.003,3.0,p,3.0,323.0,373.0,-0.0024251990588604216,0.12460904106513987,0.30735815923034615,0.33705557207186376,1.0691256264455138,0.33705557207186376,0.036511569764489056,0.9634884302355109,0.27356885791816044,0.4227692868552509,0.042835484551801056,0.9571645154481989,True,0.9045371996475857,0.9045371996475857,0.0
BTS/BST,six_property_method_corners,corner_mmmmmm,endpoint_zero_epsilon_+0.003,3.0,n,-3.0,323.0,373.0098668627093,0.002496867593604847,0.24386024989266,0.36520623158076104,0.40093352539842064,1.1346874836857908,0.40093352539842064,0.046094476999442205,0.9539055230005578,0.2842317003801146,0.5926629758144897,0.0600493142105143,0.9399506857894857,True,0.8574465926330239,0.8574465926330239,0.0
BTS/BST,six_property_method_corners,corner_mmmmmp,baseline,3.0,p,3.0,323.0,373.0,0.0,0.12322776218904385,0.30735815923034615,0.33705557207186376,1.0698462940832025,0.33705557207186376,0.03653618119094786,0.9634638188090522,0.2699606530365028,0.4202068756847712,0.0425758580190297,0.9574241419809703,True,0.9045655736917011,0.9045655736917011,0.0
BTS/BST,six_property_method_corners,corner_mmmmmp,baseline,3.0,n,-3.0,323.0,373.0,-0.0,0.2091524393127185,0.31110160467990755,0.3415361223398146,1.1215127131139628,0.3415361223398146,0.03880977267432017,0.9611902273256798,0.25154632360264007,0.49568769482523084,0.0502236639566343,0.9497763360433658,True,0.8744634759631734,0.8744634759631734,1.186768764310431e-16
BTS/BST,six_property_method_corners,corner_mmmmmp,endpoint_zero_epsilon_-0.003,3.0,p,3.0,323.0,373.0,0.0024251990588604216,0.12189761827863042,0.30735815923034615,0.33705557207186376,1.0706534452899128,0.33705557207186376,0.03656374610648755,0.9634362538935124,0.2663489072470017,0.417658812683912,0.0423176852597874,0.9576823147402126,True,0.9045941617348432,0.9045941617348432,2.802561816237121e-16
BTS/BST,six_property_method_corners,corner_mmmmmp,endpoint_zero_epsilon_-0.003,3.0,n,-3.0,323.0,373.0,-0.0021664295995355697,0.21059989188269881,0.31110160467990755,0.3415361245998766,1.1208425220693758,0.3415361245998766,0.038786581074320856,0.9612134189256791,0.2544837967476332,0.49797373486104524,0.05045528823891678,0.9495447117610832,True,0.874417289626667,0.874417289626667,0.0
BTS/BST,six_property_method_corners,corner_mmmmmp,endpoint_zero_epsilon_+0.003,3.0,p,3.0,323.0,373.0,-0.0024251990588604216,0.12460904106513987,0.30735815923034615,0.33705557207186376,1.0691256264455138,0.33705557207186376,0.036511569764489056,0.9634884302355109,0.27356885791816044,0.4227692868552509,0.042835484551801056,0.9571645154481989,True,0.9045371996475857,0.9045371996475857,0.0
BTS/BST,six_property_method_corners,corner_mmmmmp,endpoint_zero_epsilon_+0.003,3.0,n,-3.0,323.0,373.0,0.0021664295995355697,0.20773269257498447,0.31110160467990755,0.3415361200446629,1.1222190395475302,0.3415361200446629,0.03883421472951917,0.9611657852704808,0.24860605871816585,0.4934077473389774,0.04999265697868473,0.9500073430213153,True,0.8745098113651835,0.8745098113651835,2.3737358772770317e-16
BTS/BST,six_property_method_corners,corner_mmmmpm,baseline,3.0,p,3.0,323.0,373.0,0.0,0.10497182103468335,0.2618236171221467,0.28712141324640245,1.0628835652652082,0.28712141324640245,0.030920857510928962,0.969079142489071,0.23407940286336953,0.35326523603009696,0.03579325185425925,0.9642067481457407,True,0.9168478117933012,0.9168478117933012,1.473253859881581e-16
BTS/BST,six_property_method_corners,corner_mmmmpm,baseline,3.0,n,-3.0,323.0,373.0101119272692,-4.856043892246824e-05,0.24552720355998747,0.36520623158076104,0.4009335304284597,1.133702264922321,0.4009335304284597,0.04605445497692666,0.9539455450230734,0.28791962427726653,0.5955528248003341,0.06034211713030767,0.9396578828696923,True,0.8574436227552653,0.8574436227552653,1.1406551334628797e-16
BTS/BST,six_property_method_corners,corner_mmmmpm,endpoint_zero_epsilon_-0.003,3.0,p,3.0,323.0,373.0,0.0020659103093996186,0.103838851343776,0.2618236171221467,0.28712141324640245,1.063467556301535,0.28712141324640245,0.030937846675322914,0.969062153324677,0.23120328075704716,0.3512361120560341,0.03558765861145016,0.9644123413885498,True,0.9169120654950162,0.9169120654950162,0.0
BTS/BST,six_property_method_corners,corner_mmmmpm,endpoint_zero_epsilon_-0.003,3.0,n,-3.0,323.0,373.01035690359316,-0.0025940402563470934,0.24722589264949332,0.36520623158076104,0.4009335379784313,1.1328844403120448,0.4009335379784313,0.046021233305449355,0.9539787666945506,0.2916038070073206,0.5984505224808353,0.0606357152891337,0.9393642847108663,True,0.85744090808764,0.85744090808764,1.1405686064485094e-16
BTS/BST,six_property_method_corners,corner_mmmmpm,endpoint_zero_epsilon_+0.003,3.0,p,3.0,323.0,373.0,-0.0020659103093996186,0.10614859647614143,0.2618236171221467,0.28712141324640245,1.0623358192232248,0.28712141324640245,0.030904922767115216,0.9690950772328848,0.23695289694492244,0.35530560413516565,0.03599998436573089,0.9640000156342691,True,0.9167836859268641,0.9167836859268641,1.4730979466954009e-16
BTS/BST,six_property_method_corners,corner_mmmmpm,endpoint_zero_epsilon_+0.003,3.0,n,-3.0,323.0,373.0098668627093,0.002496867593604847,0.24386024989266,0.36520623158076104,0.40093352539842064,1.1346874836857908,0.40093352539842064,0.046094476999442205,0.9539055230005578,0.2842317003801146,0.5926629758144897,0.0600493142105143,0.9399506857894857,True,0.8574465926330239,0.8574465926330239,0.0
BTS/BST,six_property_method_corners,corner_mmmmpp,baseline,3.0,p,3.0,323.0,373.0,0.0,0.10497182103468335,0.2618236171221467,0.28712141324640245,1.0628835652652082,0.28712141324640245,0.030920857510928962,0.969079142489071,0.23407940286336953,0.35326523603009696,0.03579325185425925,0.9642067481457407,True,0.9168478117933012,0.9168478117933012,1.473253859881581e-16
BTS/BST,six_property_method_corners,corner_mmmmpp,baseline,3.0,n,-3.0,323.0,373.0,-0.0,0.2091524393127185,0.31110160467990755,0.3415361223398146,1.1215127131139628,0.3415361223398146,0.03880977267432017,0.9611902273256798,0.25154632360264007,0.49568769482523084,0.0502236639566343,0.9497763360433658,True,0.8744634759631734,0.8744634759631734,1.186768764310431e-16
BTS/BST,six_property_method_corners,corner_mmmmpp,endpoint_zero_epsilon_-0.003,3.0,p,3.0,323.0,373.0,0.0020659103093996186,0.103838851343776,0.2618236171221467,0.28712141324640245,1.063467556301535,0.28712141324640245,0.030937846675322914,0.969062153324677,0.23120328075704716,0.3512361120560341,0.03558765861145016,0.9644123413885498,True,0.9169120654950162,0.9169120654950162,0.0
BTS/BST,six_property_method_corners,corner_mmmmpp,endpoint_zero_epsilon_-0.003,3.0,n,-3.0,323.0,373.0,-0.0021664295995355697,0.21059989188269881,0.31110160467990755,0.3415361245998766,1.1208425220693758,0.3415361245998766,0.038786581074320856,0.9612134189256791,0.2544837967476332,0.49797373486104524,0.05045528823891678,0.9495447117610832,True,0.874417289626667,0.874417289626667,0.0
BTS/BST,six_property_method_corners,corner_mmmmpp,endpoint_zero_epsilon_+0.003,3.0,p,3.0,323.0,373.0,-0.0020659103093996186,0.10614859647614143,0.2618236171221467,0.28712141324640245,1.0623358192232248,0.28712141324640245,0.030904922767115216,0.9690950772328848,0.23695289694492244,0.35530560413516565,0.03599998436573089,0.9640000156342691,True,0.9167836859268641,0.9167836859268641,1.4730979466954009e-16
BTS/BST,six_property_method_corners,corner_mmmmpp,endpoint_zero_epsilon_+0.003,3.0,n,-3.0,323.0,373.0,0.0021664295995355697,0.20773269257498447,0.31110160467990755,0.3415361200446629,1.1222190395475302,0.3415361200446629,0.03883421472951917,0.9611657852704808,0.24860605871816585,0.4934077473389774,0.04999265697868473,0.9500073430213153,True,0.8745098113651835,0.8745098113651835,2.3737358772770317e-16
BTS/BST,six_property_method_corners,corner_mmmpmm,baseline,3.0,p,3.0,323.0,373.0,0.0,0.12322776218904385,0.30735815923034615,0.33705557207186376,1.0698462940832025,0.33705557207186376,0.03653618119094786,0.9634638188090522,0.2699606530365028,0.4202068756847712,0.0425758580190297,0.9574241419809703,True,0.9045655736917011,0.9045655736917011,0.0
BTS/BST,six_property_method_corners,corner_mmmpmm,baseline,3.0,n,-3.0,323.0,373.0,-0.0,0.24552720717872206,0.3304246857159266,0.36274948448814176,1.1409698395511834,0.36274948448814176,0.04193544181649539,0.9580645581835046,0.2558506248894066,0.5483614367736382,0.055560629837718,0.944439370162282,True,0.8606384034425945,0.8606384034425945,1.1674427230622662e-16
BTS/BST,six_property_method_corners,corner_mmmpmm,endpoint_zero_epsilon_-0.003,3.0,p,3.0,323.0,373.0,0.0024251990588604216,0.12189761827863042,0.30735815923034615,0.33705557207186376,1.0706534452899128,0.33705557207186376,0.03656374610648755,0.9634362538935124,0.2663489072470017,0.417658812683912,0.0423176852597874,0.9576823147402126,True,0.9045941617348432,0.9045941617348432,2.802561816237121e-16
BTS/BST,six_property_method_corners,corner_mmmpmm,endpoint_zero_epsilon_-0.003,3.0,n,-3.0,323.0,373.0,-0.002543199964672191,0.24722561428028073,0.3304246857159266,0.36274948871435403,1.1401408474398187,0.36274948871435403,0.04190497335693567,0.9580950266430643,0.25933190190064,0.5511100737074215,0.05583912498525196,0.944160875014748,True,0.8605995455515578,0.8605995455515578,0.0
BTS/BST,six_property_method_corners,corner_mmmpmm,endpoint_zero_epsilon_+0.003,3.0,p,3.0,323.0,373.0,-0.0024251990588604216,0.12460904106513987,0.30735815923034615,0.33705557207186376,1.0691256264455138,0.33705557207186376,0.036511569764489056,0.9634884302355109,0.27356885791816044,0.4227692868552509,0.042835484551801056,0.9571645154481989,True,0.9045371996475857,0.9045371996475857,0.0
BTS/BST,six_property_method_corners,corner_mmmpmm,endpoint_zero_epsilon_+0.003,3.0,n,-3.0,323.0,373.0,0.002543199964672191,0.24386041230982064,0.3304246857159266,0.3627494802014594,1.1418601608028127,0.3627494802014594,0.04196816437224747,0.9580318356277525,0.2523655304948613,0.5456203627945476,0.05528290097770532,0.9447170990222947,True,0.8606774786794735,0.8606774786794735,1.167537213244776e-16
BTS/BST,six_property_method_corners,corner_mmmpmp,baseline,3.0,p,3.0,323.0,373.0,0.0,0.12322776218904385,0.30735815923034615,0.33705557207186376,1.0698462940832025,0.33705557207186376,0.03653618119094786,0.9634638188090522,0.2699606530365028,0.4202068756847712,0.0425758580190297,0.9574241419809703,True,0.9045655736917011,0.9045655736917011,0.0
BTS/BST,six_property_method_corners,corner_mmmpmp,baseline,3.0,n,-3.0,323.0,373.0,-0.0,0.2091526793011341,0.2814728804246782,0.309008908212185,1.1263796841384208,0.309008908212185,0.035265988613442496,0.9647340113865575,0.22371835640798132,0.4584221497868808,0.046447874824271825,0.9535521251757282,True,0.8776584013093851,0.8776584013093851,0.0
BTS/BST,six_property_method_corners,corner_mmmpmp,endpoint_zero_epsilon_-0.003,3.0,p,3.0,323.0,373.0,0.0024251990588604216,0.12189761827863042,0.30735815923034615,0.33705557207186376,1.0706534452899128,0.33705557207186376,0.03656374610648755,0.9634362538935124,0.2663489072470017,0.417658812683912,0.0423176852597874,0.9576823147402126,True,0.9045941617348432,0.9045941617348432,2.802561816237121e-16
BTS/BST,six_property_method_corners,corner_mmmpmp,endpoint_zero_epsilon_-0.003,3.0,n,-3.0,323.0,373.0,-0.0021664295995355697,0.21060011603704795,0.2814728804246782,0.30900890711762624,1.1257649257234885,0.30900890711762624,0.03524674092618895,0.964753259073811,0.22650956840395586,0.46060724757869365,0.046669271518912564,0.9533307284810875,True,0.8775860690665225,0.8775860690665225,1.2153692896384598e-16
BTS/BST,six_property_method_corners,corner_mmmpmp,endpoint_zero_epsilon_+0.003,3.0,p,3.0,323.0,373.0,-0.0024251990588604216,0.12460904106513987,0.30735815923034615,0.33705557207186376,1.0691256264455138,0.33705557207186376,0.036511569764489056,0.9634884302355109,0.27356885791816044,0.4227692868552509,0.042835484551801056,0.9571645154481989,True,0.9045371996475857,0.9045371996475857,0.0
BTS/BST,six_property_method_corners,corner_mmmpmp,endpoint_zero_epsilon_+0.003,3.0,n,-3.0,323.0,373.0,0.0021664295995355697,0.20773276006289354,0.2814728804246782,0.30900890928138397,1.1270176064073985,0.30900890928138397,0.03528596153848145,0.9647140384615186,0.22092431338843926,0.4562428985894773,0.04622707051349692,0.953772929486503,True,0.8777308624481556,0.8777308624481556,1.2155831478742267e-16
BTS/BST,six_property_method_corners,corner_mmmppm,baseline,3.0,p,3.0,323.0,373.0,0.0,0.10497182103468335,0.2618236171221467,0.28712141324640245,1.0628835652652082,0.28712141324640245,0.030920857510928962,0.969079142489071,0.23407940286336953,0.35326523603009696,0.03579325185425925,0.9642067481457407,True,0.9168478117933012,0.9168478117933012,1.473253859881581e-16
BTS/BST,six_property_method_corners,corner_mmmppm,baseline,3.0,n,-3.0,323.0,373.0,-0.0,0.24552720717872206,0.3304246857159266,0.36274948448814176,1.1409698395511834,0.36274948448814176,0.04193544181649539,0.9580645581835046,0.2558506248894066,0.5483614367736382,0.055560629837718,0.944439370162282,True,0.8606384034425945,0.8606384034425945,1.1674427230622662e-16
BTS/BST,six_property_method_corners,corner_mmmppm,endpoint_zero_epsilon_-0.003,3.0,p,3.0,323.0,373.0,0.0020659103093996186,0.103838851343776,0.2618236171221467,0.28712141324640245,1.063467556301535,0.28712141324640245,0.030937846675322914,0.969062153324677,0.23120328075704716,0.3512361120560341,0.03558765861145016,0.9644123413885498,True,0.9169120654950162,0.9169120654950162,0.0
BTS/BST,six_property_method_corners,corner_mmmppm,endpoint_zero_epsilon_-0.003,3.0,n,-3.0,323.0,373.0,-0.002543199964672191,0.24722561428028073,0.3304246857159266,0.36274948871435403,1.1401408474398187,0.36274948871435403,0.04190497335693567,0.9580950266430643,0.25933190190064,0.5511100737074215,0.05583912498525196,0.944160875014748,True,0.8605995455515578,0.8605995455515578,0.0
BTS/BST,six_property_method_corners,corner_mmmppm,endpoint_zero_epsilon_+0.003,3.0,p,3.0,323.0,373.0,-0.0020659103093996186,0.10614859647614143,0.2618236171221467,0.28712141324640245,1.0623358192232248,0.28712141324640245,0.030904922767115216,0.9690950772328848,0.23695289694492244,0.35530560413516565,0.03599998436573089,0.9640000156342691,True,0.9167836859268641,0.9167836859268641,1.4730979466954009e-16
BTS/BST,six_property_method_corners,corner_mmmppm,endpoint_zero_epsilon_+0.003,3.0,n,-3.0,323.0,373.0,0.002543199964672191,0.24386041230982064,0.3304246857159266,0.3627494802014594,1.1418601608028127,0.3627494802014594,0.04196816437224747,0.9580318356277525,0.2523655304948613,0.5456203627945476,0.05528290097770532,0.9447170990222947,True,0.8606774786794735,0.8606774786794735,1.167537213244776e-16
BTS/BST,six_property_method_corners,corner_mmmppp,baseline,3.0,p,3.0,323.0,373.0,0.0,0.10497182103468335,0.2618236171221467,0.28712141324640245,1.0628835652652082,0.28712141324640245,0.030920857510928962,0.969079142489071,0.23407940286336953,0.35326523603009696,0.03579325185425925,0.9642067481457407,True,0.9168478117933012,0.9168478117933012,1.473253859881581e-16
BTS/BST,six_property_method_corners,corner_mmmppp,baseline,3.0,n,-3.0,323.0,373.0,-0.0,0.2091526793011341,0.2814728804246782,0.309008908212185,1.1263796841384208,0.309008908212185,0.035265988613442496,0.9647340113865575,0.22371835640798132,0.4584221497868808,0.046447874824271825,0.9535521251757282,True,0.8776584013093851,0.8776584013093851,0.0
BTS/BST,six_property_method_corners,corner_mmmppp,endpoint_zero_epsilon_-0.003,3.0,p,3.0,323.0,373.0,0.0020659103093996186,0.103838851343776,0.2618236171221467,0.28712141324640245,1.063467556301535,0.28712141324640245,0.030937846675322914,0.969062153324677,0.23120328075704716,0.3512361120560341,0.03558765861145016,0.9644123413885498,True,0.9169120654950162,0.9169120654950162,0.0
BTS/BST,six_property_method_corners,corner_mmmppp,endpoint_zero_epsilon_-0.003,3.0,n,-3.0,323.0,373.0,-0.0021664295995355697,0.21060011603704795,0.2814728804246782,0.30900890711762624,1.1257649257234885,0.30900890711762624,0.03524674092618895,0.964753259073811,0.22650956840395586,0.46060724757869365,0.046669271518912564,0.9533307284810875,True,0.8775860690665225,0.8775860690665225,1.2153692896384598e-16
BTS/BST,six_property_method_corners,corner_mmmppp,endpoint_zero_epsilon_+0.003,3.0,p,3.0,323.0,373.0,-0.0020659103093996186,0.10614859647614143,0.2618236171221467,0.28712141324640245,1.0623358192232248,0.28712141324640245,0.030904922767115216,0.9690950772328848,0.23695289694492244,0.35530560413516565,0.03599998436573089,0.9640000156342691,True,0.9167836859268641,0.9167836859268641,1.4730979466954009e-16
BTS/BST,six_property_method_corners,corner_mmmppp,endpoint_zero_epsilon_+0.003,3.0,n,-3.0,323.0,373.0,0.0021664295995355697,0.20773276006289354,0.2814728804246782,0.30900890928138397,1.1270176064073985,0.30900890928138397,0.03528596153848145,0.9647140384615186,0.22092431338843926,0.4562428985894773,0.04622707051349692,0.953772929486503,True,0.8777308624481556,0.8777308624481556,1.2155831478742267e-16
BTS/BST,six_property_method_corners,corner_mmpmmm,baseline,3.0,p,3.0,323.0,373.0,0.0,0.12322747096993736,0.27808595358936095,0.3049550413983527,1.0728090485582549,0.3049550413983527,0.03314808927696229,0.9668519107230377,0.24086510079725332,0.38594709150806167,0.039104616134914456,0.9608953838650856,True,0.9082422540826983,0.9082422540826983,7.189194381044074e-17
BTS/BST,six_property_method_corners,corner_mmpmmm,baseline,3.0,n,-3.0,323.0,373.0101119272692,-4.856043892246824e-05,0.24552720355998747,0.36520623158076104,0.4009335304284597,1.133702264922321,0.4009335304284597,0.04605445497692666,0.9539455450230734,0.28791962427726653,0.5955528248003341,0.06034211713030767,0.9396578828696923,True,0.8574436227552653,0.8574436227552653,1.1406551334628797e-16
BTS/BST,six_property_method_corners,corner_mmpmmm,endpoint_zero_epsilon_-0.003,3.0,p,3.0,323.0,373.0,0.0024251990588604216,0.12189777282684572,0.27808595358936095,0.3049550413983527,1.0735399217789974,0.3049550413983527,0.0331706720942902,0.9668293279057099,0.2374286334298413,0.3835203917746357,0.038858740045579196,0.9611412599544208,True,0.9083024051520557,0.9083024051520557,1.4379854076191613e-16
BTS/BST,six_property_method_corners,corner_mmpmmm,endpoint_zero_epsilon_-0.003,3.0,n,-3.0,323.0,373.01035690359316,-0.0025940402563470934,0.24722589264949332,0.36520623158076104,0.4009335379784313,1.1328844403120448,0.4009335379784313,0.046021233305449355,0.9539787666945506,0.2916038070073206,0.5984505224808353,0.0606357152891337,0.9393642847108663,True,0.85744090808764,0.85744090808764,1.1405686064485094e-16
BTS/BST,six_property_method_corners,corner_mmpmmm,endpoint_zero_epsilon_+0.003,3.0,p,3.0,323.0,373.0,-0.0024251990588604216,0.12460920720181487,0.27808595358936095,0.3049550413983527,1.0721306602002978,0.3049550413983527,0.03312712815822058,0.9668728718417794,0.2442979710499963,0.38838762915057856,0.039351894297577954,0.9606481057024221,True,0.9081822897777384,0.9081822897777384,0.0
BTS/BST,six_property_method_corners,corner_mmpmmm,endpoint_zero_epsilon_+0.003,3.0,n,-3.0,323.0,373.0098668627093,0.002496867593604847,0.24386024989266,0.36520623158076104,0.40093352539842064,1.1346874836857908,0.40093352539842064,0.046094476999442205,0.9539055230005578,0.2842317003801146,0.5926629758144897,0.0600493142105143,0.9399506857894857,True,0.8574465926330239,0.8574465926330239,0.0
BTS/BST,six_property_method_corners,corner_mmpmmp,baseline,3.0,p,3.0,323.0,373.0,0.0,0.12322747096993736,0.27808595358936095,0.3049550413983527,1.0728090485582549,0.3049550413983527,0.03314808927696229,0.9668519107230377,0.24086510079725332,0.38594709150806167,0.039104616134914456,0.9608953838650856,True,0.9082422540826983,0.9082422540826983,7.189194381044074e-17
BTS/BST,six_property_method_corners,corner_mmpmmp,baseline,3.0,n,-3.0,323.0,373.0,-0.0,0.2091524393127185,0.31110160467990755,0.3415361223398146,1.1215127131139628,0.3415361223398146,0.03880977267432017,0.9611902273256798,0.25154632360264007,0.49568769482523084,0.0502236639566343,0.9497763360433658,True,0.8744634759631734,0.8744634759631734,1.186768764310431e-16
BTS/BST,six_property_method_corners,corner_mmpmmp,endpoint_zero_epsilon_-0.003,3.0,p,3.0,323.0,373.0,0.0024251990588604216,0.12189777282684572,0.27808595358936095,0.3049550413983527,1.0735399217789974,0.3049550413983527,0.0331706720942902,0.9668293279057099,0.2374286334298413,0.3835203917746357,0.038858740045579196,0.9611412599544208,True,0.9083024051520557,0.9083024051520557,1.4379854076191613e-16
BTS/BST,six_property_method_corners,corner_mmpmmp,endpoint_zero_epsilon_-0.003,3.0,n,-3.0,323.0,373.0,-0.0021664295995355697,0.21059989188269881,0.31110160467990755,0.3415361245998766,1.1208425220693758,0.3415361245998766,0.038786581074320856,0.9612134189256791,0.2544837967476332,0.49797373486104524,0.05045528823891678,0.9495447117610832,True,0.874417289626667,0.874417289626667,0.0
BTS/BST,six_property_method_corners,corner_mmpmmp,endpoint_zero_epsilon_+0.003,3.0,p,3.0,323.0,373.0,-0.0024251990588604216,0.12460920720181487,0.27808595358936095,0.3049550413983527,1.0721306602002978,0.3049550413983527,0.03312712815822058,0.9668728718417794,0.2442979710499963,0.38838762915057856,0.039351894297577954,0.9606481057024221,True,0.9081822897777384,0.9081822897777384,0.0
BTS/BST,six_property_method_corners,corner_mmpmmp,endpoint_zero_epsilon_+0.003,3.0,n,-3.0,323.0,373.0,0.0021664295995355697,0.20773269257498447,0.31110160467990755,0.3415361200446629,1.1222190395475302,0.3415361200446629,0.03883421472951917,0.9611657852704808,0.24860605871816585,0.4934077473389774,0.04999265697868473,0.9500073430213153,True,0.8745098113651835,0.8745098113651835,2.3737358772770317e-16
BTS/BST,six_property_method_corners,corner_mmpmpm,baseline,3.0,p,3.0,323.0,373.0,0.0,0.10497150090450687,0.23688803453908525,0.2597765167467449,1.064880838687597,0.2597765167467449,0.02802858390089912,0.9719714160991009,0.2089004680599105,0.32539205995958703,0.0329691086629239,0.9670308913370761,True,0.9202069103770049,0.9202069103770049,1.5135213847385556e-16
BTS/BST,six_property_method_corners,corner_mmpmpm,baseline,3.0,n,-3.0,323.0,373.0101119272692,-4.856043892246824e-05,0.24552720355998747,0.36520623158076104,0.4009335304284597,1.133702264922321,0.4009335304284597,0.04605445497692666,0.9539455450230734,0.28791962427726653,0.5955528248003341,0.06034211713030767,0.9396578828696923,True,0.8574436227552653,0.8574436227552653,1.1406551334628797e-16
BTS/BST,six_property_method_corners,corner_mmpmpm,endpoint_zero_epsilon_-0.003,3.0,p,3.0,323.0,373.0,0.0020659103093996186,0.1038386751499163,0.23688803453908525,0.2597765167467449,1.0654103272705246,0.2597765167467449,0.028042520497964244,0.9719574795020357,0.20615078748864277,0.3234475690894297,0.03277209054637784,0.9672279094536221,True,0.9202941031193771,0.9202941031193771,1.513689705619882e-16
BTS/BST,six_property_method_corners,corner_mmpmpm,endpoint_zero_epsilon_-0.003,3.0,n,-3.0,323.0,373.01035690359316,-0.0025940402563470934,0.24722589264949332,0.36520623158076104,0.4009335379784313,1.1328844403120448,0.4009335379784313,0.046021233305449355,0.9539787666945506,0.2916038070073206,0.5984505224808353,0.0606357152891337,0.9393642847108663,True,0.85744090808764,0.85744090808764,1.1405686064485094e-16
BTS/BST,six_property_method_corners,corner_mmpmpm,endpoint_zero_epsilon_+0.003,3.0,p,3.0,323.0,373.0,-0.0020659103093996186,0.10614832879276684,0.23688803453908525,0.2597765167467449,1.0643789982928151,0.2597765167467449,0.028015375028038435,0.9719846249719616,0.21164749134997468,0.32734717617660986,0.033167203352190984,0.966832796647809,True,0.9201198317317457,0.9201198317317457,1.513353137124261e-16
BTS/BST,six_property_method_corners,corner_mmpmpm,endpoint_zero_epsilon_+0.003,3.0,n,-3.0,323.0,373.0098668627093,0.002496867593604847,0.24386024989266,0.36520623158076104,0.40093352539842064,1.1346874836857908,0.40093352539842064,0.046094476999442205,0.9539055230005578,0.2842317003801146,0.5926629758144897,0.0600493142105143,0.9399506857894857,True,0.8574465926330239,0.8574465926330239,0.0
BTS/BST,six_property_method_corners,corner_mmpmpp,baseline,3.0,p,3.0,323.0,373.0,0.0,0.10497150090450687,0.23688803453908525,0.2597765167467449,1.064880838687597,0.2597765167467449,0.02802858390089912,0.9719714160991009,0.2089004680599105,0.32539205995958703,0.0329691086629239,0.9670308913370761,True,0.9202069103770049,0.9202069103770049,1.5135213847385556e-16
BTS/BST,six_property_method_corners,corner_mmpmpp,baseline,3.0,n,-3.0,323.0,373.0,-0.0,0.2091524393127185,0.31110160467990755,0.3415361223398146,1.1215127131139628,0.3415361223398146,0.03880977267432017,0.9611902273256798,0.25154632360264007,0.49568769482523084,0.0502236639566343,0.9497763360433658,True,0.8744634759631734,0.8744634759631734,1.186768764310431e-16
BTS/BST,six_property_method_corners,corner_mmpmpp,endpoint_zero_epsilon_-0.003,3.0,p,3.0,323.0,373.0,0.0020659103093996186,0.1038386751499163,0.23688803453908525,0.2597765167467449,1.0654103272705246,0.2597765167467449,0.028042520497964244,0.9719574795020357,0.20615078748864277,0.3234475690894297,0.03277209054637784,0.9672279094536221,True,0.9202941031193771,0.9202941031193771,1.513689705619882e-16
BTS/BST,six_property_method_corners,corner_mmpmpp,endpoint_zero_epsilon_-0.003,3.0,n,-3.0,323.0,373.0,-0.0021664295995355697,0.21059989188269881,0.31110160467990755,0.3415361245998766,1.1208425220693758,0.3415361245998766,0.038786581074320856,0.9612134189256791,0.2544837967476332,0.49797373486104524,0.05045528823891678,0.9495447117610832,True,0.874417289626667,0.874417289626667,0.0
BTS/BST,six_property_method_corners,corner_mmpmpp,endpoint_zero_epsilon_+0.003,3.0,p,3.0,323.0,373.0,-0.0020659103093996186,0.10614832879276684,0.23688803453908525,0.2597765167467449,1.0643789982928151,0.2597765167467449,0.028015375028038435,0.9719846249719616,0.21164749134997468,0.32734717617660986,0.033167203352190984,0.966832796647809,True,0.9201198317317457,0.9201198317317457,1.513353137124261e-16
BTS/BST,six_property_method_corners,corner_mmpmpp,endpoint_zero_epsilon_+0.003,3.0,n,-3.0,323.0,373.0,0.0021664295995355697,0.20773269257498447,0.31110160467990755,0.3415361200446629,1.1222190395475302,0.3415361200446629,0.03883421472951917,0.9611657852704808,0.24860605871816585,0.4934077473389774,0.04999265697868473,0.9500073430213153,True,0.8745098113651835,0.8745098113651835,2.3737358772770317e-16
BTS/BST,six_property_method_corners,corner_mmppmm,baseline,3.0,p,3.0,323.0,373.0,0.0,0.12322747096993736,0.27808595358936095,0.3049550413983527,1.0728090485582549,0.3049550413983527,0.03314808927696229,0.9668519107230377,0.24086510079725332,0.38594709150806167,0.039104616134914456,0.9608953838650856,True,0.9082422540826983,0.9082422540826983,7.189194381044074e-17
BTS/BST,six_property_method_corners,corner_mmppmm,baseline,3.0,n,-3.0,323.0,373.0,-0.0,0.24552720717872206,0.3304246857159266,0.36274948448814176,1.1409698395511834,0.36274948448814176,0.04193544181649539,0.9580645581835046,0.2558506248894066,0.5483614367736382,0.055560629837718,0.944439370162282,True,0.8606384034425945,0.8606384034425945,1.1674427230622662e-16
BTS/BST,six_property_method_corners,corner_mmppmm,endpoint_zero_epsilon_-0.003,3.0,p,3.0,323.0,373.0,0.0024251990588604216,0.12189777282684572,0.27808595358936095,0.3049550413983527,1.0735399217789974,0.3049550413983527,0.0331706720942902,0.9668293279057099,0.2374286334298413,0.3835203917746357,0.038858740045579196,0.9611412599544208,True,0.9083024051520557,0.9083024051520557,1.4379854076191613e-16
BTS/BST,six_property_method_corners,corner_mmppmm,endpoint_zero_epsilon_-0.003,3.0,n,-3.0,323.0,373.0,-0.002543199964672191,0.24722561428028073,0.3304246857159266,0.36274948871435403,1.1401408474398187,0.36274948871435403,0.04190497335693567,0.9580950266430643,0.25933190190064,0.5511100737074215,0.05583912498525196,0.944160875014748,True,0.8605995455515578,0.8605995455515578,0.0
BTS/BST,six_property_method_corners,corner_mmppmm,endpoint_zero_epsilon_+0.003,3.0,p,3.0,323.0,373.0,-0.0024251990588604216,0.12460920720181487,0.27808595358936095,0.3049550413983527,1.0721306602002978,0.3049550413983527,0.03312712815822058,0.9668728718417794,0.2442979710499963,0.38838762915057856,0.039351894297577954,0.9606481057024221,True,0.9081822897777384,0.9081822897777384,0.0
BTS/BST,six_property_method_corners,corner_mmppmm,endpoint_zero_epsilon_+0.003,3.0,n,-3.0,323.0,373.0,0.002543199964672191,0.24386041230982064,0.3304246857159266,0.3627494802014594,1.1418601608028127,0.3627494802014594,0.04196816437224747,0.9580318356277525,0.2523655304948613,0.5456203627945476,0.05528290097770532,0.9447170990222947,True,0.8606774786794735,0.8606774786794735,1.167537213244776e-16
BTS/BST,six_property_method_corners,corner_mmppmp,baseline,3.0,p,3.0,323.0,373.0,0.0,0.12322747096993736,0.27808595358936095,0.3049550413983527,1.0728090485582549,0.3049550413983527,0.03314808927696229,0.9668519107230377,0.24086510079725332,0.38594709150806167,0.039104616134914456,0.9608953838650856,True,0.9082422540826983,0.9082422540826983,7.189194381044074e-17
BTS/BST,six_property_method_corners,corner_mmppmp,baseline,3.0,n,-3.0,323.0,373.0,-0.0,0.2091526793011341,0.2814728804246782,0.309008908212185,1.1263796841384208,0.309008908212185,0.035265988613442496,0.9647340113865575,0.22371835640798132,0.4584221497868808,0.046447874824271825,0.9535521251757282,True,0.8776584013093851,0.8776584013093851,0.0
BTS/BST,six_property_method_corners,corner_mmppmp,endpoint_zero_epsilon_-0.003,3.0,p,3.0,323.0,373.0,0.0024251990588604216,0.12189777282684572,0.27808595358936095,0.3049550413983527,1.0735399217789974,0.3049550413983527,0.0331706720942902,0.9668293279057099,0.2374286334298413,0.3835203917746357,0.038858740045579196,0.9611412599544208,True,0.9083024051520557,0.9083024051520557,1.4379854076191613e-16
BTS/BST,six_property_method_corners,corner_mmppmp,endpoint_zero_epsilon_-0.003,3.0,n,-3.0,323.0,373.0,-0.0021664295995355697,0.21060011603704795,0.2814728804246782,0.30900890711762624,1.1257649257234885,0.30900890711762624,0.03524674092618895,0.964753259073811,0.22650956840395586,0.46060724757869365,0.046669271518912564,0.9533307284810875,True,0.8775860690665225,0.8775860690665225,1.2153692896384598e-16
BTS/BST,six_property_method_corners,corner_mmppmp,endpoint_zero_epsilon_+0.003,3.0,p,3.0,323.0,373.0,-0.0024251990588604216,0.12460920720181487,0.27808595358936095,0.3049550413983527,1.0721306602002978,0.3049550413983527,0.03312712815822058,0.9668728718417794,0.2442979710499963,0.38838762915057856,0.039351894297577954,0.9606481057024221,True,0.9081822897777384,0.9081822897777384,0.0
BTS/BST,six_property_method_corners,corner_mmppmp,endpoint_zero_epsilon_+0.003,3.0,n,-3.0,323.0,373.0,0.0021664295995355697,0.20773276006289354,0.2814728804246782,0.30900890928138397,1.1270176064073985,0.30900890928138397,0.03528596153848145,0.9647140384615186,0.22092431338843926,0.4562428985894773,0.04622707051349692,0.953772929486503,True,0.8777308624481556,0.8777308624481556,1.2155831478742267e-16
BTS/BST,six_property_method_corners,corner_mmpppm,baseline,3.0,p,3.0,323.0,373.0,0.0,0.10497150090450687,0.23688803453908525,0.2597765167467449,1.064880838687597,0.2597765167467449,0.02802858390089912,0.9719714160991009,0.2089004680599105,0.32539205995958703,0.0329691086629239,0.9670308913370761,True,0.9202069103770049,0.9202069103770049,1.5135213847385556e-16
BTS/BST,six_property_method_corners,corner_mmpppm,baseline,3.0,n,-3.0,323.0,373.0,-0.0,0.24552720717872206,0.3304246857159266,0.36274948448814176,1.1409698395511834,0.36274948448814176,0.04193544181649539,0.9580645581835046,0.2558506248894066,0.5483614367736382,0.055560629837718,0.944439370162282,True,0.8606384034425945,0.8606384034425945,1.1674427230622662e-16
BTS/BST,six_property_method_corners,corner_mmpppm,endpoint_zero_epsilon_-0.003,3.0,p,3.0,323.0,373.0,0.0020659103093996186,0.1038386751499163,0.23688803453908525,0.2597765167467449,1.0654103272705246,0.2597765167467449,0.028042520497964244,0.9719574795020357,0.20615078748864277,0.3234475690894297,0.03277209054637784,0.9672279094536221,True,0.9202941031193771,0.9202941031193771,1.513689705619882e-16
BTS/BST,six_property_method_corners,corner_mmpppm,endpoint_zero_epsilon_-0.003,3.0,n,-3.0,323.0,373.0,-0.002543199964672191,0.24722561428028073,0.3304246857159266,0.36274948871435403,1.1401408474398187,0.36274948871435403,0.04190497335693567,0.9580950266430643,0.25933190190064,0.5511100737074215,0.05583912498525196,0.944160875014748,True,0.8605995455515578,0.8605995455515578,0.0
BTS/BST,six_property_method_corners,corner_mmpppm,endpoint_zero_epsilon_+0.003,3.0,p,3.0,323.0,373.0,-0.0020659103093996186,0.10614832879276684,0.23688803453908525,0.2597765167467449,1.0643789982928151,0.2597765167467449,0.028015375028038435,0.9719846249719616,0.21164749134997468,0.32734717617660986,0.033167203352190984,0.966832796647809,True,0.9201198317317457,0.9201198317317457,1.513353137124261e-16
BTS/BST,six_property_method_corners,corner_mmpppm,endpoint_zero_epsilon_+0.003,3.0,n,-3.0,323.0,373.0,0.002543199964672191,0.24386041230982064,0.3304246857159266,0.3627494802014594,1.1418601608028127,0.3627494802014594,0.04196816437224747,0.9580318356277525,0.2523655304948613,0.5456203627945476,0.05528290097770532,0.9447170990222947,True,0.8606774786794735,0.8606774786794735,1.167537213244776e-16
BTS/BST,six_property_method_corners,corner_mmpppp,baseline,3.0,p,3.0,323.0,373.0,0.0,0.10497150090450687,0.23688803453908525,0.2597765167467449,1.064880838687597,0.2597765167467449,0.02802858390089912,0.9719714160991009,0.2089004680599105,0.32539205995958703,0.0329691086629239,0.9670308913370761,True,0.9202069103770049,0.9202069103770049,1.5135213847385556e-16
BTS/BST,six_property_method_corners,corner_mmpppp,baseline,3.0,n,-3.0,323.0,373.0,-0.0,0.2091526793011341,0.2814728804246782,0.309008908212185,1.1263796841384208,0.309008908212185,0.035265988613442496,0.9647340113865575,0.22371835640798132,0.4584221497868808,0.046447874824271825,0.9535521251757282,True,0.8776584013093851,0.8776584013093851,0.0
BTS/BST,six_property_method_corners,corner_mmpppp,endpoint_zero_epsilon_-0.003,3.0,p,3.0,323.0,373.0,0.0020659103093996186,0.1038386751499163,0.23688803453908525,0.2597765167467449,1.0654103272705246,0.2597765167467449,0.028042520497964244,0.9719574795020357,0.20615078748864277,0.3234475690894297,0.03277209054637784,0.9672279094536221,True,0.9202941031193771,0.9202941031193771,1.513689705619882e-16
BTS/BST,six_property_method_corners,corner_mmpppp,endpoint_zero_epsilon_-0.003,3.0,n,-3.0,323.0,373.0,-0.0021664295995355697,0.21060011603704795,0.2814728804246782,0.30900890711762624,1.1257649257234885,0.30900890711762624,0.03524674092618895,0.964753259073811,0.22650956840395586,0.46060724757869365,0.046669271518912564,0.9533307284810875,True,0.8775860690665225,0.8775860690665225,1.2153692896384598e-16
BTS/BST,six_property_method_corners,corner_mmpppp,endpoint_zero_epsilon_+0.003,3.0,p,3.0,323.0,373.0,-0.0020659103093996186,0.10614832879276684,0.23688803453908525,0.2597765167467449,1.0643789982928151,0.2597765167467449,0.028015375028038435,0.9719846249719616,0.21164749134997468,0.32734717617660986,0.033167203352190984,0.966832796647809,True,0.9201198317317457,0.9201198317317457,1.513353137124261e-16
BTS/BST,six_property_method_corners,corner_mmpppp,endpoint_zero_epsilon_+0.003,3.0,n,-3.0,323.0,373.0,0.0021664295995355697,0.20773276006289354,0.2814728804246782,0.30900890928138397,1.1270176064073985,0.30900890928138397,0.03528596153848145,0.9647140384615186,0.22092431338843926,0.4562428985894773,0.04622707051349692,0.953772929486503,True,0.8777308624481556,0.8777308624481556,1.2155831478742267e-16
BTS/BST,six_property_method_corners,corner_mpmmmm,baseline,3.0,p,3.0,323.0,373.0,0.0,0.12322776218904385,0.30735815923034615,0.33705557207186376,1.0698462940832025,0.33705557207186376,0.03653618119094786,0.9634638188090522,0.2699606530365028,0.4202068756847712,0.0425758580190297,0.9574241419809703,True,0.9045655736917011,0.9045655736917011,0.0
BTS/BST,six_property_method_corners,corner_mpmmmm,baseline,3.0,n,-3.0,323.0,373.00702745237874,-3.730107247776494e-05,0.2713725239337315,0.36520623158076104,0.4009337253868762,1.1494088360599402,0.4009337253868762,0.04669252666127532,0.9533074733387247,0.27744793239030363,0.6160525434716971,0.062419172890425104,0.9375808271095749,True,0.8493597881791874,0.8493597881791874,0.0
BTS/BST,six_property_method_corners,corner_mpmmmm,endpoint_zero_epsilon_-0.003,3.0,p,3.0,323.0,373.0,0.0024251990588604216,0.12189761827863042,0.30735815923034615,0.33705557207186376,1.0706534452899128,0.33705557207186376,0.03656374610648755,0.9634362538935124,0.2663489072470017,0.417658812683912,0.0423176852597874,0.9576823147402126,True,0.9045941617348432,0.9045941617348432,2.802561816237121e-16
BTS/BST,six_property_method_corners,corner_mpmmmm,endpoint_zero_epsilon_-0.003,3.0,n,-3.0,323.0,373.0072382046062,-0.0025823908351465625,0.273069688582514,0.36520623158076104,0.4009337290338551,1.1485714630413335,0.4009337290338551,0.046658510414886,0.953341489585114,0.2810752176711315,0.6189398550764935,0.06271171871976733,0.9372882812802327,True,0.8493534279166326,0.8493534279166326,1.0335797514332047e-16
BTS/BST,six_property_method_corners,corner_mpmmmm,endpoint_zero_epsilon_+0.003,3.0,p,3.0,323.0,373.0,-0.0024251990588604216,0.12460904106513987,0.30735815923034615,0.33705557207186376,1.0691256264455138,0.33705557207186376,0.036511569764489056,0.9634884302355109,0.27356885791816044,0.4227692868552509,0.042835484551801056,0.9571645154481989,True,0.9045371996475857,0.9045371996475857,0.0
BTS/BST,six_property_method_corners,corner_mpmmmm,endpoint_zero_epsilon_+0.003,3.0,n,-3.0,323.0,373.00681662425114,0.0025077441783269492,0.26970385599534935,0.36520623158076104,0.40093372163590557,1.15040178572846,0.40093372163590557,0.0467328628975032,0.9532671371024968,0.27381689883990296,0.6131720793442715,0.062127320855595046,0.937872679144405,True,0.8493663974489245,0.8493663974489245,1.0337224634848224e-16
BTS/BST,six_property_method_corners,corner_mpmmmp,baseline,3.0,p,3.0,323.0,373.0,0.0,0.12322776218904385,0.30735815923034615,0.33705557207186376,1.0698462940832025,0.33705557207186376,0.03653618119094786,0.9634638188090522,0.2699606530365028,0.4202068756847712,0.0425758580190297,0.9574241419809703,True,0.9045655736917011,0.9045655736917011,0.0
BTS/BST,six_property_method_corners,corner_mpmmmp,baseline,3.0,n,-3.0,323.0,373.0,-0.0,0.2311689499737099,0.31110160467990755,0.341536189268363,1.1355713230490294,0.341536189268363,0.03929627638102607,0.9607037236189739,0.24340872266663469,0.5121517351339326,0.05189182000824712,0.9481081799917529,True,0.8671984637089896,0.8671984637089896,1.0714372585424102e-16
BTS/BST,six_property_method_corners,corner_mpmmmp,endpoint_zero_epsilon_-0.003,3.0,p,3.0,323.0,373.0,0.0024251990588604216,0.12189761827863042,0.30735815923034615,0.33705557207186376,1.0706534452899128,0.33705557207186376,0.03656374610648755,0.9634362538935124,0.2663489072470017,0.417658812683912,0.0423176852597874,0.9576823147402126,True,0.9045941617348432,0.9045941617348432,2.802561816237121e-16
BTS/BST,six_property_method_corners,corner_mpmmmp,endpoint_zero_epsilon_-0.003,3.0,n,-3.0,323.0,373.0,-0.0021664295995355697,0.23261477695970698,0.31110160467990755,0.34153618923397194,1.1348935133428535,0.34153618923397194,0.03927282087321452,0.9607271791267855,0.2463055294159932,0.5144297599855465,0.05212263218257931,0.9478773678174207,True,0.8671499182629684,0.8671499182629684,1.0713562414752926e-16
BTS/BST,six_property_method_corners,corner_mpmmmp,endpoint_zero_epsilon_+0.003,3.0,p,3.0,323.0,373.0,-0.0024251990588604216,0.12460904106513987,0.30735815923034615,0.33705557207186376,1.0691256264455138,0.33705557207186376,0.036511569764489056,0.9634884302355109,0.27356885791816044,0.4227692868552509,0.042835484551801056,0.9571645154481989,True,0.9045371996475857,0.9045371996475857,0.0
BTS/BST,six_property_method_corners,corner_mpmmmp,endpoint_zero_epsilon_+0.003,3.0,n,-3.0,323.0,373.0,0.0021664295995355697,0.2297475829885767,0.31110160467990755,0.3415361892647525,1.1362816636385606,0.3415361892647525,0.03932085761083724,0.9606791423891627,0.2405091204583294,0.5098791836376599,0.05166156240075661,0.9483384375992434,True,0.8672471537244749,0.8672471537244749,0.0
BTS/BST,six_property_method_corners,corner_mpmmpm,baseline,3.0,p,3.0,323.0,373.0,0.0,0.10497182103468335,0.2618236171221467,0.28712141324640245,1.0628835652652082,0.28712141324640245,0.030920857510928962,0.969079142489071,0.23407940286336953,0.35326523603009696,0.03579325185425925,0.9642067481457407,True,0.9168478117933012,0.9168478117933012,1.473253859881581e-16
BTS/BST,six_property_method_corners,corner_mpmmpm,baseline,3.0,n,-3.0,323.0,373.00702745237874,-3.730107247776494e-05,0.2713725239337315,0.36520623158076104,0.4009337253868762,1.1494088360599402,0.4009337253868762,0.04669252666127532,0.9533074733387247,0.27744793239030363,0.6160525434716971,0.062419172890425104,0.9375808271095749,True,0.8493597881791874,0.8493597881791874,0.0
BTS/BST,six_property_method_corners,corner_mpmmpm,endpoint_zero_epsilon_-0.003,3.0,p,3.0,323.0,373.0,0.0020659103093996186,0.103838851343776,0.2618236171221467,0.28712141324640245,1.063467556301535,0.28712141324640245,0.030937846675322914,0.969062153324677,0.23120328075704716,0.3512361120560341,0.03558765861145016,0.9644123413885498,True,0.9169120654950162,0.9169120654950162,0.0
BTS/BST,six_property_method_corners,corner_mpmmpm,endpoint_zero_epsilon_-0.003,3.0,n,-3.0,323.0,373.0072382046062,-0.0025823908351465625,0.273069688582514,0.36520623158076104,0.4009337290338551,1.1485714630413335,0.4009337290338551,0.046658510414886,0.953341489585114,0.2810752176711315,0.6189398550764935,0.06271171871976733,0.9372882812802327,True,0.8493534279166326,0.8493534279166326,1.0335797514332047e-16
BTS/BST,six_property_method_corners,corner_mpmmpm,endpoint_zero_epsilon_+0.003,3.0,p,3.0,323.0,373.0,-0.0020659103093996186,0.10614859647614143,0.2618236171221467,0.28712141324640245,1.0623358192232248,0.28712141324640245,0.030904922767115216,0.9690950772328848,0.23695289694492244,0.35530560413516565,0.03599998436573089,0.9640000156342691,True,0.9167836859268641,0.9167836859268641,1.4730979466954009e-16
BTS/BST,six_property_method_corners,corner_mpmmpm,endpoint_zero_epsilon_+0.003,3.0,n,-3.0,323.0,373.00681662425114,0.0025077441783269492,0.26970385599534935,0.36520623158076104,0.40093372163590557,1.15040178572846,0.40093372163590557,0.0467328628975032,0.9532671371024968,0.27381689883990296,0.6131720793442715,0.062127320855595046,0.937872679144405,True,0.8493663974489245,0.8493663974489245,1.0337224634848224e-16
BTS/BST,six_property_method_corners,corner_mpmmpp,baseline,3.0,p,3.0,323.0,373.0,0.0,0.10497182103468335,0.2618236171221467,0.28712141324640245,1.0628835652652082,0.28712141324640245,0.030920857510928962,0.969079142489071,0.23407940286336953,0.35326523603009696,0.03579325185425925,0.9642067481457407,True,0.9168478117933012,0.9168478117933012,1.473253859881581e-16
BTS/BST,six_property_method_corners,corner_mpmmpp,baseline,3.0,n,-3.0,323.0,373.0,-0.0,0.2311689499737099,0.31110160467990755,0.341536189268363,1.1355713230490294,0.341536189268363,0.03929627638102607,0.9607037236189739,0.24340872266663469,0.5121517351339326,0.05189182000824712,0.9481081799917529,True,0.8671984637089896,0.8671984637089896,1.0714372585424102e-16
BTS/BST,six_property_method_corners,corner_mpmmpp,endpoint_zero_epsilon_-0.003,3.0,p,3.0,323.0,373.0,0.0020659103093996186,0.103838851343776,0.2618236171221467,0.28712141324640245,1.063467556301535,0.28712141324640245,0.030937846675322914,0.969062153324677,0.23120328075704716,0.3512361120560341,0.03558765861145016,0.9644123413885498,True,0.9169120654950162,0.9169120654950162,0.0
BTS/BST,six_property_method_corners,corner_mpmmpp,endpoint_zero_epsilon_-0.003,3.0,n,-3.0,323.0,373.0,-0.0021664295995355697,0.23261477695970698,0.31110160467990755,0.34153618923397194,1.1348935133428535,0.34153618923397194,0.03927282087321452,0.9607271791267855,0.2463055294159932,0.5144297599855465,0.05212263218257931,0.9478773678174207,True,0.8671499182629684,0.8671499182629684,1.0713562414752926e-16
BTS/BST,six_property_method_corners,corner_mpmmpp,endpoint_zero_epsilon_+0.003,3.0,p,3.0,323.0,373.0,-0.0020659103093996186,0.10614859647614143,0.2618236171221467,0.28712141324640245,1.0623358192232248,0.28712141324640245,0.030904922767115216,0.9690950772328848,0.23695289694492244,0.35530560413516565,0.03599998436573089,0.9640000156342691,True,0.9167836859268641,0.9167836859268641,1.4730979466954009e-16
BTS/BST,six_property_method_corners,corner_mpmmpp,endpoint_zero_epsilon_+0.003,3.0,n,-3.0,323.0,373.0,0.0021664295995355697,0.2297475829885767,0.31110160467990755,0.3415361892647525,1.1362816636385606,0.3415361892647525,0.03932085761083724,0.9606791423891627,0.2405091204583294,0.5098791836376599,0.05166156240075661,0.9483384375992434,True,0.8672471537244749,0.8672471537244749,0.0
BTS/BST,six_property_method_corners,corner_mpmpmm,baseline,3.0,p,3.0,323.0,373.0,0.0,0.12322776218904385,0.30735815923034615,0.33705557207186376,1.0698462940832025,0.33705557207186376,0.03653618119094786,0.9634638188090522,0.2699606530365028,0.4202068756847712,0.0425758580190297,0.9574241419809703,True,0.9045655736917011,0.9045655736917011,0.0
BTS/BST,six_property_method_corners,corner_mpmpmm,baseline,3.0,n,-3.0,323.0,373.0,-0.0,0.27137252592791716,0.3304246857159266,0.36274958383729916,1.157544521182245,0.36274958383729916,0.04254464275038813,0.9574553572496118,0.24577412682773309,0.5679665363226728,0.05754704172945204,0.942452958270548,True,0.852327573957961,0.852327573957961,2.1112972092027598e-16
BTS/BST,six_property_method_corners,corner_mpmpmm,endpoint_zero_epsilon_-0.003,3.0,p,3.0,323.0,373.0,0.0024251990588604216,0.12189761827863042,0.30735815923034615,0.33705557207186376,1.0706534452899128,0.33705557207186376,0.03656374610648755,0.9634362538935124,0.2663489072470017,0.417658812683912,0.0423176852597874,0.9576823147402126,True,0.9045941617348432,0.9045941617348432,2.802561816237121e-16
BTS/BST,six_property_method_corners,corner_mpmpmm,endpoint_zero_epsilon_-0.003,3.0,n,-3.0,323.0,373.0,-0.002543199964672191,0.2730697542091735,0.3304246857159266,0.3627495859080271,1.156703095912719,0.3627495859080271,0.04251371706596052,0.9574862829340395,0.24919916322956245,0.5707061048237451,0.05782461805264995,0.9421753819473501,True,0.852285365596901,0.852285365596901,1.0555711214406109e-16
BTS/BST,six_property_method_corners,corner_mpmpmm,endpoint_zero_epsilon_+0.003,3.0,p,3.0,323.0,373.0,-0.0024251990588604216,0.12460904106513987,0.30735815923034615,0.33705557207186376,1.0691256264455138,0.33705557207186376,0.036511569764489056,0.9634884302355109,0.27356885791816044,0.4227692868552509,0.042835484551801056,0.9571645154481989,True,0.9045371996475857,0.9045371996475857,0.0
BTS/BST,six_property_method_corners,corner_mpmpmm,endpoint_zero_epsilon_+0.003,3.0,n,-3.0,323.0,373.0,0.002543199964672191,0.2697039718456316,0.3304246857159266,0.3627495817042003,1.1584410572101465,0.3627495817042003,0.042577593979913717,0.9574224060200863,0.24234526668964243,0.5652340792393357,0.05727018594351643,0.9427298140564836,True,0.8523699949013093,0.8523699949013093,1.0557261250248709e-16
BTS/BST,six_property_method_corners,corner_mpmpmp,baseline,3.0,p,3.0,323.0,373.0,0.0,0.12322776218904385,0.30735815923034615,0.33705557207186376,1.0698462940832025,0.33705557207186376,0.03653618119094786,0.9634638188090522,0.2699606530365028,0.4202068756847712,0.0425758580190297,0.9574241419809703,True,0.9045655736917011,0.9045655736917011,0.0
BTS/BST,six_property_method_corners,corner_mpmpmp,baseline,3.0,n,-3.0,323.0,373.0,-0.0,0.2311688619030485,0.2814728804246782,0.30900880384290835,1.141011096741756,0.30900880384290835,0.035724073615021355,0.9642759263849786,0.21586621139633244,0.4744710506186494,0.04807396845270512,0.9519260315472948,True,0.8702312225502322,0.8702312225502322,0.0
BTS/BST,six_property_method_corners,corner_mpmpmp,endpoint_zero_epsilon_-0.003,3.0,p,3.0,323.0,373.0,0.0024251990588604216,0.12189761827863042,0.30735815923034615,0.33705557207186376,1.0706534452899128,0.33705557207186376,0.03656374610648755,0.9634362538935124,0.2663489072470017,0.417658812683912,0.0423176852597874,0.9576823147402126,True,0.9045941617348432,0.9045941617348432,2.802561816237121e-16
BTS/BST,six_property_method_corners,corner_mpmpmp,endpoint_zero_epsilon_-0.003,3.0,n,-3.0,323.0,373.0,-0.0021664295995355697,0.23261449646219495,0.2814728804246782,0.30900880140453224,1.140390879864493,0.30900880140453224,0.03570465487762526,0.9642953451223747,0.2186171740571384,0.4766481719459368,0.04829455696251885,0.9517054430374812,True,0.8701567457447941,0.8701567457447941,2.189481608203141e-16
BTS/BST,six_property_method_corners,corner_mpmpmp,endpoint_zero_epsilon_+0.003,3.0,p,3.0,323.0,373.0,-0.0024251990588604216,0.12460904106513987,0.30735815923034615,0.33705557207186376,1.0691256264455138,0.33705557207186376,0.036511569764489056,0.9634884302355109,0.27356885791816044,0.4227692868552509,0.042835484551801056,0.9571645154481989,True,0.9045371996475857,0.9045371996475857,0.0
BTS/BST,six_property_method_corners,corner_mpmpmp,endpoint_zero_epsilon_+0.003,3.0,n,-3.0,323.0,373.0,0.0021664295995355697,0.22974765625329188,0.2814728804246782,0.3090088062542622,1.1416522336692745,0.3090088062542622,0.03574414733833874,0.9642558526616613,0.21311241440600623,0.4722991753412343,0.04785391147887389,0.9521460885211261,True,0.8703058258687312,0.8703058258687312,0.0
BTS/BST,six_property_method_corners,corner_mpmppm,baseline,3.0,p,3.0,323.0,373.0,0.0,0.10497182103468335,0.2618236171221467,0.28712141324640245,1.0628835652652082,0.28712141324640245,0.030920857510928962,0.969079142489071,0.23407940286336953,0.35326523603009696,0.03579325185425925,0.9642067481457407,True,0.9168478117933012,0.9168478117933012,1.473253859881581e-16
BTS/BST,six_property_method_corners,corner_mpmppm,baseline,3.0,n,-3.0,323.0,373.0,-0.0,0.27137252592791716,0.3304246857159266,0.36274958383729916,1.157544521182245,0.36274958383729916,0.04254464275038813,0.9574553572496118,0.24577412682773309,0.5679665363226728,0.05754704172945204,0.942452958270548,True,0.852327573957961,0.852327573957961,2.1112972092027598e-16
BTS/BST,six_property_method_corners,corner_mpmppm,endpoint_zero_epsilon_-0.003,3.0,p,3.0,323.0,373.0,0.0020659103093996186,0.103838851343776,0.2618236171221467,0.28712141324640245,1.063467556301535,0.28712141324640245,0.030937846675322914,0.969062153324677,0.23120328075704716,0.3512361120560341,0.03558765861145016,0.9644123413885498,True,0.9169120654950162,0.9169120654950162,0.0
BTS/BST,six_property_method_corners,corner_mpmppm,endpoint_zero_epsilon_-0.003,3.0,n,-3.0,323.0,373.0,-0.002543199964672191,0.2730697542091735,0.3304246857159266,0.3627495859080271,1.156703095912719,0.3627495859080271,0.04251371706596052,0.9574862829340395,0.24919916322956245,0.5707061048237451,0.05782461805264995,0.9421753819473501,True,0.852285365596901,0.852285365596901,1.0555711214406109e-16
BTS/BST,six_property_method_corners,corner_mpmppm,endpoint_zero_epsilon_+0.003,3.0,p,3.0,323.0,373.0,-0.0020659103093996186,0.10614859647614143,0.2618236171221467,0.28712141324640245,1.0623358192232248,0.28712141324640245,0.030904922767115216,0.9690950772328848,0.23695289694492244,0.35530560413516565,0.03599998436573089,0.9640000156342691,True,0.9167836859268641,0.9167836859268641,1.4730979466954009e-16
BTS/BST,six_property_method_corners,corner_mpmppm,endpoint_zero_epsilon_+0.003,3.0,n,-3.0,323.0,373.0,0.002543199964672191,0.2697039718456316,0.3304246857159266,0.3627495817042003,1.1584410572101465,0.3627495817042003,0.042577593979913717,0.9574224060200863,0.24234526668964243,0.5652340792393357,0.05727018594351643,0.9427298140564836,True,0.8523699949013093,0.8523699949013093,1.0557261250248709e-16
BTS/BST,six_property_method_corners,corner_mpmppp,baseline,3.0,p,3.0,323.0,373.0,0.0,0.10497182103468335,0.2618236171221467,0.28712141324640245,1.0628835652652082,0.28712141324640245,0.030920857510928962,0.969079142489071,0.23407940286336953,0.35326523603009696,0.03579325185425925,0.9642067481457407,True,0.9168478117933012,0.9168478117933012,1.473253859881581e-16
BTS/BST,six_property_method_corners,corner_mpmppp,baseline,3.0,n,-3.0,323.0,373.0,-0.0,0.2311688619030485,0.2814728804246782,0.30900880384290835,1.141011096741756,0.30900880384290835,0.035724073615021355,0.9642759263849786,0.21586621139633244,0.4744710506186494,0.04807396845270512,0.9519260315472948,True,0.8702312225502322,0.8702312225502322,0.0
BTS/BST,six_property_method_corners,corner_mpmppp,endpoint_zero_epsilon_-0.003,3.0,p,3.0,323.0,373.0,0.0020659103093996186,0.103838851343776,0.2618236171221467,0.28712141324640245,1.063467556301535,0.28712141324640245,0.030937846675322914,0.969062153324677,0.23120328075704716,0.3512361120560341,0.03558765861145016,0.9644123413885498,True,0.9169120654950162,0.9169120654950162,0.0
BTS/BST,six_property_method_corners,corner_mpmppp,endpoint_zero_epsilon_-0.003,3.0,n,-3.0,323.0,373.0,-0.0021664295995355697,0.23261449646219495,0.2814728804246782,0.30900880140453224,1.140390879864493,0.30900880140453224,0.03570465487762526,0.9642953451223747,0.2186171740571384,0.4766481719459368,0.04829455696251885,0.9517054430374812,True,0.8701567457447941,0.8701567457447941,2.189481608203141e-16
BTS/BST,six_property_method_corners,corner_mpmppp,endpoint_zero_epsilon_+0.003,3.0,p,3.0,323.0,373.0,-0.0020659103093996186,0.10614859647614143,0.2618236171221467,0.28712141324640245,1.0623358192232248,0.28712141324640245,0.030904922767115216,0.9690950772328848,0.23695289694492244,0.35530560413516565,0.03599998436573089,0.9640000156342691,True,0.9167836859268641,0.9167836859268641,1.4730979466954009e-16
BTS/BST,six_property_method_corners,corner_mpmppp,endpoint_zero_epsilon_+0.003,3.0,n,-3.0,323.0,373.0,0.0021664295995355697,0.22974765625329188,0.2814728804246782,0.3090088062542622,1.1416522336692745,0.3090088062542622,0.03574414733833874,0.9642558526616613,0.21311241440600623,0.4722991753412343,0.04785391147887389,0.9521460885211261,True,0.8703058258687312,0.8703058258687312,0.0
BTS/BST,six_property_method_corners,corner_mppmmm,baseline,3.0,p,3.0,323.0,373.0,0.0,0.12322747096993736,0.27808595358936095,0.3049550413983527,1.0728090485582549,0.3049550413983527,0.03314808927696229,0.9668519107230377,0.24086510079725332,0.38594709150806167,0.039104616134914456,0.9608953838650856,True,0.9082422540826983,0.9082422540826983,7.189194381044074e-17
BTS/BST,six_property_method_corners,corner_mppmmm,baseline,3.0,n,-3.0,323.0,373.00702745237874,-3.730107247776494e-05,0.2713725239337315,0.36520623158076104,0.4009337253868762,1.1494088360599402,0.4009337253868762,0.04669252666127532,0.9533074733387247,0.27744793239030363,0.6160525434716971,0.062419172890425104,0.9375808271095749,True,0.8493597881791874,0.8493597881791874,0.0
BTS/BST,six_property_method_corners,corner_mppmmm,endpoint_zero_epsilon_-0.003,3.0,p,3.0,323.0,373.0,0.0024251990588604216,0.12189777282684572,0.27808595358936095,0.3049550413983527,1.0735399217789974,0.3049550413983527,0.0331706720942902,0.9668293279057099,0.2374286334298413,0.3835203917746357,0.038858740045579196,0.9611412599544208,True,0.9083024051520557,0.9083024051520557,1.4379854076191613e-16
BTS/BST,six_property_method_corners,corner_mppmmm,endpoint_zero_epsilon_-0.003,3.0,n,-3.0,323.0,373.0072382046062,-0.0025823908351465625,0.273069688582514,0.36520623158076104,0.4009337290338551,1.1485714630413335,0.4009337290338551,0.046658510414886,0.953341489585114,0.2810752176711315,0.6189398550764935,0.06271171871976733,0.9372882812802327,True,0.8493534279166326,0.8493534279166326,1.0335797514332047e-16
BTS/BST,six_property_method_corners,corner_mppmmm,endpoint_zero_epsilon_+0.003,3.0,p,3.0,323.0,373.0,-0.0024251990588604216,0.12460920720181487,0.27808595358936095,0.3049550413983527,1.0721306602002978,0.3049550413983527,0.03312712815822058,0.9668728718417794,0.2442979710499963,0.38838762915057856,0.039351894297577954,0.9606481057024221,True,0.9081822897777384,0.9081822897777384,0.0
BTS/BST,six_property_method_corners,corner_mppmmm,endpoint_zero_epsilon_+0.003,3.0,n,-3.0,323.0,373.00681662425114,0.0025077441783269492,0.26970385599534935,0.36520623158076104,0.40093372163590557,1.15040178572846,0.40093372163590557,0.0467328628975032,0.9532671371024968,0.27381689883990296,0.6131720793442715,0.062127320855595046,0.937872679144405,True,0.8493663974489245,0.8493663974489245,1.0337224634848224e-16
BTS/BST,six_property_method_corners,corner_mppmmp,baseline,3.0,p,3.0,323.0,373.0,0.0,0.12322747096993736,0.27808595358936095,0.3049550413983527,1.0728090485582549,0.3049550413983527,0.03314808927696229,0.9668519107230377,0.24086510079725332,0.38594709150806167,0.039104616134914456,0.9608953838650856,True,0.9082422540826983,0.9082422540826983,7.189194381044074e-17
BTS/BST,six_property_method_corners,corner_mppmmp,baseline,3.0,n,-3.0,323.0,373.0,-0.0,0.2311689499737099,0.31110160467990755,0.341536189268363,1.1355713230490294,0.341536189268363,0.03929627638102607,0.9607037236189739,0.24340872266663469,0.5121517351339326,0.05189182000824712,0.9481081799917529,True,0.8671984637089896,0.8671984637089896,1.0714372585424102e-16
BTS/BST,six_property_method_corners,corner_mppmmp,endpoint_zero_epsilon_-0.003,3.0,p,3.0,323.0,373.0,0.0024251990588604216,0.12189777282684572,0.27808595358936095,0.3049550413983527,1.0735399217789974,0.3049550413983527,0.0331706720942902,0.9668293279057099,0.2374286334298413,0.3835203917746357,0.038858740045579196,0.9611412599544208,True,0.9083024051520557,0.9083024051520557,1.4379854076191613e-16
BTS/BST,six_property_method_corners,corner_mppmmp,endpoint_zero_epsilon_-0.003,3.0,n,-3.0,323.0,373.0,-0.0021664295995355697,0.23261477695970698,0.31110160467990755,0.34153618923397194,1.1348935133428535,0.34153618923397194,0.03927282087321452,0.9607271791267855,0.2463055294159932,0.5144297599855465,0.05212263218257931,0.9478773678174207,True,0.8671499182629684,0.8671499182629684,1.0713562414752926e-16
BTS/BST,six_property_method_corners,corner_mppmmp,endpoint_zero_epsilon_+0.003,3.0,p,3.0,323.0,373.0,-0.0024251990588604216,0.12460920720181487,0.27808595358936095,0.3049550413983527,1.0721306602002978,0.3049550413983527,0.03312712815822058,0.9668728718417794,0.2442979710499963,0.38838762915057856,0.039351894297577954,0.9606481057024221,True,0.9081822897777384,0.9081822897777384,0.0
BTS/BST,six_property_method_corners,corner_mppmmp,endpoint_zero_epsilon_+0.003,3.0,n,-3.0,323.0,373.0,0.0021664295995355697,0.2297475829885767,0.31110160467990755,0.3415361892647525,1.1362816636385606,0.3415361892647525,0.03932085761083724,0.9606791423891627,0.2405091204583294,0.5098791836376599,0.05166156240075661,0.9483384375992434,True,0.8672471537244749,0.8672471537244749,0.0
BTS/BST,six_property_method_corners,corner_mppmpm,baseline,3.0,p,3.0,323.0,373.0,0.0,0.10497150090450687,0.23688803453908525,0.2597765167467449,1.064880838687597,0.2597765167467449,0.02802858390089912,0.9719714160991009,0.2089004680599105,0.32539205995958703,0.0329691086629239,0.9670308913370761,True,0.9202069103770049,0.9202069103770049,1.5135213847385556e-16
BTS/BST,six_property_method_corners,corner_mppmpm,baseline,3.0,n,-3.0,323.0,373.00702745237874,-3.730107247776494e-05,0.2713725239337315,0.36520623158076104,0.4009337253868762,1.1494088360599402,0.4009337253868762,0.04669252666127532,0.9533074733387247,0.27744793239030363,0.6160525434716971,0.062419172890425104,0.9375808271095749,True,0.8493597881791874,0.8493597881791874,0.0
BTS/BST,six_property_method_corners,corner_mppmpm,endpoint_zero_epsilon_-0.003,3.0,p,3.0,323.0,373.0,0.0020659103093996186,0.1038386751499163,0.23688803453908525,0.2597765167467449,1.0654103272705246,0.2597765167467449,0.028042520497964244,0.9719574795020357,0.20615078748864277,0.3234475690894297,0.03277209054637784,0.9672279094536221,True,0.9202941031193771,0.9202941031193771,1.513689705619882e-16
BTS/BST,six_property_method_corners,corner_mppmpm,endpoint_zero_epsilon_-0.003,3.0,n,-3.0,323.0,373.0072382046062,-0.0025823908351465625,0.273069688582514,0.36520623158076104,0.4009337290338551,1.1485714630413335,0.4009337290338551,0.046658510414886,0.953341489585114,0.2810752176711315,0.6189398550764935,0.06271171871976733,0.9372882812802327,True,0.8493534279166326,0.8493534279166326,1.0335797514332047e-16
BTS/BST,six_property_method_corners,corner_mppmpm,endpoint_zero_epsilon_+0.003,3.0,p,3.0,323.0,373.0,-0.0020659103093996186,0.10614832879276684,0.23688803453908525,0.2597765167467449,1.0643789982928151,0.2597765167467449,0.028015375028038435,0.9719846249719616,0.21164749134997468,0.32734717617660986,0.033167203352190984,0.966832796647809,True,0.9201198317317457,0.9201198317317457,1.513353137124261e-16
BTS/BST,six_property_method_corners,corner_mppmpm,endpoint_zero_epsilon_+0.003,3.0,n,-3.0,323.0,373.00681662425114,0.0025077441783269492,0.26970385599534935,0.36520623158076104,0.40093372163590557,1.15040178572846,0.40093372163590557,0.0467328628975032,0.9532671371024968,0.27381689883990296,0.6131720793442715,0.062127320855595046,0.937872679144405,True,0.8493663974489245,0.8493663974489245,1.0337224634848224e-16
BTS/BST,six_property_method_corners,corner_mppmpp,baseline,3.0,p,3.0,323.0,373.0,0.0,0.10497150090450687,0.23688803453908525,0.2597765167467449,1.064880838687597,0.2597765167467449,0.02802858390089912,0.9719714160991009,0.2089004680599105,0.32539205995958703,0.0329691086629239,0.9670308913370761,True,0.9202069103770049,0.9202069103770049,1.5135213847385556e-16
BTS/BST,six_property_method_corners,corner_mppmpp,baseline,3.0,n,-3.0,323.0,373.0,-0.0,0.2311689499737099,0.31110160467990755,0.341536189268363,1.1355713230490294,0.341536189268363,0.03929627638102607,0.9607037236189739,0.24340872266663469,0.5121517351339326,0.05189182000824712,0.9481081799917529,True,0.8671984637089896,0.8671984637089896,1.0714372585424102e-16
BTS/BST,six_property_method_corners,corner_mppmpp,endpoint_zero_epsilon_-0.003,3.0,p,3.0,323.0,373.0,0.0020659103093996186,0.1038386751499163,0.23688803453908525,0.2597765167467449,1.0654103272705246,0.2597765167467449,0.028042520497964244,0.9719574795020357,0.20615078748864277,0.3234475690894297,0.03277209054637784,0.9672279094536221,True,0.9202941031193771,0.9202941031193771,1.513689705619882e-16
BTS/BST,six_property_method_corners,corner_mppmpp,endpoint_zero_epsilon_-0.003,3.0,n,-3.0,323.0,373.0,-0.0021664295995355697,0.23261477695970698,0.31110160467990755,0.34153618923397194,1.1348935133428535,0.34153618923397194,0.03927282087321452,0.9607271791267855,0.2463055294159932,0.5144297599855465,0.05212263218257931,0.9478773678174207,True,0.8671499182629684,0.8671499182629684,1.0713562414752926e-16
BTS/BST,six_property_method_corners,corner_mppmpp,endpoint_zero_epsilon_+0.003,3.0,p,3.0,323.0,373.0,-0.0020659103093996186,0.10614832879276684,0.23688803453908525,0.2597765167467449,1.0643789982928151,0.2597765167467449,0.028015375028038435,0.9719846249719616,0.21164749134997468,0.32734717617660986,0.033167203352190984,0.966832796647809,True,0.9201198317317457,0.9201198317317457,1.513353137124261e-16
BTS/BST,six_property_method_corners,corner_mppmpp,endpoint_zero_epsilon_+0.003,3.0,n,-3.0,323.0,373.0,0.0021664295995355697,0.2297475829885767,0.31110160467990755,0.3415361892647525,1.1362816636385606,0.3415361892647525,0.03932085761083724,0.9606791423891627,0.2405091204583294,0.5098791836376599,0.05166156240075661,0.9483384375992434,True,0.8672471537244749,0.8672471537244749,0.0
BTS/BST,six_property_method_corners,corner_mpppmm,baseline,3.0,p,3.0,323.0,373.0,0.0,0.12322747096993736,0.27808595358936095,0.3049550413983527,1.0728090485582549,0.3049550413983527,0.03314808927696229,0.9668519107230377,0.24086510079725332,0.38594709150806167,0.039104616134914456,0.9608953838650856,True,0.9082422540826983,0.9082422540826983,7.189194381044074e-17
BTS/BST,six_property_method_corners,corner_mpppmm,baseline,3.0,n,-3.0,323.0,373.0,-0.0,0.27137252592791716,0.3304246857159266,0.36274958383729916,1.157544521182245,0.36274958383729916,0.04254464275038813,0.9574553572496118,0.24577412682773309,0.5679665363226728,0.05754704172945204,0.942452958270548,True,0.852327573957961,0.852327573957961,2.1112972092027598e-16
BTS/BST,six_property_method_corners,corner_mpppmm,endpoint_zero_epsilon_-0.003,3.0,p,3.0,323.0,373.0,0.0024251990588604216,0.12189777282684572,0.27808595358936095,0.3049550413983527,1.0735399217789974,0.3049550413983527,0.0331706720942902,0.9668293279057099,0.2374286334298413,0.3835203917746357,0.038858740045579196,0.9611412599544208,True,0.9083024051520557,0.9083024051520557,1.4379854076191613e-16
BTS/BST,six_property_method_corners,corner_mpppmm,endpoint_zero_epsilon_-0.003,3.0,n,-3.0,323.0,373.0,-0.002543199964672191,0.2730697542091735,0.3304246857159266,0.3627495859080271,1.156703095912719,0.3627495859080271,0.04251371706596052,0.9574862829340395,0.24919916322956245,0.5707061048237451,0.05782461805264995,0.9421753819473501,True,0.852285365596901,0.852285365596901,1.0555711214406109e-16
BTS/BST,six_property_method_corners,corner_mpppmm,endpoint_zero_epsilon_+0.003,3.0,p,3.0,323.0,373.0,-0.0024251990588604216,0.12460920720181487,0.27808595358936095,0.3049550413983527,1.0721306602002978,0.3049550413983527,0.03312712815822058,0.9668728718417794,0.2442979710499963,0.38838762915057856,0.039351894297577954,0.9606481057024221,True,0.9081822897777384,0.9081822897777384,0.0
BTS/BST,six_property_method_corners,corner_mpppmm,endpoint_zero_epsilon_+0.003,3.0,n,-3.0,323.0,373.0,0.002543199964672191,0.2697039718456316,0.3304246857159266,0.3627495817042003,1.1584410572101465,0.3627495817042003,0.042577593979913717,0.9574224060200863,0.24234526668964243,0.5652340792393357,0.05727018594351643,0.9427298140564836,True,0.8523699949013093,0.8523699949013093,1.0557261250248709e-16
BTS/BST,six_property_method_corners,corner_mpppmp,baseline,3.0,p,3.0,323.0,373.0,0.0,0.12322747096993736,0.27808595358936095,0.3049550413983527,1.0728090485582549,0.3049550413983527,0.03314808927696229,0.9668519107230377,0.24086510079725332,0.38594709150806167,0.039104616134914456,0.9608953838650856,True,0.9082422540826983,0.9082422540826983,7.189194381044074e-17
BTS/BST,six_property_method_corners,corner_mpppmp,baseline,3.0,n,-3.0,323.0,373.0,-0.0,0.2311688619030485,0.2814728804246782,0.30900880384290835,1.141011096741756,0.30900880384290835,0.035724073615021355,0.9642759263849786,0.21586621139633244,0.4744710506186494,0.04807396845270512,0.9519260315472948,True,0.8702312225502322,0.8702312225502322,0.0
BTS/BST,six_property_method_corners,corner_mpppmp,endpoint_zero_epsilon_-0.003,3.0,p,3.0,323.0,373.0,0.0024251990588604216,0.12189777282684572,0.27808595358936095,0.3049550413983527,1.0735399217789974,0.3049550413983527,0.0331706720942902,0.9668293279057099,0.2374286334298413,0.3835203917746357,0.038858740045579196,0.9611412599544208,True,0.9083024051520557,0.9083024051520557,1.4379854076191613e-16
BTS/BST,six_property_method_corners,corner_mpppmp,endpoint_zero_epsilon_-0.003,3.0,n,-3.0,323.0,373.0,-0.0021664295995355697,0.23261449646219495,0.2814728804246782,0.30900880140453224,1.140390879864493,0.30900880140453224,0.03570465487762526,0.9642953451223747,0.2186171740571384,0.4766481719459368,0.04829455696251885,0.9517054430374812,True,0.8701567457447941,0.8701567457447941,2.189481608203141e-16
BTS/BST,six_property_method_corners,corner_mpppmp,endpoint_zero_epsilon_+0.003,3.0,p,3.0,323.0,373.0,-0.0024251990588604216,0.12460920720181487,0.27808595358936095,0.3049550413983527,1.0721306602002978,0.3049550413983527,0.03312712815822058,0.9668728718417794,0.2442979710499963,0.38838762915057856,0.039351894297577954,0.9606481057024221,True,0.9081822897777384,0.9081822897777384,0.0
BTS/BST,six_property_method_corners,corner_mpppmp,endpoint_zero_epsilon_+0.003,3.0,n,-3.0,323.0,373.0,0.0021664295995355697,0.22974765625329188,0.2814728804246782,0.3090088062542622,1.1416522336692745,0.3090088062542622,0.03574414733833874,0.9642558526616613,0.21311241440600623,0.4722991753412343,0.04785391147887389,0.9521460885211261,True,0.8703058258687312,0.8703058258687312,0.0
BTS/BST,six_property_method_corners,corner_mppppm,baseline,3.0,p,3.0,323.0,373.0,0.0,0.10497150090450687,0.23688803453908525,0.2597765167467449,1.064880838687597,0.2597765167467449,0.02802858390089912,0.9719714160991009,0.2089004680599105,0.32539205995958703,0.0329691086629239,0.9670308913370761,True,0.9202069103770049,0.9202069103770049,1.5135213847385556e-16
BTS/BST,six_property_method_corners,corner_mppppm,baseline,3.0,n,-3.0,323.0,373.0,-0.0,0.27137252592791716,0.3304246857159266,0.36274958383729916,1.157544521182245,0.36274958383729916,0.04254464275038813,0.9574553572496118,0.24577412682773309,0.5679665363226728,0.05754704172945204,0.942452958270548,True,0.852327573957961,0.852327573957961,2.1112972092027598e-16
BTS/BST,six_property_method_corners,corner_mppppm,endpoint_zero_epsilon_-0.003,3.0,p,3.0,323.0,373.0,0.0020659103093996186,0.1038386751499163,0.23688803453908525,0.2597765167467449,1.0654103272705246,0.2597765167467449,0.028042520497964244,0.9719574795020357,0.20615078748864277,0.3234475690894297,0.03277209054637784,0.9672279094536221,True,0.9202941031193771,0.9202941031193771,1.513689705619882e-16
BTS/BST,six_property_method_corners,corner_mppppm,endpoint_zero_epsilon_-0.003,3.0,n,-3.0,323.0,373.0,-0.002543199964672191,0.2730697542091735,0.3304246857159266,0.3627495859080271,1.156703095912719,0.3627495859080271,0.04251371706596052,0.9574862829340395,0.24919916322956245,0.5707061048237451,0.05782461805264995,0.9421753819473501,True,0.852285365596901,0.852285365596901,1.0555711214406109e-16
BTS/BST,six_property_method_corners,corner_mppppm,endpoint_zero_epsilon_+0.003,3.0,p,3.0,323.0,373.0,-0.0020659103093996186,0.10614832879276684,0.23688803453908525,0.2597765167467449,1.0643789982928151,0.2597765167467449,0.028015375028038435,0.9719846249719616,0.21164749134997468,0.32734717617660986,0.033167203352190984,0.966832796647809,True,0.9201198317317457,0.9201198317317457,1.513353137124261e-16
BTS/BST,six_property_method_corners,corner_mppppm,endpoint_zero_epsilon_+0.003,3.0,n,-3.0,323.0,373.0,0.002543199964672191,0.2697039718456316,0.3304246857159266,0.3627495817042003,1.1584410572101465,0.3627495817042003,0.042577593979913717,0.9574224060200863,0.24234526668964243,0.5652340792393357,0.05727018594351643,0.9427298140564836,True,0.8523699949013093,0.8523699949013093,1.0557261250248709e-16
BTS/BST,six_property_method_corners,corner_mppppp,baseline,3.0,p,3.0,323.0,373.0,0.0,0.10497150090450687,0.23688803453908525,0.2597765167467449,1.064880838687597,0.2597765167467449,0.02802858390089912,0.9719714160991009,0.2089004680599105,0.32539205995958703,0.0329691086629239,0.9670308913370761,True,0.9202069103770049,0.9202069103770049,1.5135213847385556e-16
BTS/BST,six_property_method_corners,corner_mppppp,baseline,3.0,n,-3.0,323.0,373.0,-0.0,0.2311688619030485,0.2814728804246782,0.30900880384290835,1.141011096741756,0.30900880384290835,0.035724073615021355,0.9642759263849786,0.21586621139633244,0.4744710506186494,0.04807396845270512,0.9519260315472948,True,0.8702312225502322,0.8702312225502322,0.0
BTS/BST,six_property_method_corners,corner_mppppp,endpoint_zero_epsilon_-0.003,3.0,p,3.0,323.0,373.0,0.0020659103093996186,0.1038386751499163,0.23688803453908525,0.2597765167467449,1.0654103272705246,0.2597765167467449,0.028042520497964244,0.9719574795020357,0.20615078748864277,0.3234475690894297,0.03277209054637784,0.9672279094536221,True,0.9202941031193771,0.9202941031193771,1.513689705619882e-16
BTS/BST,six_property_method_corners,corner_mppppp,endpoint_zero_epsilon_-0.003,3.0,n,-3.0,323.0,373.0,-0.0021664295995355697,0.23261449646219495,0.2814728804246782,0.30900880140453224,1.140390879864493,0.30900880140453224,0.03570465487762526,0.9642953451223747,0.2186171740571384,0.4766481719459368,0.04829455696251885,0.9517054430374812,True,0.8701567457447941,0.8701567457447941,2.189481608203141e-16
BTS/BST,six_property_method_corners,corner_mppppp,endpoint_zero_epsilon_+0.003,3.0,p,3.0,323.0,373.0,-0.0020659103093996186,0.10614832879276684,0.23688803453908525,0.2597765167467449,1.0643789982928151,0.2597765167467449,0.028015375028038435,0.9719846249719616,0.21164749134997468,0.32734717617660986,0.033167203352190984,0.966832796647809,True,0.9201198317317457,0.9201198317317457,1.513353137124261e-16
BTS/BST,six_property_method_corners,corner_mppppp,endpoint_zero_epsilon_+0.003,3.0,n,-3.0,323.0,373.0,0.0021664295995355697,0.22974765625329188,0.2814728804246782,0.3090088062542622,1.1416522336692745,0.3090088062542622,0.03574414733833874,0.9642558526616613,0.21311241440600623,0.4722991753412343,0.04785391147887389,0.9521460885211261,True,0.8703058258687312,0.8703058258687312,0.0
BTS/BST,six_property_method_corners,corner_pmmmmm,baseline,3.0,p,3.0,323.0,373.0,0.0,0.13619916293240047,0.30735815923034615,0.33705557207186376,1.0776269992111494,0.33705557207186376,0.03680189903651147,0.9631981009634886,0.2627782133631077,0.43063047087660006,0.04363198902167439,0.9563680109783256,True,0.9001201705271795,0.9001201705271795,0.0
BTS/BST,six_property_method_corners,corner_pmmmmm,baseline,3.0,n,-3.0,323.0,373.0101119272692,-4.856043892246824e-05,0.24552720355998747,0.36520623158076104,0.4009335304284597,1.133702264922321,0.4009335304284597,0.04605445497692666,0.9539455450230734,0.28791962427726653,0.5955528248003341,0.06034211713030767,0.9396578828696923,True,0.8574436227552653,0.8574436227552653,1.1406551334628797e-16
BTS/BST,six_property_method_corners,corner_pmmmmm,endpoint_zero_epsilon_-0.003,3.0,p,3.0,323.0,373.0,0.0024251990588604216,0.1348666667545283,0.30735815923034615,0.33705557207186376,1.0784370995773802,0.33705557207186376,0.03682956466841313,0.9631704353315869,0.2591932449899295,0.4280950624962294,0.04337509844355853,0.9566249015564414,True,0.900150518636022,0.900150518636022,1.2661003010262582e-16
BTS/BST,six_property_method_corners,corner_pmmmmm,endpoint_zero_epsilon_-0.003,3.0,n,-3.0,323.0,373.01035690359316,-0.0025940402563470934,0.24722589264949332,0.36520623158076104,0.4009335379784313,1.1328844403120448,0.4009335379784313,0.046021233305449355,0.9539787666945506,0.2916038070073206,0.5984505224808353,0.0606357152891337,0.9393642847108663,True,0.85744090808764,0.85744090808764,1.1405686064485094e-16
BTS/BST,six_property_method_corners,corner_pmmmmm,endpoint_zero_epsilon_+0.003,3.0,p,3.0,323.0,373.0,-0.0024251990588604216,0.13757807970863586,0.30735815923034615,0.33705557207186376,1.0768963441382946,0.33705557207186376,0.03677694653045752,0.9632230534695425,0.2663596375095227,0.4331795629714023,0.043890266049933076,0.9561097339500669,True,0.9000900337967886,0.9000900337967886,1.265879973539928e-16
BTS/BST,six_property_method_corners,corner_pmmmmm,endpoint_zero_epsilon_+0.003,3.0,n,-3.0,323.0,373.0098668627093,0.002496867593604847,0.24386024989266,0.36520623158076104,0.40093352539842064,1.1346874836857908,0.40093352539842064,0.046094476999442205,0.9539055230005578,0.2842317003801146,0.5926629758144897,0.0600493142105143,0.9399506857894857,True,0.8574465926330239,0.8574465926330239,0.0
BTS/BST,six_property_method_corners,corner_pmmmmp,baseline,3.0,p,3.0,323.0,373.0,0.0,0.13619916293240047,0.30735815923034615,0.33705557207186376,1.0776269992111494,0.33705557207186376,0.03680189903651147,0.9631981009634886,0.2627782133631077,0.43063047087660006,0.04363198902167439,0.9563680109783256,True,0.9001201705271795,0.9001201705271795,0.0
BTS/BST,six_property_method_corners,corner_pmmmmp,baseline,3.0,n,-3.0,323.0,373.0,-0.0,0.2091524393127185,0.31110160467990755,0.3415361223398146,1.1215127131139628,0.3415361223398146,0.03880977267432017,0.9611902273256798,0.25154632360264007,0.49568769482523084,0.0502236639566343,0.9497763360433658,True,0.8744634759631734,0.8744634759631734,1.186768764310431e-16
BTS/BST,six_property_method_corners,corner_pmmmmp,endpoint_zero_epsilon_-0.003,3.0,p,3.0,323.0,373.0,0.0024251990588604216,0.1348666667545283,0.30735815923034615,0.33705557207186376,1.0784370995773802,0.33705557207186376,0.03682956466841313,0.9631704353315869,0.2591932449899295,0.4280950624962294,0.04337509844355853,0.9566249015564414,True,0.900150518636022,0.900150518636022,1.2661003010262582e-16
BTS/BST,six_property_method_corners,corner_pmmmmp,endpoint_zero_epsilon_-0.003,3.0,n,-3.0,323.0,373.0,-0.0021664295995355697,0.21059989188269881,0.31110160467990755,0.3415361245998766,1.1208425220693758,0.3415361245998766,0.038786581074320856,0.9612134189256791,0.2544837967476332,0.49797373486104524,0.05045528823891678,0.9495447117610832,True,0.874417289626667,0.874417289626667,0.0
BTS/BST,six_property_method_corners,corner_pmmmmp,endpoint_zero_epsilon_+0.003,3.0,p,3.0,323.0,373.0,-0.0024251990588604216,0.13757807970863586,0.30735815923034615,0.33705557207186376,1.0768963441382946,0.33705557207186376,0.03677694653045752,0.9632230534695425,0.2663596375095227,0.4331795629714023,0.043890266049933076,0.9561097339500669,True,0.9000900337967886,0.9000900337967886,1.265879973539928e-16
BTS/BST,six_property_method_corners,corner_pmmmmp,endpoint_zero_epsilon_+0.003,3.0,n,-3.0,323.0,373.0,0.0021664295995355697,0.20773269257498447,0.31110160467990755,0.3415361200446629,1.1222190395475302,0.3415361200446629,0.03883421472951917,0.9611657852704808,0.24860605871816585,0.4934077473389774,0.04999265697868473,0.9500073430213153,True,0.8745098113651835,0.8745098113651835,2.3737358772770317e-16
BTS/BST,six_property_method_corners,corner_pmmmpm,baseline,3.0,p,3.0,323.0,373.0,0.0,0.11602150436645826,0.2618236171221467,0.28712141324640245,1.0698332640148296,0.28712141324640245,0.03112303454311151,0.9688769654568885,0.22840403302979306,0.3617329329704469,0.03665120893098011,0.9633487910690199,True,0.9128916898948358,0.9128916898948358,1.3246173259161852e-16
BTS/BST,six_property_method_corners,corner_pmmmpm,baseline,3.0,n,-3.0,323.0,373.0101119272692,-4.856043892246824e-05,0.24552720355998747,0.36520623158076104,0.4009335304284597,1.133702264922321,0.4009335304284597,0.04605445497692666,0.9539455450230734,0.28791962427726653,0.5955528248003341,0.06034211713030767,0.9396578828696923,True,0.8574436227552653,0.8574436227552653,1.1406551334628797e-16
BTS/BST,six_property_method_corners,corner_pmmmpm,endpoint_zero_epsilon_-0.003,3.0,p,3.0,323.0,373.0,0.0020659103093996186,0.11488619061359198,0.2618236171221467,0.28712141324640245,1.0704188267043877,0.28712141324640245,0.03114006942922627,0.9688599305707737,0.22554702653665426,0.3597144114089731,0.036446689937164004,0.963553310062836,True,0.9129570761385836,0.9129570761385836,1.3247435808111305e-16
BTS/BST,six_property_method_corners,corner_pmmmpm,endpoint_zero_epsilon_-0.003,3.0,n,-3.0,323.0,373.01035690359316,-0.0025940402563470934,0.24722589264949332,0.36520623158076104,0.4009335379784313,1.1328844403120448,0.4009335379784313,0.046021233305449355,0.9539787666945506,0.2916038070073206,0.5984505224808353,0.0606357152891337,0.9393642847108663,True,0.85744090808764,0.85744090808764,1.1405686064485094e-16
BTS/BST,six_property_method_corners,corner_pmmmpm,endpoint_zero_epsilon_+0.003,3.0,p,3.0,323.0,373.0,-0.0020659103093996186,0.11719597043435283,0.2618236171221467,0.28712141324640245,1.0692806315518384,0.28712141324640245,0.031106957646071708,0.9688930423539283,0.23125840974693818,0.36376148054565544,0.036856743772375036,0.963143256227625,True,0.9128264299712836,0.9128264299712836,0.0
BTS/BST,six_property_method_corners,corner_pmmmpm,endpoint_zero_epsilon_+0.003,3.0,n,-3.0,323.0,373.0098668627093,0.002496867593604847,0.24386024989266,0.36520623158076104,0.40093352539842064,1.1346874836857908,0.40093352539842064,0.046094476999442205,0.9539055230005578,0.2842317003801146,0.5926629758144897,0.0600493142105143,0.9399506857894857,True,0.8574465926330239,0.8574465926330239,0.0
BTS/BST,six_property_method_corners,corner_pmmmpp,baseline,3.0,p,3.0,323.0,373.0,0.0,0.11602150436645826,0.2618236171221467,0.28712141324640245,1.0698332640148296,0.28712141324640245,0.03112303454311151,0.9688769654568885,0.22840403302979306,0.3617329329704469,0.03665120893098011,0.9633487910690199,True,0.9128916898948358,0.9128916898948358,1.3246173259161852e-16
BTS/BST,six_property_method_corners,corner_pmmmpp,baseline,3.0,n,-3.0,323.0,373.0,-0.0,0.2091524393127185,0.31110160467990755,0.3415361223398146,1.1215127131139628,0.3415361223398146,0.03880977267432017,0.9611902273256798,0.25154632360264007,0.49568769482523084,0.0502236639566343,0.9497763360433658,True,0.8744634759631734,0.8744634759631734,1.186768764310431e-16
BTS/BST,six_property_method_corners,corner_pmmmpp,endpoint_zero_epsilon_-0.003,3.0,p,3.0,323.0,373.0,0.0020659103093996186,0.11488619061359198,0.2618236171221467,0.28712141324640245,1.0704188267043877,0.28712141324640245,0.03114006942922627,0.9688599305707737,0.22554702653665426,0.3597144114089731,0.036446689937164004,0.963553310062836,True,0.9129570761385836,0.9129570761385836,1.3247435808111305e-16
BTS/BST,six_property_method_corners,corner_pmmmpp,endpoint_zero_epsilon_-0.003,3.0,n,-3.0,323.0,373.0,-0.0021664295995355697,0.21059989188269881,0.31110160467990755,0.3415361245998766,1.1208425220693758,0.3415361245998766,0.038786581074320856,0.9612134189256791,0.2544837967476332,0.49797373486104524,0.05045528823891678,0.9495447117610832,True,0.874417289626667,0.874417289626667,0.0
BTS/BST,six_property_method_corners,corner_pmmmpp,endpoint_zero_epsilon_+0.003,3.0,p,3.0,323.0,373.0,-0.0020659103093996186,0.11719597043435283,0.2618236171221467,0.28712141324640245,1.0692806315518384,0.28712141324640245,0.031106957646071708,0.9688930423539283,0.23125840974693818,0.36376148054565544,0.036856743772375036,0.963143256227625,True,0.9128264299712836,0.9128264299712836,0.0
BTS/BST,six_property_method_corners,corner_pmmmpp,endpoint_zero_epsilon_+0.003,3.0,n,-3.0,323.0,373.0,0.0021664295995355697,0.20773269257498447,0.31110160467990755,0.3415361200446629,1.1222190395475302,0.3415361200446629,0.03883421472951917,0.9611657852704808,0.24860605871816585,0.4934077473389774,0.04999265697868473,0.9500073430213153,True,0.8745098113651835,0.8745098113651835,2.3737358772770317e-16
BTS/BST,six_property_method_corners,corner_pmmpmm,baseline,3.0,p,3.0,323.0,373.0,0.0,0.13619916293240047,0.30735815923034615,0.33705557207186376,1.0776269992111494,0.33705557207186376,0.03680189903651147,0.9631981009634886,0.2627782133631077,0.43063047087660006,0.04363198902167439,0.9563680109783256,True,0.9001201705271795,0.9001201705271795,0.0
BTS/BST,six_property_method_corners,corner_pmmpmm,baseline,3.0,n,-3.0,323.0,373.0,-0.0,0.24552720717872206,0.3304246857159266,0.36274948448814176,1.1409698395511834,0.36274948448814176,0.04193544181649539,0.9580645581835046,0.2558506248894066,0.5483614367736382,0.055560629837718,0.944439370162282,True,0.8606384034425945,0.8606384034425945,1.1674427230622662e-16
BTS/BST,six_property_method_corners,corner_pmmpmm,endpoint_zero_epsilon_-0.003,3.0,p,3.0,323.0,373.0,0.0024251990588604216,0.1348666667545283,0.30735815923034615,0.33705557207186376,1.0784370995773802,0.33705557207186376,0.03682956466841313,0.9631704353315869,0.2591932449899295,0.4280950624962294,0.04337509844355853,0.9566249015564414,True,0.900150518636022,0.900150518636022,1.2661003010262582e-16
BTS/BST,six_property_method_corners,corner_pmmpmm,endpoint_zero_epsilon_-0.003,3.0,n,-3.0,323.0,373.0,-0.002543199964672191,0.24722561428028073,0.3304246857159266,0.36274948871435403,1.1401408474398187,0.36274948871435403,0.04190497335693567,0.9580950266430643,0.25933190190064,0.5511100737074215,0.05583912498525196,0.944160875014748,True,0.8605995455515578,0.8605995455515578,0.0
BTS/BST,six_property_method_corners,corner_pmmpmm,endpoint_zero_epsilon_+0.003,3.0,p,3.0,323.0,373.0,-0.0024251990588604216,0.13757807970863586,0.30735815923034615,0.33705557207186376,1.0768963441382946,0.33705557207186376,0.03677694653045752,0.9632230534695425,0.2663596375095227,0.4331795629714023,0.043890266049933076,0.9561097339500669,True,0.9000900337967886,0.9000900337967886,1.265879973539928e-16
BTS/BST,six_property_method_corners,corner_pmmpmm,endpoint_zero_epsilon_+0.003,3.0,n,-3.0,323.0,373.0,0.002543199964672191,0.24386041230982064,0.3304246857159266,0.3627494802014594,1.1418601608028127,0.3627494802014594,0.04196816437224747,0.9580318356277525,0.2523655304948613,0.5456203627945476,0.05528290097770532,0.9447170990222947,True,0.8606774786794735,0.8606774786794735,1.167537213244776e-16
BTS/BST,six_property_method_corners,corner_pmmpmp,baseline,3.0,p,3.0,323.0,373.0,0.0,0.13619916293240047,0.30735815923034615,0.33705557207186376,1.0776269992111494,0.33705557207186376,0.03680189903651147,0.9631981009634886,0.2627782133631077,0.43063047087660006,0.04363198902167439,0.9563680109783256,True,0.9001201705271795,0.9001201705271795,0.0
BTS/BST,six_property_method_corners,corner_pmmpmp,baseline,3.0,n,-3.0,323.0,373.0,-0.0,0.2091526793011341,0.2814728804246782,0.309008908212185,1.1263796841384208,0.309008908212185,0.035265988613442496,0.9647340113865575,0.22371835640798132,0.4584221497868808,0.046447874824271825,0.9535521251757282,True,0.8776584013093851,0.8776584013093851,0.0
BTS/BST,six_property_method_corners,corner_pmmpmp,endpoint_zero_epsilon_-0.003,3.0,p,3.0,323.0,373.0,0.0024251990588604216,0.1348666667545283,0.30735815923034615,0.33705557207186376,1.0784370995773802,0.33705557207186376,0.03682956466841313,0.9631704353315869,0.2591932449899295,0.4280950624962294,0.04337509844355853,0.9566249015564414,True,0.900150518636022,0.900150518636022,1.2661003010262582e-16
BTS/BST,six_property_method_corners,corner_pmmpmp,endpoint_zero_epsilon_-0.003,3.0,n,-3.0,323.0,373.0,-0.0021664295995355697,0.21060011603704795,0.2814728804246782,0.30900890711762624,1.1257649257234885,0.30900890711762624,0.03524674092618895,0.964753259073811,0.22650956840395586,0.46060724757869365,0.046669271518912564,0.9533307284810875,True,0.8775860690665225,0.8775860690665225,1.2153692896384598e-16
BTS/BST,six_property_method_corners,corner_pmmpmp,endpoint_zero_epsilon_+0.003,3.0,p,3.0,323.0,373.0,-0.0024251990588604216,0.13757807970863586,0.30735815923034615,0.33705557207186376,1.0768963441382946,0.33705557207186376,0.03677694653045752,0.9632230534695425,0.2663596375095227,0.4331795629714023,0.043890266049933076,0.9561097339500669,True,0.9000900337967886,0.9000900337967886,1.265879973539928e-16
BTS/BST,six_property_method_corners,corner_pmmpmp,endpoint_zero_epsilon_+0.003,3.0,n,-3.0,323.0,373.0,0.0021664295995355697,0.20773276006289354,0.2814728804246782,0.30900890928138397,1.1270176064073985,0.30900890928138397,0.03528596153848145,0.9647140384615186,0.22092431338843926,0.4562428985894773,0.04622707051349692,0.953772929486503,True,0.8777308624481556,0.8777308624481556,1.2155831478742267e-16
BTS/BST,six_property_method_corners,corner_pmmppm,baseline,3.0,p,3.0,323.0,373.0,0.0,0.11602150436645826,0.2618236171221467,0.28712141324640245,1.0698332640148296,0.28712141324640245,0.03112303454311151,0.9688769654568885,0.22840403302979306,0.3617329329704469,0.03665120893098011,0.9633487910690199,True,0.9128916898948358,0.9128916898948358,1.3246173259161852e-16
BTS/BST,six_property_method_corners,corner_pmmppm,baseline,3.0,n,-3.0,323.0,373.0,-0.0,0.24552720717872206,0.3304246857159266,0.36274948448814176,1.1409698395511834,0.36274948448814176,0.04193544181649539,0.9580645581835046,0.2558506248894066,0.5483614367736382,0.055560629837718,0.944439370162282,True,0.8606384034425945,0.8606384034425945,1.1674427230622662e-16
BTS/BST,six_property_method_corners,corner_pmmppm,endpoint_zero_epsilon_-0.003,3.0,p,3.0,323.0,373.0,0.0020659103093996186,0.11488619061359198,0.2618236171221467,0.28712141324640245,1.0704188267043877,0.28712141324640245,0.03114006942922627,0.9688599305707737,0.22554702653665426,0.3597144114089731,0.036446689937164004,0.963553310062836,True,0.9129570761385836,0.9129570761385836,1.3247435808111305e-16
BTS/BST,six_property_method_corners,corner_pmmppm,endpoint_zero_epsilon_-0.003,3.0,n,-3.0,323.0,373.0,-0.002543199964672191,0.24722561428028073,0.3304246857159266,0.36274948871435403,1.1401408474398187,0.36274948871435403,0.04190497335693567,0.9580950266430643,0.25933190190064,0.5511100737074215,0.05583912498525196,0.944160875014748,True,0.8605995455515578,0.8605995455515578,0.0
BTS/BST,six_property_method_corners,corner_pmmppm,endpoint_zero_epsilon_+0.003,3.0,p,3.0,323.0,373.0,-0.0020659103093996186,0.11719597043435283,0.2618236171221467,0.28712141324640245,1.0692806315518384,0.28712141324640245,0.031106957646071708,0.9688930423539283,0.23125840974693818,0.36376148054565544,0.036856743772375036,0.963143256227625,True,0.9128264299712836,0.9128264299712836,0.0
BTS/BST,six_property_method_corners,corner_pmmppm,endpoint_zero_epsilon_+0.003,3.0,n,-3.0,323.0,373.0,0.002543199964672191,0.24386041230982064,0.3304246857159266,0.3627494802014594,1.1418601608028127,0.3627494802014594,0.04196816437224747,0.9580318356277525,0.2523655304948613,0.5456203627945476,0.05528290097770532,0.9447170990222947,True,0.8606774786794735,0.8606774786794735,1.167537213244776e-16
BTS/BST,six_property_method_corners,corner_pmmppp,baseline,3.0,p,3.0,323.0,373.0,0.0,0.11602150436645826,0.2618236171221467,0.28712141324640245,1.0698332640148296,0.28712141324640245,0.03112303454311151,0.9688769654568885,0.22840403302979306,0.3617329329704469,0.03665120893098011,0.9633487910690199,True,0.9128916898948358,0.9128916898948358,1.3246173259161852e-16
BTS/BST,six_property_method_corners,corner_pmmppp,baseline,3.0,n,-3.0,323.0,373.0,-0.0,0.2091526793011341,0.2814728804246782,0.309008908212185,1.1263796841384208,0.309008908212185,0.035265988613442496,0.9647340113865575,0.22371835640798132,0.4584221497868808,0.046447874824271825,0.9535521251757282,True,0.8776584013093851,0.8776584013093851,0.0
BTS/BST,six_property_method_corners,corner_pmmppp,endpoint_zero_epsilon_-0.003,3.0,p,3.0,323.0,373.0,0.0020659103093996186,0.11488619061359198,0.2618236171221467,0.28712141324640245,1.0704188267043877,0.28712141324640245,0.03114006942922627,0.9688599305707737,0.22554702653665426,0.3597144114089731,0.036446689937164004,0.963553310062836,True,0.9129570761385836,0.9129570761385836,1.3247435808111305e-16
BTS/BST,six_property_method_corners,corner_pmmppp,endpoint_zero_epsilon_-0.003,3.0,n,-3.0,323.0,373.0,-0.0021664295995355697,0.21060011603704795,0.2814728804246782,0.30900890711762624,1.1257649257234885,0.30900890711762624,0.03524674092618895,0.964753259073811,0.22650956840395586,0.46060724757869365,0.046669271518912564,0.9533307284810875,True,0.8775860690665225,0.8775860690665225,1.2153692896384598e-16
BTS/BST,six_property_method_corners,corner_pmmppp,endpoint_zero_epsilon_+0.003,3.0,p,3.0,323.0,373.0,-0.0020659103093996186,0.11719597043435283,0.2618236171221467,0.28712141324640245,1.0692806315518384,0.28712141324640245,0.031106957646071708,0.9688930423539283,0.23125840974693818,0.36376148054565544,0.036856743772375036,0.963143256227625,True,0.9128264299712836,0.9128264299712836,0.0
BTS/BST,six_property_method_corners,corner_pmmppp,endpoint_zero_epsilon_+0.003,3.0,n,-3.0,323.0,373.0,0.0021664295995355697,0.20773276006289354,0.2814728804246782,0.30900890928138397,1.1270176064073985,0.30900890928138397,0.03528596153848145,0.9647140384615186,0.22092431338843926,0.4562428985894773,0.04622707051349692,0.953772929486503,True,0.8777308624481556,0.8777308624481556,1.2155831478742267e-16
BTS/BST,six_property_method_corners,corner_pmpmmm,baseline,3.0,p,3.0,323.0,373.0,0.0,0.1361990691083679,0.27808595358936095,0.3049550413983527,1.0809227186813701,0.3049550413983527,0.03339878874856564,0.9666012112514344,0.2339940477922216,0.3960255589836431,0.040125778388841175,0.9598742216111589,True,0.9036861426458056,0.9036861426458056,0.0
BTS/BST,six_property_method_corners,corner_pmpmmm,baseline,3.0,n,-3.0,323.0,373.0101119272692,-4.856043892246824e-05,0.24552720355998747,0.36520623158076104,0.4009335304284597,1.133702264922321,0.4009335304284597,0.04605445497692666,0.9539455450230734,0.28791962427726653,0.5955528248003341,0.06034211713030767,0.9396578828696923,True,0.8574436227552653,0.8574436227552653,1.1406551334628797e-16
BTS/BST,six_property_method_corners,corner_pmpmmm,endpoint_zero_epsilon_-0.003,3.0,p,3.0,323.0,373.0,0.0024251990588604216,0.13486676755933713,0.27808595358936095,0.3049550413983527,1.081656041562399,0.3049550413983527,0.03342144725649103,0.966578552743509,0.23058404875466076,0.39360996081841165,0.03988102712353567,0.9601189728764643,True,0.9037479161947207,0.9037479161947207,6.480121455858677e-17
BTS/BST,six_property_method_corners,corner_pmpmmm,endpoint_zero_epsilon_-0.003,3.0,n,-3.0,323.0,373.01035690359316,-0.0025940402563470934,0.24722589264949332,0.36520623158076104,0.4009335379784313,1.1328844403120448,0.4009335379784313,0.046021233305449355,0.9539787666945506,0.2916038070073206,0.5984505224808353,0.0606357152891337,0.9393642847108663,True,0.85744090808764,0.85744090808764,1.1405686064485094e-16
BTS/BST,six_property_method_corners,corner_pmpmmm,endpoint_zero_epsilon_+0.003,3.0,p,3.0,323.0,373.0,-0.0024251990588604216,0.1375777710688284,0.27808595358936095,0.3049550413983527,1.080237155546573,0.3049550413983527,0.033377605940657945,0.966622394059342,0.23740044672303112,0.3984541120530938,0.04037184226037615,0.9596281577396238,True,0.903624553725824,0.903624553725824,1.2957859095325797e-16
BTS/BST,six_property_method_corners,corner_pmpmmm,endpoint_zero_epsilon_+0.003,3.0,n,-3.0,323.0,373.0098668627093,0.002496867593604847,0.24386024989266,0.36520623158076104,0.40093352539842064,1.1346874836857908,0.40093352539842064,0.046094476999442205,0.9539055230005578,0.2842317003801146,0.5926629758144897,0.0600493142105143,0.9399506857894857,True,0.8574465926330239,0.8574465926330239,0.0
BTS/BST,six_property_method_corners,corner_pmpmmp,baseline,3.0,p,3.0,323.0,373.0,0.0,0.1361990691083679,0.27808595358936095,0.3049550413983527,1.0809227186813701,0.3049550413983527,0.03339878874856564,0.9666012112514344,0.2339940477922216,0.3960255589836431,0.040125778388841175,0.9598742216111589,True,0.9036861426458056,0.9036861426458056,0.0
BTS/BST,six_property_method_corners,corner_pmpmmp,baseline,3.0,n,-3.0,323.0,373.0,-0.0,0.2091524393127185,0.31110160467990755,0.3415361223398146,1.1215127131139628,0.3415361223398146,0.03880977267432017,0.9611902273256798,0.25154632360264007,0.49568769482523084,0.0502236639566343,0.9497763360433658,True,0.8744634759631734,0.8744634759631734,1.186768764310431e-16
BTS/BST,six_property_method_corners,corner_pmpmmp,endpoint_zero_epsilon_-0.003,3.0,p,3.0,323.0,373.0,0.0024251990588604216,0.13486676755933713,0.27808595358936095,0.3049550413983527,1.081656041562399,0.3049550413983527,0.03342144725649103,0.966578552743509,0.23058404875466076,0.39360996081841165,0.03988102712353567,0.9601189728764643,True,0.9037479161947207,0.9037479161947207,6.480121455858677e-17
BTS/BST,six_property_method_corners,corner_pmpmmp,endpoint_zero_epsilon_-0.003,3.0,n,-3.0,323.0,373.0,-0.0021664295995355697,0.21059989188269881,0.31110160467990755,0.3415361245998766,1.1208425220693758,0.3415361245998766,0.038786581074320856,0.9612134189256791,0.2544837967476332,0.49797373486104524,0.05045528823891678,0.9495447117610832,True,0.874417289626667,0.874417289626667,0.0
BTS/BST,six_property_method_corners,corner_pmpmmp,endpoint_zero_epsilon_+0.003,3.0,p,3.0,323.0,373.0,-0.0024251990588604216,0.1375777710688284,0.27808595358936095,0.3049550413983527,1.080237155546573,0.3049550413983527,0.033377605940657945,0.966622394059342,0.23740044672303112,0.3984541120530938,0.04037184226037615,0.9596281577396238,True,0.903624553725824,0.903624553725824,1.2957859095325797e-16
BTS/BST,six_property_method_corners,corner_pmpmmp,endpoint_zero_epsilon_+0.003,3.0,n,-3.0,323.0,373.0,0.0021664295995355697,0.20773269257498447,0.31110160467990755,0.3415361200446629,1.1222190395475302,0.3415361200446629,0.03883421472951917,0.9611657852704808,0.24860605871816585,0.4934077473389774,0.04999265697868473,0.9500073430213153,True,0.8745098113651835,0.8745098113651835,2.3737358772770317e-16
BTS/BST,six_property_method_corners,corner_pmpmpm,baseline,3.0,p,3.0,323.0,373.0,0.0,0.1160213700091513,0.23688803453908525,0.2597765167467449,1.072053294026222,0.2597765167467449,0.028217369123555457,0.9717826308764446,0.20344990310347644,0.3337221670571387,0.033813124973915275,0.9661868750260847,True,0.9161732568126678,0.9161732568126678,2.0356715811939274e-16
BTS/BST,six_property_method_corners,corner_pmpmpm,baseline,3.0,n,-3.0,323.0,373.0101119272692,-4.856043892246824e-05,0.24552720355998747,0.36520623158076104,0.4009335304284597,1.133702264922321,0.4009335304284597,0.04605445497692666,0.9539455450230734,0.28791962427726653,0.5955528248003341,0.06034211713030767,0.9396578828696923,True,0.8574436227552653,0.8574436227552653,1.1406551334628797e-16
BTS/BST,six_property_method_corners,corner_pmpmpm,endpoint_zero_epsilon_-0.003,3.0,p,3.0,323.0,373.0,0.0020659103093996186,0.11488641377993192,0.23688803453908525,0.2597765167467449,1.0725840159485025,0.2597765167467449,0.02823133818317814,0.9717686618168219,0.20071914423253256,0.3317871532654587,0.03361706708617801,0.966382932913822,True,0.9162614843026502,0.9162614843026502,0.0
BTS/BST,six_property_method_corners,corner_pmpmpm,endpoint_zero_epsilon_-0.003,3.0,n,-3.0,323.0,373.01035690359316,-0.0025940402563470934,0.24722589264949332,0.36520623158076104,0.4009335379784313,1.1328844403120448,0.4009335379784313,0.046021233305449355,0.9539787666945506,0.2916038070073206,0.5984505224808353,0.0606357152891337,0.9393642847108663,True,0.85744090808764,0.85744090808764,1.1405686064485094e-16
BTS/BST,six_property_method_corners,corner_pmpmpm,endpoint_zero_epsilon_+0.003,3.0,p,3.0,323.0,373.0,-0.0020659103093996186,0.11719617517563725,0.23688803453908525,0.2597765167467449,1.0715477038077919,0.2597765167467449,0.028204061552095903,0.9717959384479041,0.20617800312033605,0.3356669095521537,0.03401016858538975,0.9659898314146103,True,0.9160851430226441,0.9160851430226441,3.3924474139236903e-16
BTS/BST,six_property_method_corners,corner_pmpmpm,endpoint_zero_epsilon_+0.003,3.0,n,-3.0,323.0,373.0098668627093,0.002496867593604847,0.24386024989266,0.36520623158076104,0.40093352539842064,1.1346874836857908,0.40093352539842064,0.046094476999442205,0.9539055230005578,0.2842317003801146,0.5926629758144897,0.0600493142105143,0.9399506857894857,True,0.8574465926330239,0.8574465926330239,0.0
BTS/BST,six_property_method_corners,corner_pmpmpp,baseline,3.0,p,3.0,323.0,373.0,0.0,0.1160213700091513,0.23688803453908525,0.2597765167467449,1.072053294026222,0.2597765167467449,0.028217369123555457,0.9717826308764446,0.20344990310347644,0.3337221670571387,0.033813124973915275,0.9661868750260847,True,0.9161732568126678,0.9161732568126678,2.0356715811939274e-16
BTS/BST,six_property_method_corners,corner_pmpmpp,baseline,3.0,n,-3.0,323.0,373.0,-0.0,0.2091524393127185,0.31110160467990755,0.3415361223398146,1.1215127131139628,0.3415361223398146,0.03880977267432017,0.9611902273256798,0.25154632360264007,0.49568769482523084,0.0502236639566343,0.9497763360433658,True,0.8744634759631734,0.8744634759631734,1.186768764310431e-16
BTS/BST,six_property_method_corners,corner_pmpmpp,endpoint_zero_epsilon_-0.003,3.0,p,3.0,323.0,373.0,0.0020659103093996186,0.11488641377993192,0.23688803453908525,0.2597765167467449,1.0725840159485025,0.2597765167467449,0.02823133818317814,0.9717686618168219,0.20071914423253256,0.3317871532654587,0.03361706708617801,0.966382932913822,True,0.9162614843026502,0.9162614843026502,0.0
BTS/BST,six_property_method_corners,corner_pmpmpp,endpoint_zero_epsilon_-0.003,3.0,n,-3.0,323.0,373.0,-0.0021664295995355697,0.21059989188269881,0.31110160467990755,0.3415361245998766,1.1208425220693758,0.3415361245998766,0.038786581074320856,0.9612134189256791,0.2544837967476332,0.49797373486104524,0.05045528823891678,0.9495447117610832,True,0.874417289626667,0.874417289626667,0.0
BTS/BST,six_property_method_corners,corner_pmpmpp,endpoint_zero_epsilon_+0.003,3.0,p,3.0,323.0,373.0,-0.0020659103093996186,0.11719617517563725,0.23688803453908525,0.2597765167467449,1.0715477038077919,0.2597765167467449,0.028204061552095903,0.9717959384479041,0.20617800312033605,0.3356669095521537,0.03401016858538975,0.9659898314146103,True,0.9160851430226441,0.9160851430226441,3.3924474139236903e-16
BTS/BST,six_property_method_corners,corner_pmpmpp,endpoint_zero_epsilon_+0.003,3.0,n,-3.0,323.0,373.0,0.0021664295995355697,0.20773269257498447,0.31110160467990755,0.3415361200446629,1.1222190395475302,0.3415361200446629,0.03883421472951917,0.9611657852704808,0.24860605871816585,0.4934077473389774,0.04999265697868473,0.9500073430213153,True,0.8745098113651835,0.8745098113651835,2.3737358772770317e-16
BTS/BST,six_property_method_corners,corner_pmppmm,baseline,3.0,p,3.0,323.0,373.0,0.0,0.1361990691083679,0.27808595358936095,0.3049550413983527,1.0809227186813701,0.3049550413983527,0.03339878874856564,0.9666012112514344,0.2339940477922216,0.3960255589836431,0.040125778388841175,0.9598742216111589,True,0.9036861426458056,0.9036861426458056,0.0
BTS/BST,six_property_method_corners,corner_pmppmm,baseline,3.0,n,-3.0,323.0,373.0,-0.0,0.24552720717872206,0.3304246857159266,0.36274948448814176,1.1409698395511834,0.36274948448814176,0.04193544181649539,0.9580645581835046,0.2558506248894066,0.5483614367736382,0.055560629837718,0.944439370162282,True,0.8606384034425945,0.8606384034425945,1.1674427230622662e-16
BTS/BST,six_property_method_corners,corner_pmppmm,endpoint_zero_epsilon_-0.003,3.0,p,3.0,323.0,373.0,0.0024251990588604216,0.13486676755933713,0.27808595358936095,0.3049550413983527,1.081656041562399,0.3049550413983527,0.03342144725649103,0.966578552743509,0.23058404875466076,0.39360996081841165,0.03988102712353567,0.9601189728764643,True,0.9037479161947207,0.9037479161947207,6.480121455858677e-17
BTS/BST,six_property_method_corners,corner_pmppmm,endpoint_zero_epsilon_-0.003,3.0,n,-3.0,323.0,373.0,-0.002543199964672191,0.24722561428028073,0.3304246857159266,0.36274948871435403,1.1401408474398187,0.36274948871435403,0.04190497335693567,0.9580950266430643,0.25933190190064,0.5511100737074215,0.05583912498525196,0.944160875014748,True,0.8605995455515578,0.8605995455515578,0.0
BTS/BST,six_property_method_corners,corner_pmppmm,endpoint_zero_epsilon_+0.003,3.0,p,3.0,323.0,373.0,-0.0024251990588604216,0.1375777710688284,0.27808595358936095,0.3049550413983527,1.080237155546573,0.3049550413983527,0.033377605940657945,0.966622394059342,0.23740044672303112,0.3984541120530938,0.04037184226037615,0.9596281577396238,True,0.903624553725824,0.903624553725824,1.2957859095325797e-16
BTS/BST,six_property_method_corners,corner_pmppmm,endpoint_zero_epsilon_+0.003,3.0,n,-3.0,323.0,373.0,0.002543199964672191,0.24386041230982064,0.3304246857159266,0.3627494802014594,1.1418601608028127,0.3627494802014594,0.04196816437224747,0.9580318356277525,0.2523655304948613,0.5456203627945476,0.05528290097770532,0.9447170990222947,True,0.8606774786794735,0.8606774786794735,1.167537213244776e-16
BTS/BST,six_property_method_corners,corner_pmppmp,baseline,3.0,p,3.0,323.0,373.0,0.0,0.1361990691083679,0.27808595358936095,0.3049550413983527,1.0809227186813701,0.3049550413983527,0.03339878874856564,0.9666012112514344,0.2339940477922216,0.3960255589836431,0.040125778388841175,0.9598742216111589,True,0.9036861426458056,0.9036861426458056,0.0
BTS/BST,six_property_method_corners,corner_pmppmp,baseline,3.0,n,-3.0,323.0,373.0,-0.0,0.2091526793011341,0.2814728804246782,0.309008908212185,1.1263796841384208,0.309008908212185,0.035265988613442496,0.9647340113865575,0.22371835640798132,0.4584221497868808,0.046447874824271825,0.9535521251757282,True,0.8776584013093851,0.8776584013093851,0.0
BTS/BST,six_property_method_corners,corner_pmppmp,endpoint_zero_epsilon_-0.003,3.0,p,3.0,323.0,373.0,0.0024251990588604216,0.13486676755933713,0.27808595358936095,0.3049550413983527,1.081656041562399,0.3049550413983527,0.03342144725649103,0.966578552743509,0.23058404875466076,0.39360996081841165,0.03988102712353567,0.9601189728764643,True,0.9037479161947207,0.9037479161947207,6.480121455858677e-17
BTS/BST,six_property_method_corners,corner_pmppmp,endpoint_zero_epsilon_-0.003,3.0,n,-3.0,323.0,373.0,-0.0021664295995355697,0.21060011603704795,0.2814728804246782,0.30900890711762624,1.1257649257234885,0.30900890711762624,0.03524674092618895,0.964753259073811,0.22650956840395586,0.46060724757869365,0.046669271518912564,0.9533307284810875,True,0.8775860690665225,0.8775860690665225,1.2153692896384598e-16
BTS/BST,six_property_method_corners,corner_pmppmp,endpoint_zero_epsilon_+0.003,3.0,p,3.0,323.0,373.0,-0.0024251990588604216,0.1375777710688284,0.27808595358936095,0.3049550413983527,1.080237155546573,0.3049550413983527,0.033377605940657945,0.966622394059342,0.23740044672303112,0.3984541120530938,0.04037184226037615,0.9596281577396238,True,0.903624553725824,0.903624553725824,1.2957859095325797e-16
BTS/BST,six_property_method_corners,corner_pmppmp,endpoint_zero_epsilon_+0.003,3.0,n,-3.0,323.0,373.0,0.0021664295995355697,0.20773276006289354,0.2814728804246782,0.30900890928138397,1.1270176064073985,0.30900890928138397,0.03528596153848145,0.9647140384615186,0.22092431338843926,0.4562428985894773,0.04622707051349692,0.953772929486503,True,0.8777308624481556,0.8777308624481556,1.2155831478742267e-16
BTS/BST,six_property_method_corners,corner_pmpppm,baseline,3.0,p,3.0,323.0,373.0,0.0,0.1160213700091513,0.23688803453908525,0.2597765167467449,1.072053294026222,0.2597765167467449,0.028217369123555457,0.9717826308764446,0.20344990310347644,0.3337221670571387,0.033813124973915275,0.9661868750260847,True,0.9161732568126678,0.9161732568126678,2.0356715811939274e-16
BTS/BST,six_property_method_corners,corner_pmpppm,baseline,3.0,n,-3.0,323.0,373.0,-0.0,0.24552720717872206,0.3304246857159266,0.36274948448814176,1.1409698395511834,0.36274948448814176,0.04193544181649539,0.9580645581835046,0.2558506248894066,0.5483614367736382,0.055560629837718,0.944439370162282,True,0.8606384034425945,0.8606384034425945,1.1674427230622662e-16
BTS/BST,six_property_method_corners,corner_pmpppm,endpoint_zero_epsilon_-0.003,3.0,p,3.0,323.0,373.0,0.0020659103093996186,0.11488641377993192,0.23688803453908525,0.2597765167467449,1.0725840159485025,0.2597765167467449,0.02823133818317814,0.9717686618168219,0.20071914423253256,0.3317871532654587,0.03361706708617801,0.966382932913822,True,0.9162614843026502,0.9162614843026502,0.0
BTS/BST,six_property_method_corners,corner_pmpppm,endpoint_zero_epsilon_-0.003,3.0,n,-3.0,323.0,373.0,-0.002543199964672191,0.24722561428028073,0.3304246857159266,0.36274948871435403,1.1401408474398187,0.36274948871435403,0.04190497335693567,0.9580950266430643,0.25933190190064,0.5511100737074215,0.05583912498525196,0.944160875014748,True,0.8605995455515578,0.8605995455515578,0.0
BTS/BST,six_property_method_corners,corner_pmpppm,endpoint_zero_epsilon_+0.003,3.0,p,3.0,323.0,373.0,-0.0020659103093996186,0.11719617517563725,0.23688803453908525,0.2597765167467449,1.0715477038077919,0.2597765167467449,0.028204061552095903,0.9717959384479041,0.20617800312033605,0.3356669095521537,0.03401016858538975,0.9659898314146103,True,0.9160851430226441,0.9160851430226441,3.3924474139236903e-16
BTS/BST,six_property_method_corners,corner_pmpppm,endpoint_zero_epsilon_+0.003,3.0,n,-3.0,323.0,373.0,0.002543199964672191,0.24386041230982064,0.3304246857159266,0.3627494802014594,1.1418601608028127,0.3627494802014594,0.04196816437224747,0.9580318356277525,0.2523655304948613,0.5456203627945476,0.05528290097770532,0.9447170990222947,True,0.8606774786794735,0.8606774786794735,1.167537213244776e-16
BTS/BST,six_property_method_corners,corner_pmpppp,baseline,3.0,p,3.0,323.0,373.0,0.0,0.1160213700091513,0.23688803453908525,0.2597765167467449,1.072053294026222,0.2597765167467449,0.028217369123555457,0.9717826308764446,0.20344990310347644,0.3337221670571387,0.033813124973915275,0.9661868750260847,True,0.9161732568126678,0.9161732568126678,2.0356715811939274e-16
BTS/BST,six_property_method_corners,corner_pmpppp,baseline,3.0,n,-3.0,323.0,373.0,-0.0,0.2091526793011341,0.2814728804246782,0.309008908212185,1.1263796841384208,0.309008908212185,0.035265988613442496,0.9647340113865575,0.22371835640798132,0.4584221497868808,0.046447874824271825,0.9535521251757282,True,0.8776584013093851,0.8776584013093851,0.0
BTS/BST,six_property_method_corners,corner_pmpppp,endpoint_zero_epsilon_-0.003,3.0,p,3.0,323.0,373.0,0.0020659103093996186,0.11488641377993192,0.23688803453908525,0.2597765167467449,1.0725840159485025,0.2597765167467449,0.02823133818317814,0.9717686618168219,0.20071914423253256,0.3317871532654587,0.03361706708617801,0.966382932913822,True,0.9162614843026502,0.9162614843026502,0.0
BTS/BST,six_property_method_corners,corner_pmpppp,endpoint_zero_epsilon_-0.003,3.0,n,-3.0,323.0,373.0,-0.0021664295995355697,0.21060011603704795,0.2814728804246782,0.30900890711762624,1.1257649257234885,0.30900890711762624,0.03524674092618895,0.964753259073811,0.22650956840395586,0.46060724757869365,0.046669271518912564,0.9533307284810875,True,0.8775860690665225,0.8775860690665225,1.2153692896384598e-16
BTS/BST,six_property_method_corners,corner_pmpppp,endpoint_zero_epsilon_+0.003,3.0,p,3.0,323.0,373.0,-0.0020659103093996186,0.11719617517563725,0.23688803453908525,0.2597765167467449,1.0715477038077919,0.2597765167467449,0.028204061552095903,0.9717959384479041,0.20617800312033605,0.3356669095521537,0.03401016858538975,0.9659898314146103,True,0.9160851430226441,0.9160851430226441,3.3924474139236903e-16
BTS/BST,six_property_method_corners,corner_pmpppp,endpoint_zero_epsilon_+0.003,3.0,n,-3.0,323.0,373.0,0.0021664295995355697,0.20773276006289354,0.2814728804246782,0.30900890928138397,1.1270176064073985,0.30900890928138397,0.03528596153848145,0.9647140384615186,0.22092431338843926,0.4562428985894773,0.04622707051349692,0.953772929486503,True,0.8777308624481556,0.8777308624481556,1.2155831478742267e-16
BTS/BST,six_property_method_corners,corner_ppmmmm,baseline,3.0,p,3.0,323.0,373.0,0.0,0.13619916293240047,0.30735815923034615,0.33705557207186376,1.0776269992111494,0.33705557207186376,0.03680189903651147,0.9631981009634886,0.2627782133631077,0.43063047087660006,0.04363198902167439,0.9563680109783256,True,0.9001201705271795,0.9001201705271795,0.0
BTS/BST,six_property_method_corners,corner_ppmmmm,baseline,3.0,n,-3.0,323.0,373.00702745237874,-3.730107247776494e-05,0.2713725239337315,0.36520623158076104,0.4009337253868762,1.1494088360599402,0.4009337253868762,0.04669252666127532,0.9533074733387247,0.27744793239030363,0.6160525434716971,0.062419172890425104,0.9375808271095749,True,0.8493597881791874,0.8493597881791874,0.0
BTS/BST,six_property_method_corners,corner_ppmmmm,endpoint_zero_epsilon_-0.003,3.0,p,3.0,323.0,373.0,0.0024251990588604216,0.1348666667545283,0.30735815923034615,0.33705557207186376,1.0784370995773802,0.33705557207186376,0.03682956466841313,0.9631704353315869,0.2591932449899295,0.4280950624962294,0.04337509844355853,0.9566249015564414,True,0.900150518636022,0.900150518636022,1.2661003010262582e-16
BTS/BST,six_property_method_corners,corner_ppmmmm,endpoint_zero_epsilon_-0.003,3.0,n,-3.0,323.0,373.0072382046062,-0.0025823908351465625,0.273069688582514,0.36520623158076104,0.4009337290338551,1.1485714630413335,0.4009337290338551,0.046658510414886,0.953341489585114,0.2810752176711315,0.6189398550764935,0.06271171871976733,0.9372882812802327,True,0.8493534279166326,0.8493534279166326,1.0335797514332047e-16
BTS/BST,six_property_method_corners,corner_ppmmmm,endpoint_zero_epsilon_+0.003,3.0,p,3.0,323.0,373.0,-0.0024251990588604216,0.13757807970863586,0.30735815923034615,0.33705557207186376,1.0768963441382946,0.33705557207186376,0.03677694653045752,0.9632230534695425,0.2663596375095227,0.4331795629714023,0.043890266049933076,0.9561097339500669,True,0.9000900337967886,0.9000900337967886,1.265879973539928e-16
BTS/BST,six_property_method_corners,corner_ppmmmm,endpoint_zero_epsilon_+0.003,3.0,n,-3.0,323.0,373.00681662425114,0.0025077441783269492,0.26970385599534935,0.36520623158076104,0.40093372163590557,1.15040178572846,0.40093372163590557,0.0467328628975032,0.9532671371024968,0.27381689883990296,0.6131720793442715,0.062127320855595046,0.937872679144405,True,0.8493663974489245,0.8493663974489245,1.0337224634848224e-16
BTS/BST,six_property_method_corners,corner_ppmmmp,baseline,3.0,p,3.0,323.0,373.0,0.0,0.13619916293240047,0.30735815923034615,0.33705557207186376,1.0776269992111494,0.33705557207186376,0.03680189903651147,0.9631981009634886,0.2627782133631077,0.43063047087660006,0.04363198902167439,0.9563680109783256,True,0.9001201705271795,0.9001201705271795,0.0
BTS/BST,six_property_method_corners,corner_ppmmmp,baseline,3.0,n,-3.0,323.0,373.0,-0.0,0.2311689499737099,0.31110160467990755,0.341536189268363,1.1355713230490294,0.341536189268363,0.03929627638102607,0.9607037236189739,0.24340872266663469,0.5121517351339326,0.05189182000824712,0.9481081799917529,True,0.8671984637089896,0.8671984637089896,1.0714372585424102e-16
BTS/BST,six_property_method_corners,corner_ppmmmp,endpoint_zero_epsilon_-0.003,3.0,p,3.0,323.0,373.0,0.0024251990588604216,0.1348666667545283,0.30735815923034615,0.33705557207186376,1.0784370995773802,0.33705557207186376,0.03682956466841313,0.9631704353315869,0.2591932449899295,0.4280950624962294,0.04337509844355853,0.9566249015564414,True,0.900150518636022,0.900150518636022,1.2661003010262582e-16
BTS/BST,six_property_method_corners,corner_ppmmmp,endpoint_zero_epsilon_-0.003,3.0,n,-3.0,323.0,373.0,-0.0021664295995355697,0.23261477695970698,0.31110160467990755,0.34153618923397194,1.1348935133428535,0.34153618923397194,0.03927282087321452,0.9607271791267855,0.2463055294159932,0.5144297599855465,0.05212263218257931,0.9478773678174207,True,0.8671499182629684,0.8671499182629684,1.0713562414752926e-16
BTS/BST,six_property_method_corners,corner_ppmmmp,endpoint_zero_epsilon_+0.003,3.0,p,3.0,323.0,373.0,-0.0024251990588604216,0.13757807970863586,0.30735815923034615,0.33705557207186376,1.0768963441382946,0.33705557207186376,0.03677694653045752,0.9632230534695425,0.2663596375095227,0.4331795629714023,0.043890266049933076,0.9561097339500669,True,0.9000900337967886,0.9000900337967886,1.265879973539928e-16
BTS/BST,six_property_method_corners,corner_ppmmmp,endpoint_zero_epsilon_+0.003,3.0,n,-3.0,323.0,373.0,0.0021664295995355697,0.2297475829885767,0.31110160467990755,0.3415361892647525,1.1362816636385606,0.3415361892647525,0.03932085761083724,0.9606791423891627,0.2405091204583294,0.5098791836376599,0.05166156240075661,0.9483384375992434,True,0.8672471537244749,0.8672471537244749,0.0
BTS/BST,six_property_method_corners,corner_ppmmpm,baseline,3.0,p,3.0,323.0,373.0,0.0,0.11602150436645826,0.2618236171221467,0.28712141324640245,1.0698332640148296,0.28712141324640245,0.03112303454311151,0.9688769654568885,0.22840403302979306,0.3617329329704469,0.03665120893098011,0.9633487910690199,True,0.9128916898948358,0.9128916898948358,1.3246173259161852e-16
BTS/BST,six_property_method_corners,corner_ppmmpm,baseline,3.0,n,-3.0,323.0,373.00702745237874,-3.730107247776494e-05,0.2713725239337315,0.36520623158076104,0.4009337253868762,1.1494088360599402,0.4009337253868762,0.04669252666127532,0.9533074733387247,0.27744793239030363,0.6160525434716971,0.062419172890425104,0.9375808271095749,True,0.8493597881791874,0.8493597881791874,0.0
BTS/BST,six_property_method_corners,corner_ppmmpm,endpoint_zero_epsilon_-0.003,3.0,p,3.0,323.0,373.0,0.0020659103093996186,0.11488619061359198,0.2618236171221467,0.28712141324640245,1.0704188267043877,0.28712141324640245,0.03114006942922627,0.9688599305707737,0.22554702653665426,0.3597144114089731,0.036446689937164004,0.963553310062836,True,0.9129570761385836,0.9129570761385836,1.3247435808111305e-16
BTS/BST,six_property_method_corners,corner_ppmmpm,endpoint_zero_epsilon_-0.003,3.0,n,-3.0,323.0,373.0072382046062,-0.0025823908351465625,0.273069688582514,0.36520623158076104,0.4009337290338551,1.1485714630413335,0.4009337290338551,0.046658510414886,0.953341489585114,0.2810752176711315,0.6189398550764935,0.06271171871976733,0.9372882812802327,True,0.8493534279166326,0.8493534279166326,1.0335797514332047e-16
BTS/BST,six_property_method_corners,corner_ppmmpm,endpoint_zero_epsilon_+0.003,3.0,p,3.0,323.0,373.0,-0.0020659103093996186,0.11719597043435283,0.2618236171221467,0.28712141324640245,1.0692806315518384,0.28712141324640245,0.031106957646071708,0.9688930423539283,0.23125840974693818,0.36376148054565544,0.036856743772375036,0.963143256227625,True,0.9128264299712836,0.9128264299712836,0.0
BTS/BST,six_property_method_corners,corner_ppmmpm,endpoint_zero_epsilon_+0.003,3.0,n,-3.0,323.0,373.00681662425114,0.0025077441783269492,0.26970385599534935,0.36520623158076104,0.40093372163590557,1.15040178572846,0.40093372163590557,0.0467328628975032,0.9532671371024968,0.27381689883990296,0.6131720793442715,0.062127320855595046,0.937872679144405,True,0.8493663974489245,0.8493663974489245,1.0337224634848224e-16
BTS/BST,six_property_method_corners,corner_ppmmpp,baseline,3.0,p,3.0,323.0,373.0,0.0,0.11602150436645826,0.2618236171221467,0.28712141324640245,1.0698332640148296,0.28712141324640245,0.03112303454311151,0.9688769654568885,0.22840403302979306,0.3617329329704469,0.03665120893098011,0.9633487910690199,True,0.9128916898948358,0.9128916898948358,1.3246173259161852e-16
BTS/BST,six_property_method_corners,corner_ppmmpp,baseline,3.0,n,-3.0,323.0,373.0,-0.0,0.2311689499737099,0.31110160467990755,0.341536189268363,1.1355713230490294,0.341536189268363,0.03929627638102607,0.9607037236189739,0.24340872266663469,0.5121517351339326,0.05189182000824712,0.9481081799917529,True,0.8671984637089896,0.8671984637089896,1.0714372585424102e-16
BTS/BST,six_property_method_corners,corner_ppmmpp,endpoint_zero_epsilon_-0.003,3.0,p,3.0,323.0,373.0,0.0020659103093996186,0.11488619061359198,0.2618236171221467,0.28712141324640245,1.0704188267043877,0.28712141324640245,0.03114006942922627,0.9688599305707737,0.22554702653665426,0.3597144114089731,0.036446689937164004,0.963553310062836,True,0.9129570761385836,0.9129570761385836,1.3247435808111305e-16
BTS/BST,six_property_method_corners,corner_ppmmpp,endpoint_zero_epsilon_-0.003,3.0,n,-3.0,323.0,373.0,-0.0021664295995355697,0.23261477695970698,0.31110160467990755,0.34153618923397194,1.1348935133428535,0.34153618923397194,0.03927282087321452,0.9607271791267855,0.2463055294159932,0.5144297599855465,0.05212263218257931,0.9478773678174207,True,0.8671499182629684,0.8671499182629684,1.0713562414752926e-16
BTS/BST,six_property_method_corners,corner_ppmmpp,endpoint_zero_epsilon_+0.003,3.0,p,3.0,323.0,373.0,-0.0020659103093996186,0.11719597043435283,0.2618236171221467,0.28712141324640245,1.0692806315518384,0.28712141324640245,0.031106957646071708,0.9688930423539283,0.23125840974693818,0.36376148054565544,0.036856743772375036,0.963143256227625,True,0.9128264299712836,0.9128264299712836,0.0
BTS/BST,six_property_method_corners,corner_ppmmpp,endpoint_zero_epsilon_+0.003,3.0,n,-3.0,323.0,373.0,0.0021664295995355697,0.2297475829885767,0.31110160467990755,0.3415361892647525,1.1362816636385606,0.3415361892647525,0.03932085761083724,0.9606791423891627,0.2405091204583294,0.5098791836376599,0.05166156240075661,0.9483384375992434,True,0.8672471537244749,0.8672471537244749,0.0
BTS/BST,six_property_method_corners,corner_ppmpmm,baseline,3.0,p,3.0,323.0,373.0,0.0,0.13619916293240047,0.30735815923034615,0.33705557207186376,1.0776269992111494,0.33705557207186376,0.03680189903651147,0.9631981009634886,0.2627782133631077,0.43063047087660006,0.04363198902167439,0.9563680109783256,True,0.9001201705271795,0.9001201705271795,0.0
BTS/BST,six_property_method_corners,corner_ppmpmm,baseline,3.0,n,-3.0,323.0,373.0,-0.0,0.27137252592791716,0.3304246857159266,0.36274958383729916,1.157544521182245,0.36274958383729916,0.04254464275038813,0.9574553572496118,0.24577412682773309,0.5679665363226728,0.05754704172945204,0.942452958270548,True,0.852327573957961,0.852327573957961,2.1112972092027598e-16
BTS/BST,six_property_method_corners,corner_ppmpmm,endpoint_zero_epsilon_-0.003,3.0,p,3.0,323.0,373.0,0.0024251990588604216,0.1348666667545283,0.30735815923034615,0.33705557207186376,1.0784370995773802,0.33705557207186376,0.03682956466841313,0.9631704353315869,0.2591932449899295,0.4280950624962294,0.04337509844355853,0.9566249015564414,True,0.900150518636022,0.900150518636022,1.2661003010262582e-16
BTS/BST,six_property_method_corners,corner_ppmpmm,endpoint_zero_epsilon_-0.003,3.0,n,-3.0,323.0,373.0,-0.002543199964672191,0.2730697542091735,0.3304246857159266,0.3627495859080271,1.156703095912719,0.3627495859080271,0.04251371706596052,0.9574862829340395,0.24919916322956245,0.5707061048237451,0.05782461805264995,0.9421753819473501,True,0.852285365596901,0.852285365596901,1.0555711214406109e-16
BTS/BST,six_property_method_corners,corner_ppmpmm,endpoint_zero_epsilon_+0.003,3.0,p,3.0,323.0,373.0,-0.0024251990588604216,0.13757807970863586,0.30735815923034615,0.33705557207186376,1.0768963441382946,0.33705557207186376,0.03677694653045752,0.9632230534695425,0.2663596375095227,0.4331795629714023,0.043890266049933076,0.9561097339500669,True,0.9000900337967886,0.9000900337967886,1.265879973539928e-16
BTS/BST,six_property_method_corners,corner_ppmpmm,endpoint_zero_epsilon_+0.003,3.0,n,-3.0,323.0,373.0,0.002543199964672191,0.2697039718456316,0.3304246857159266,0.3627495817042003,1.1584410572101465,0.3627495817042003,0.042577593979913717,0.9574224060200863,0.24234526668964243,0.5652340792393357,0.05727018594351643,0.9427298140564836,True,0.8523699949013093,0.8523699949013093,1.0557261250248709e-16
BTS/BST,six_property_method_corners,corner_ppmpmp,baseline,3.0,p,3.0,323.0,373.0,0.0,0.13619916293240047,0.30735815923034615,0.33705557207186376,1.0776269992111494,0.33705557207186376,0.03680189903651147,0.9631981009634886,0.2627782133631077,0.43063047087660006,0.04363198902167439,0.9563680109783256,True,0.9001201705271795,0.9001201705271795,0.0
BTS/BST,six_property_method_corners,corner_ppmpmp,baseline,3.0,n,-3.0,323.0,373.0,-0.0,0.2311688619030485,0.2814728804246782,0.30900880384290835,1.141011096741756,0.30900880384290835,0.035724073615021355,0.9642759263849786,0.21586621139633244,0.4744710506186494,0.04807396845270512,0.9519260315472948,True,0.8702312225502322,0.8702312225502322,0.0
BTS/BST,six_property_method_corners,corner_ppmpmp,endpoint_zero_epsilon_-0.003,3.0,p,3.0,323.0,373.0,0.0024251990588604216,0.1348666667545283,0.30735815923034615,0.33705557207186376,1.0784370995773802,0.33705557207186376,0.03682956466841313,0.9631704353315869,0.2591932449899295,0.4280950624962294,0.04337509844355853,0.9566249015564414,True,0.900150518636022,0.900150518636022,1.2661003010262582e-16
BTS/BST,six_property_method_corners,corner_ppmpmp,endpoint_zero_epsilon_-0.003,3.0,n,-3.0,323.0,373.0,-0.0021664295995355697,0.23261449646219495,0.2814728804246782,0.30900880140453224,1.140390879864493,0.30900880140453224,0.03570465487762526,0.9642953451223747,0.2186171740571384,0.4766481719459368,0.04829455696251885,0.9517054430374812,True,0.8701567457447941,0.8701567457447941,2.189481608203141e-16
BTS/BST,six_property_method_corners,corner_ppmpmp,endpoint_zero_epsilon_+0.003,3.0,p,3.0,323.0,373.0,-0.0024251990588604216,0.13757807970863586,0.30735815923034615,0.33705557207186376,1.0768963441382946,0.33705557207186376,0.03677694653045752,0.9632230534695425,0.2663596375095227,0.4331795629714023,0.043890266049933076,0.9561097339500669,True,0.9000900337967886,0.9000900337967886,1.265879973539928e-16
BTS/BST,six_property_method_corners,corner_ppmpmp,endpoint_zero_epsilon_+0.003,3.0,n,-3.0,323.0,373.0,0.0021664295995355697,0.22974765625329188,0.2814728804246782,0.3090088062542622,1.1416522336692745,0.3090088062542622,0.03574414733833874,0.9642558526616613,0.21311241440600623,0.4722991753412343,0.04785391147887389,0.9521460885211261,True,0.8703058258687312,0.8703058258687312,0.0
BTS/BST,six_property_method_corners,corner_ppmppm,baseline,3.0,p,3.0,323.0,373.0,0.0,0.11602150436645826,0.2618236171221467,0.28712141324640245,1.0698332640148296,0.28712141324640245,0.03112303454311151,0.9688769654568885,0.22840403302979306,0.3617329329704469,0.03665120893098011,0.9633487910690199,True,0.9128916898948358,0.9128916898948358,1.3246173259161852e-16
BTS/BST,six_property_method_corners,corner_ppmppm,baseline,3.0,n,-3.0,323.0,373.0,-0.0,0.27137252592791716,0.3304246857159266,0.36274958383729916,1.157544521182245,0.36274958383729916,0.04254464275038813,0.9574553572496118,0.24577412682773309,0.5679665363226728,0.05754704172945204,0.942452958270548,True,0.852327573957961,0.852327573957961,2.1112972092027598e-16
BTS/BST,six_property_method_corners,corner_ppmppm,endpoint_zero_epsilon_-0.003,3.0,p,3.0,323.0,373.0,0.0020659103093996186,0.11488619061359198,0.2618236171221467,0.28712141324640245,1.0704188267043877,0.28712141324640245,0.03114006942922627,0.9688599305707737,0.22554702653665426,0.3597144114089731,0.036446689937164004,0.963553310062836,True,0.9129570761385836,0.9129570761385836,1.3247435808111305e-16
BTS/BST,six_property_method_corners,corner_ppmppm,endpoint_zero_epsilon_-0.003,3.0,n,-3.0,323.0,373.0,-0.002543199964672191,0.2730697542091735,0.3304246857159266,0.3627495859080271,1.156703095912719,0.3627495859080271,0.04251371706596052,0.9574862829340395,0.24919916322956245,0.5707061048237451,0.05782461805264995,0.9421753819473501,True,0.852285365596901,0.852285365596901,1.0555711214406109e-16
BTS/BST,six_property_method_corners,corner_ppmppm,endpoint_zero_epsilon_+0.003,3.0,p,3.0,323.0,373.0,-0.0020659103093996186,0.11719597043435283,0.2618236171221467,0.28712141324640245,1.0692806315518384,0.28712141324640245,0.031106957646071708,0.9688930423539283,0.23125840974693818,0.36376148054565544,0.036856743772375036,0.963143256227625,True,0.9128264299712836,0.9128264299712836,0.0
BTS/BST,six_property_method_corners,corner_ppmppm,endpoint_zero_epsilon_+0.003,3.0,n,-3.0,323.0,373.0,0.002543199964672191,0.2697039718456316,0.3304246857159266,0.3627495817042003,1.1584410572101465,0.3627495817042003,0.042577593979913717,0.9574224060200863,0.24234526668964243,0.5652340792393357,0.05727018594351643,0.9427298140564836,True,0.8523699949013093,0.8523699949013093,1.0557261250248709e-16
BTS/BST,six_property_method_corners,corner_ppmppp,baseline,3.0,p,3.0,323.0,373.0,0.0,0.11602150436645826,0.2618236171221467,0.28712141324640245,1.0698332640148296,0.28712141324640245,0.03112303454311151,0.9688769654568885,0.22840403302979306,0.3617329329704469,0.03665120893098011,0.9633487910690199,True,0.9128916898948358,0.9128916898948358,1.3246173259161852e-16
BTS/BST,six_property_method_corners,corner_ppmppp,baseline,3.0,n,-3.0,323.0,373.0,-0.0,0.2311688619030485,0.2814728804246782,0.30900880384290835,1.141011096741756,0.30900880384290835,0.035724073615021355,0.9642759263849786,0.21586621139633244,0.4744710506186494,0.04807396845270512,0.9519260315472948,True,0.8702312225502322,0.8702312225502322,0.0
BTS/BST,six_property_method_corners,corner_ppmppp,endpoint_zero_epsilon_-0.003,3.0,p,3.0,323.0,373.0,0.0020659103093996186,0.11488619061359198,0.2618236171221467,0.28712141324640245,1.0704188267043877,0.28712141324640245,0.03114006942922627,0.9688599305707737,0.22554702653665426,0.3597144114089731,0.036446689937164004,0.963553310062836,True,0.9129570761385836,0.9129570761385836,1.3247435808111305e-16
BTS/BST,six_property_method_corners,corner_ppmppp,endpoint_zero_epsilon_-0.003,3.0,n,-3.0,323.0,373.0,-0.0021664295995355697,0.23261449646219495,0.2814728804246782,0.30900880140453224,1.140390879864493,0.30900880140453224,0.03570465487762526,0.9642953451223747,0.2186171740571384,0.4766481719459368,0.04829455696251885,0.9517054430374812,True,0.8701567457447941,0.8701567457447941,2.189481608203141e-16
BTS/BST,six_property_method_corners,corner_ppmppp,endpoint_zero_epsilon_+0.003,3.0,p,3.0,323.0,373.0,-0.0020659103093996186,0.11719597043435283,0.2618236171221467,0.28712141324640245,1.0692806315518384,0.28712141324640245,0.031106957646071708,0.9688930423539283,0.23125840974693818,0.36376148054565544,0.036856743772375036,0.963143256227625,True,0.9128264299712836,0.9128264299712836,0.0
BTS/BST,six_property_method_corners,corner_ppmppp,endpoint_zero_epsilon_+0.003,3.0,n,-3.0,323.0,373.0,0.0021664295995355697,0.22974765625329188,0.2814728804246782,0.3090088062542622,1.1416522336692745,0.3090088062542622,0.03574414733833874,0.9642558526616613,0.21311241440600623,0.4722991753412343,0.04785391147887389,0.9521460885211261,True,0.8703058258687312,0.8703058258687312,0.0
BTS/BST,six_property_method_corners,corner_pppmmm,baseline,3.0,p,3.0,323.0,373.0,0.0,0.1361990691083679,0.27808595358936095,0.3049550413983527,1.0809227186813701,0.3049550413983527,0.03339878874856564,0.9666012112514344,0.2339940477922216,0.3960255589836431,0.040125778388841175,0.9598742216111589,True,0.9036861426458056,0.9036861426458056,0.0
BTS/BST,six_property_method_corners,corner_pppmmm,baseline,3.0,n,-3.0,323.0,373.00702745237874,-3.730107247776494e-05,0.2713725239337315,0.36520623158076104,0.4009337253868762,1.1494088360599402,0.4009337253868762,0.04669252666127532,0.9533074733387247,0.27744793239030363,0.6160525434716971,0.062419172890425104,0.9375808271095749,True,0.8493597881791874,0.8493597881791874,0.0
BTS/BST,six_property_method_corners,corner_pppmmm,endpoint_zero_epsilon_-0.003,3.0,p,3.0,323.0,373.0,0.0024251990588604216,0.13486676755933713,0.27808595358936095,0.3049550413983527,1.081656041562399,0.3049550413983527,0.03342144725649103,0.966578552743509,0.23058404875466076,0.39360996081841165,0.03988102712353567,0.9601189728764643,True,0.9037479161947207,0.9037479161947207,6.480121455858677e-17
BTS/BST,six_property_method_corners,corner_pppmmm,endpoint_zero_epsilon_-0.003,3.0,n,-3.0,323.0,373.0072382046062,-0.0025823908351465625,0.273069688582514,0.36520623158076104,0.4009337290338551,1.1485714630413335,0.4009337290338551,0.046658510414886,0.953341489585114,0.2810752176711315,0.6189398550764935,0.06271171871976733,0.9372882812802327,True,0.8493534279166326,0.8493534279166326,1.0335797514332047e-16
BTS/BST,six_property_method_corners,corner_pppmmm,endpoint_zero_epsilon_+0.003,3.0,p,3.0,323.0,373.0,-0.0024251990588604216,0.1375777710688284,0.27808595358936095,0.3049550413983527,1.080237155546573,0.3049550413983527,0.033377605940657945,0.966622394059342,0.23740044672303112,0.3984541120530938,0.04037184226037615,0.9596281577396238,True,0.903624553725824,0.903624553725824,1.2957859095325797e-16
BTS/BST,six_property_method_corners,corner_pppmmm,endpoint_zero_epsilon_+0.003,3.0,n,-3.0,323.0,373.00681662425114,0.0025077441783269492,0.26970385599534935,0.36520623158076104,0.40093372163590557,1.15040178572846,0.40093372163590557,0.0467328628975032,0.9532671371024968,0.27381689883990296,0.6131720793442715,0.062127320855595046,0.937872679144405,True,0.8493663974489245,0.8493663974489245,1.0337224634848224e-16
BTS/BST,six_property_method_corners,corner_pppmmp,baseline,3.0,p,3.0,323.0,373.0,0.0,0.1361990691083679,0.27808595358936095,0.3049550413983527,1.0809227186813701,0.3049550413983527,0.03339878874856564,0.9666012112514344,0.2339940477922216,0.3960255589836431,0.040125778388841175,0.9598742216111589,True,0.9036861426458056,0.9036861426458056,0.0
BTS/BST,six_property_method_corners,corner_pppmmp,baseline,3.0,n,-3.0,323.0,373.0,-0.0,0.2311689499737099,0.31110160467990755,0.341536189268363,1.1355713230490294,0.341536189268363,0.03929627638102607,0.9607037236189739,0.24340872266663469,0.5121517351339326,0.05189182000824712,0.9481081799917529,True,0.8671984637089896,0.8671984637089896,1.0714372585424102e-16
BTS/BST,six_property_method_corners,corner_pppmmp,endpoint_zero_epsilon_-0.003,3.0,p,3.0,323.0,373.0,0.0024251990588604216,0.13486676755933713,0.27808595358936095,0.3049550413983527,1.081656041562399,0.3049550413983527,0.03342144725649103,0.966578552743509,0.23058404875466076,0.39360996081841165,0.03988102712353567,0.9601189728764643,True,0.9037479161947207,0.9037479161947207,6.480121455858677e-17
BTS/BST,six_property_method_corners,corner_pppmmp,endpoint_zero_epsilon_-0.003,3.0,n,-3.0,323.0,373.0,-0.0021664295995355697,0.23261477695970698,0.31110160467990755,0.34153618923397194,1.1348935133428535,0.34153618923397194,0.03927282087321452,0.9607271791267855,0.2463055294159932,0.5144297599855465,0.05212263218257931,0.9478773678174207,True,0.8671499182629684,0.8671499182629684,1.0713562414752926e-16
BTS/BST,six_property_method_corners,corner_pppmmp,endpoint_zero_epsilon_+0.003,3.0,p,3.0,323.0,373.0,-0.0024251990588604216,0.1375777710688284,0.27808595358936095,0.3049550413983527,1.080237155546573,0.3049550413983527,0.033377605940657945,0.966622394059342,0.23740044672303112,0.3984541120530938,0.04037184226037615,0.9596281577396238,True,0.903624553725824,0.903624553725824,1.2957859095325797e-16
BTS/BST,six_property_method_corners,corner_pppmmp,endpoint_zero_epsilon_+0.003,3.0,n,-3.0,323.0,373.0,0.0021664295995355697,0.2297475829885767,0.31110160467990755,0.3415361892647525,1.1362816636385606,0.3415361892647525,0.03932085761083724,0.9606791423891627,0.2405091204583294,0.5098791836376599,0.05166156240075661,0.9483384375992434,True,0.8672471537244749,0.8672471537244749,0.0
BTS/BST,six_property_method_corners,corner_pppmpm,baseline,3.0,p,3.0,323.0,373.0,0.0,0.1160213700091513,0.23688803453908525,0.2597765167467449,1.072053294026222,0.2597765167467449,0.028217369123555457,0.9717826308764446,0.20344990310347644,0.3337221670571387,0.033813124973915275,0.9661868750260847,True,0.9161732568126678,0.9161732568126678,2.0356715811939274e-16
BTS/BST,six_property_method_corners,corner_pppmpm,baseline,3.0,n,-3.0,323.0,373.00702745237874,-3.730107247776494e-05,0.2713725239337315,0.36520623158076104,0.4009337253868762,1.1494088360599402,0.4009337253868762,0.04669252666127532,0.9533074733387247,0.27744793239030363,0.6160525434716971,0.062419172890425104,0.9375808271095749,True,0.8493597881791874,0.8493597881791874,0.0
BTS/BST,six_property_method_corners,corner_pppmpm,endpoint_zero_epsilon_-0.003,3.0,p,3.0,323.0,373.0,0.0020659103093996186,0.11488641377993192,0.23688803453908525,0.2597765167467449,1.0725840159485025,0.2597765167467449,0.02823133818317814,0.9717686618168219,0.20071914423253256,0.3317871532654587,0.03361706708617801,0.966382932913822,True,0.9162614843026502,0.9162614843026502,0.0
BTS/BST,six_property_method_corners,corner_pppmpm,endpoint_zero_epsilon_-0.003,3.0,n,-3.0,323.0,373.0072382046062,-0.0025823908351465625,0.273069688582514,0.36520623158076104,0.4009337290338551,1.1485714630413335,0.4009337290338551,0.046658510414886,0.953341489585114,0.2810752176711315,0.6189398550764935,0.06271171871976733,0.9372882812802327,True,0.8493534279166326,0.8493534279166326,1.0335797514332047e-16
BTS/BST,six_property_method_corners,corner_pppmpm,endpoint_zero_epsilon_+0.003,3.0,p,3.0,323.0,373.0,-0.0020659103093996186,0.11719617517563725,0.23688803453908525,0.2597765167467449,1.0715477038077919,0.2597765167467449,0.028204061552095903,0.9717959384479041,0.20617800312033605,0.3356669095521537,0.03401016858538975,0.9659898314146103,True,0.9160851430226441,0.9160851430226441,3.3924474139236903e-16
BTS/BST,six_property_method_corners,corner_pppmpm,endpoint_zero_epsilon_+0.003,3.0,n,-3.0,323.0,373.00681662425114,0.0025077441783269492,0.26970385599534935,0.36520623158076104,0.40093372163590557,1.15040178572846,0.40093372163590557,0.0467328628975032,0.9532671371024968,0.27381689883990296,0.6131720793442715,0.062127320855595046,0.937872679144405,True,0.8493663974489245,0.8493663974489245,1.0337224634848224e-16
BTS/BST,six_property_method_corners,corner_pppmpp,baseline,3.0,p,3.0,323.0,373.0,0.0,0.1160213700091513,0.23688803453908525,0.2597765167467449,1.072053294026222,0.2597765167467449,0.028217369123555457,0.9717826308764446,0.20344990310347644,0.3337221670571387,0.033813124973915275,0.9661868750260847,True,0.9161732568126678,0.9161732568126678,2.0356715811939274e-16
BTS/BST,six_property_method_corners,corner_pppmpp,baseline,3.0,n,-3.0,323.0,373.0,-0.0,0.2311689499737099,0.31110160467990755,0.341536189268363,1.1355713230490294,0.341536189268363,0.03929627638102607,0.9607037236189739,0.24340872266663469,0.5121517351339326,0.05189182000824712,0.9481081799917529,True,0.8671984637089896,0.8671984637089896,1.0714372585424102e-16
BTS/BST,six_property_method_corners,corner_pppmpp,endpoint_zero_epsilon_-0.003,3.0,p,3.0,323.0,373.0,0.0020659103093996186,0.11488641377993192,0.23688803453908525,0.2597765167467449,1.0725840159485025,0.2597765167467449,0.02823133818317814,0.9717686618168219,0.20071914423253256,0.3317871532654587,0.03361706708617801,0.966382932913822,True,0.9162614843026502,0.9162614843026502,0.0
BTS/BST,six_property_method_corners,corner_pppmpp,endpoint_zero_epsilon_-0.003,3.0,n,-3.0,323.0,373.0,-0.0021664295995355697,0.23261477695970698,0.31110160467990755,0.34153618923397194,1.1348935133428535,0.34153618923397194,0.03927282087321452,0.9607271791267855,0.2463055294159932,0.5144297599855465,0.05212263218257931,0.9478773678174207,True,0.8671499182629684,0.8671499182629684,1.0713562414752926e-16
BTS/BST,six_property_method_corners,corner_pppmpp,endpoint_zero_epsilon_+0.003,3.0,p,3.0,323.0,373.0,-0.0020659103093996186,0.11719617517563725,0.23688803453908525,0.2597765167467449,1.0715477038077919,0.2597765167467449,0.028204061552095903,0.9717959384479041,0.20617800312033605,0.3356669095521537,0.03401016858538975,0.9659898314146103,True,0.9160851430226441,0.9160851430226441,3.3924474139236903e-16
BTS/BST,six_property_method_corners,corner_pppmpp,endpoint_zero_epsilon_+0.003,3.0,n,-3.0,323.0,373.0,0.0021664295995355697,0.2297475829885767,0.31110160467990755,0.3415361892647525,1.1362816636385606,0.3415361892647525,0.03932085761083724,0.9606791423891627,0.2405091204583294,0.5098791836376599,0.05166156240075661,0.9483384375992434,True,0.8672471537244749,0.8672471537244749,0.0
BTS/BST,six_property_method_corners,corner_ppppmm,baseline,3.0,p,3.0,323.0,373.0,0.0,0.1361990691083679,0.27808595358936095,0.3049550413983527,1.0809227186813701,0.3049550413983527,0.03339878874856564,0.9666012112514344,0.2339940477922216,0.3960255589836431,0.040125778388841175,0.9598742216111589,True,0.9036861426458056,0.9036861426458056,0.0
BTS/BST,six_property_method_corners,corner_ppppmm,baseline,3.0,n,-3.0,323.0,373.0,-0.0,0.27137252592791716,0.3304246857159266,0.36274958383729916,1.157544521182245,0.36274958383729916,0.04254464275038813,0.9574553572496118,0.24577412682773309,0.5679665363226728,0.05754704172945204,0.942452958270548,True,0.852327573957961,0.852327573957961,2.1112972092027598e-16
BTS/BST,six_property_method_corners,corner_ppppmm,endpoint_zero_epsilon_-0.003,3.0,p,3.0,323.0,373.0,0.0024251990588604216,0.13486676755933713,0.27808595358936095,0.3049550413983527,1.081656041562399,0.3049550413983527,0.03342144725649103,0.966578552743509,0.23058404875466076,0.39360996081841165,0.03988102712353567,0.9601189728764643,True,0.9037479161947207,0.9037479161947207,6.480121455858677e-17
BTS/BST,six_property_method_corners,corner_ppppmm,endpoint_zero_epsilon_-0.003,3.0,n,-3.0,323.0,373.0,-0.002543199964672191,0.2730697542091735,0.3304246857159266,0.3627495859080271,1.156703095912719,0.3627495859080271,0.04251371706596052,0.9574862829340395,0.24919916322956245,0.5707061048237451,0.05782461805264995,0.9421753819473501,True,0.852285365596901,0.852285365596901,1.0555711214406109e-16
BTS/BST,six_property_method_corners,corner_ppppmm,endpoint_zero_epsilon_+0.003,3.0,p,3.0,323.0,373.0,-0.0024251990588604216,0.1375777710688284,0.27808595358936095,0.3049550413983527,1.080237155546573,0.3049550413983527,0.033377605940657945,0.966622394059342,0.23740044672303112,0.3984541120530938,0.04037184226037615,0.9596281577396238,True,0.903624553725824,0.903624553725824,1.2957859095325797e-16
BTS/BST,six_property_method_corners,corner_ppppmm,endpoint_zero_epsilon_+0.003,3.0,n,-3.0,323.0,373.0,0.002543199964672191,0.2697039718456316,0.3304246857159266,0.3627495817042003,1.1584410572101465,0.3627495817042003,0.042577593979913717,0.9574224060200863,0.24234526668964243,0.5652340792393357,0.05727018594351643,0.9427298140564836,True,0.8523699949013093,0.8523699949013093,1.0557261250248709e-16
BTS/BST,six_property_method_corners,corner_ppppmp,baseline,3.0,p,3.0,323.0,373.0,0.0,0.1361990691083679,0.27808595358936095,0.3049550413983527,1.0809227186813701,0.3049550413983527,0.03339878874856564,0.9666012112514344,0.2339940477922216,0.3960255589836431,0.040125778388841175,0.9598742216111589,True,0.9036861426458056,0.9036861426458056,0.0
BTS/BST,six_property_method_corners,corner_ppppmp,baseline,3.0,n,-3.0,323.0,373.0,-0.0,0.2311688619030485,0.2814728804246782,0.30900880384290835,1.141011096741756,0.30900880384290835,0.035724073615021355,0.9642759263849786,0.21586621139633244,0.4744710506186494,0.04807396845270512,0.9519260315472948,True,0.8702312225502322,0.8702312225502322,0.0
BTS/BST,six_property_method_corners,corner_ppppmp,endpoint_zero_epsilon_-0.003,3.0,p,3.0,323.0,373.0,0.0024251990588604216,0.13486676755933713,0.27808595358936095,0.3049550413983527,1.081656041562399,0.3049550413983527,0.03342144725649103,0.966578552743509,0.23058404875466076,0.39360996081841165,0.03988102712353567,0.9601189728764643,True,0.9037479161947207,0.9037479161947207,6.480121455858677e-17
BTS/BST,six_property_method_corners,corner_ppppmp,endpoint_zero_epsilon_-0.003,3.0,n,-3.0,323.0,373.0,-0.0021664295995355697,0.23261449646219495,0.2814728804246782,0.30900880140453224,1.140390879864493,0.30900880140453224,0.03570465487762526,0.9642953451223747,0.2186171740571384,0.4766481719459368,0.04829455696251885,0.9517054430374812,True,0.8701567457447941,0.8701567457447941,2.189481608203141e-16
BTS/BST,six_property_method_corners,corner_ppppmp,endpoint_zero_epsilon_+0.003,3.0,p,3.0,323.0,373.0,-0.0024251990588604216,0.1375777710688284,0.27808595358936095,0.3049550413983527,1.080237155546573,0.3049550413983527,0.033377605940657945,0.966622394059342,0.23740044672303112,0.3984541120530938,0.04037184226037615,0.9596281577396238,True,0.903624553725824,0.903624553725824,1.2957859095325797e-16
BTS/BST,six_property_method_corners,corner_ppppmp,endpoint_zero_epsilon_+0.003,3.0,n,-3.0,323.0,373.0,0.0021664295995355697,0.22974765625329188,0.2814728804246782,0.3090088062542622,1.1416522336692745,0.3090088062542622,0.03574414733833874,0.9642558526616613,0.21311241440600623,0.4722991753412343,0.04785391147887389,0.9521460885211261,True,0.8703058258687312,0.8703058258687312,0.0
BTS/BST,six_property_method_corners,corner_pppppm,baseline,3.0,p,3.0,323.0,373.0,0.0,0.1160213700091513,0.23688803453908525,0.2597765167467449,1.072053294026222,0.2597765167467449,0.028217369123555457,0.9717826308764446,0.20344990310347644,0.3337221670571387,0.033813124973915275,0.9661868750260847,True,0.9161732568126678,0.9161732568126678,2.0356715811939274e-16
BTS/BST,six_property_method_corners,corner_pppppm,baseline,3.0,n,-3.0,323.0,373.0,-0.0,0.27137252592791716,0.3304246857159266,0.36274958383729916,1.157544521182245,0.36274958383729916,0.04254464275038813,0.9574553572496118,0.24577412682773309,0.5679665363226728,0.05754704172945204,0.942452958270548,True,0.852327573957961,0.852327573957961,2.1112972092027598e-16
BTS/BST,six_property_method_corners,corner_pppppm,endpoint_zero_epsilon_-0.003,3.0,p,3.0,323.0,373.0,0.0020659103093996186,0.11488641377993192,0.23688803453908525,0.2597765167467449,1.0725840159485025,0.2597765167467449,0.02823133818317814,0.9717686618168219,0.20071914423253256,0.3317871532654587,0.03361706708617801,0.966382932913822,True,0.9162614843026502,0.9162614843026502,0.0
BTS/BST,six_property_method_corners,corner_pppppm,endpoint_zero_epsilon_-0.003,3.0,n,-3.0,323.0,373.0,-0.002543199964672191,0.2730697542091735,0.3304246857159266,0.3627495859080271,1.156703095912719,0.3627495859080271,0.04251371706596052,0.9574862829340395,0.24919916322956245,0.5707061048237451,0.05782461805264995,0.9421753819473501,True,0.852285365596901,0.852285365596901,1.0555711214406109e-16
BTS/BST,six_property_method_corners,corner_pppppm,endpoint_zero_epsilon_+0.003,3.0,p,3.0,323.0,373.0,-0.0020659103093996186,0.11719617517563725,0.23688803453908525,0.2597765167467449,1.0715477038077919,0.2597765167467449,0.028204061552095903,0.9717959384479041,0.20617800312033605,0.3356669095521537,0.03401016858538975,0.9659898314146103,True,0.9160851430226441,0.9160851430226441,3.3924474139236903e-16
BTS/BST,six_property_method_corners,corner_pppppm,endpoint_zero_epsilon_+0.003,3.0,n,-3.0,323.0,373.0,0.002543199964672191,0.2697039718456316,0.3304246857159266,0.3627495817042003,1.1584410572101465,0.3627495817042003,0.042577593979913717,0.9574224060200863,0.24234526668964243,0.5652340792393357,0.05727018594351643,0.9427298140564836,True,0.8523699949013093,0.8523699949013093,1.0557261250248709e-16
BTS/BST,six_property_method_corners,corner_pppppp,baseline,3.0,p,3.0,323.0,373.0,0.0,0.1160213700091513,0.23688803453908525,0.2597765167467449,1.072053294026222,0.2597765167467449,0.028217369123555457,0.9717826308764446,0.20344990310347644,0.3337221670571387,0.033813124973915275,0.9661868750260847,True,0.9161732568126678,0.9161732568126678,2.0356715811939274e-16
BTS/BST,six_property_method_corners,corner_pppppp,baseline,3.0,n,-3.0,323.0,373.0,-0.0,0.2311688619030485,0.2814728804246782,0.30900880384290835,1.141011096741756,0.30900880384290835,0.035724073615021355,0.9642759263849786,0.21586621139633244,0.4744710506186494,0.04807396845270512,0.9519260315472948,True,0.8702312225502322,0.8702312225502322,0.0
BTS/BST,six_property_method_corners,corner_pppppp,endpoint_zero_epsilon_-0.003,3.0,p,3.0,323.0,373.0,0.0020659103093996186,0.11488641377993192,0.23688803453908525,0.2597765167467449,1.0725840159485025,0.2597765167467449,0.02823133818317814,0.9717686618168219,0.20071914423253256,0.3317871532654587,0.03361706708617801,0.966382932913822,True,0.9162614843026502,0.9162614843026502,0.0
BTS/BST,six_property_method_corners,corner_pppppp,endpoint_zero_epsilon_-0.003,3.0,n,-3.0,323.0,373.0,-0.0021664295995355697,0.23261449646219495,0.2814728804246782,0.30900880140453224,1.140390879864493,0.30900880140453224,0.03570465487762526,0.9642953451223747,0.2186171740571384,0.4766481719459368,0.04829455696251885,0.9517054430374812,True,0.8701567457447941,0.8701567457447941,2.189481608203141e-16
BTS/BST,six_property_method_corners,corner_pppppp,endpoint_zero_epsilon_+0.003,3.0,p,3.0,323.0,373.0,-0.0020659103093996186,0.11719617517563725,0.23688803453908525,0.2597765167467449,1.0715477038077919,0.2597765167467449,0.028204061552095903,0.9717959384479041,0.20617800312033605,0.3356669095521537,0.03401016858538975,0.9659898314146103,True,0.9160851430226441,0.9160851430226441,3.3924474139236903e-16
BTS/BST,six_property_method_corners,corner_pppppp,endpoint_zero_epsilon_+0.003,3.0,n,-3.0,323.0,373.0,0.0021664295995355697,0.22974765625329188,0.2814728804246782,0.3090088062542622,1.1416522336692745,0.3090088062542622,0.03574414733833874,0.9642558526616613,0.21311241440600623,0.4722991753412343,0.04785391147887389,0.9521460885211261,True,0.8703058258687312,0.8703058258687312,0.0
BTS/BST,thermal_contact_endpoint_states,contact_ratio_0.000,baseline,3.0,p,3.0,323.0,373.0,0.0,0.11933607870324946,0.26863103116732256,0.2945865699908089,1.071291385487672,0.2945865699908089,0.03197575524675353,0.9680242447532464,0.23348985751832912,0.3720479619706399,0.03769633987858471,0.9623036601214153,True,0.910827718013962,0.910827718013962,0.0
BTS/BST,thermal_contact_endpoint_states,contact_ratio_0.000,baseline,3.0,n,-3.0,323.0,373.0,-0.0,0.23777374343481772,0.31919024640158516,0.350415935759564,1.1382711775424206,0.350415935759564,0.0404138143351159,0.9595861856648841,0.24843036149413858,0.5276399499611273,0.05346110426704529,0.9465388957329547,True,0.8642331361047366,0.8642331361047366,1.1180163010607417e-16
BTS/BST,thermal_contact_endpoint_states,contact_ratio_0.000,endpoint_zero_epsilon_-0.003,3.0,p,3.0,323.0,373.0,0.002231183134151588,0.11811173516648554,0.26863103116732256,0.2945865699908089,1.0719405376835778,0.2945865699908089,0.03199513105058744,0.9680048689494125,0.2303730458726166,0.369846270552881,0.037473261898122195,0.9625267381018778,True,0.9108919679063812,0.9108919679063812,0.0
BTS/BST,thermal_contact_endpoint_states,contact_ratio_0.000,endpoint_zero_epsilon_-0.003,3.0,n,-3.0,323.0,373.0,-0.0023397439674984156,0.23933594814699186,0.31919024640158516,0.3504159400846598,1.1375248896786405,0.3504159400846598,0.04038731821332611,0.9596126817866739,0.2515887726957593,0.5301283044793604,0.053713227292154435,0.9462867727078456,True,0.8641876265739568,0.8641876265739568,0.0
BTS/BST,thermal_contact_endpoint_states,contact_ratio_0.000,endpoint_zero_epsilon_+0.003,3.0,p,3.0,323.0,373.0,-0.002231183134151588,0.12060611025251376,0.26863103116732256,0.2945865699908089,1.0706827737312206,0.2945865699908089,0.03195758948827902,0.968042410511721,0.23660361108998398,0.3742613347983388,0.03792060143332895,0.962079398566671,True,0.9107636200790207,0.9107636200790207,6.898221835706987e-17
BTS/BST,thermal_contact_endpoint_states,contact_ratio_0.000,endpoint_zero_epsilon_+0.003,3.0,n,-3.0,323.0,373.0,0.0023397439674984156,0.23623921854653662,0.31919024640158516,0.35041593139344274,1.139060122240711,0.35041593139344274,0.04044182496352659,0.9595581750364734,0.24526870168829265,0.525157995091534,0.05320962966191124,0.9467903703380888,True,0.864278820100926,0.864278820100926,2.2362078114440755e-16
BTS/BST,thermal_contact_endpoint_states,contact_ratio_0.050,baseline,3.0,p,3.0,319.5936415261704,382.4083647036061,-0.004976849120852189,0.1285449763439845,0.2686773705319042,0.296310546013516,1.0605566858235824,0.296310546013516,0.03184060048242509,0.9681593995175749,0.22852854505105205,0.5386997598102211,0.05458169729181467,0.9454183027081853,True,0.9138538361114494,0.9138538361114494,1.4448498406805163e-16
BTS/BST,thermal_contact_endpoint_states,contact_ratio_0.050,baseline,3.0,n,-3.0,319.5936415261704,382.4083647036061,-0.040820290486364985,0.27894302525760917,0.3192124259039247,0.3504159740647506,1.1188259519356103,0.3504159740647506,0.03972342454913043,0.9602765754508695,0.24535880678245847,1.0488953217920485,0.10627531552088113,0.8937246844791189,True,0.8695340104814294,0.8695340104814294,2.3031977993890115e-16
BTS/BST,thermal_contact_endpoint_states,contact_ratio_0.050,endpoint_zero_epsilon_-0.003,3.0,p,3.0,319.5936415261704,382.4083647036061,-0.0031740426543960592,0.12696546470316167,0.26867387383241,0.296310546013516,1.0605631235216761,0.296310546013516,0.03184079375844303,0.9681592062415569,0.226331487652791,0.5365406128887756,0.0543629299700761,0.9456370700299239,True,0.9139398046388094,0.9139398046388094,0.0
BTS/BST,thermal_contact_endpoint_states,contact_ratio_0.050,endpoint_zero_epsilon_-0.003,3.0,n,-3.0,319.5936415261704,382.4083647036061,-0.042711533226120896,0.2805801503289881,0.3192050959690429,0.35041597550859127,1.1188589204532418,0.35041597550859127,0.03972459524556402,0.960275404754436,0.24757188013844958,1.0510086159165535,0.10648943698296037,0.8935105630170397,True,0.8694608743973066,0.8694608743973066,2.302998502906143e-16
BTS/BST,thermal_contact_endpoint_states,contact_ratio_0.050,endpoint_zero_epsilon_+0.003,3.0,p,3.0,319.5936415261704,382.4083647036061,-0.006779655587308321,0.13012448798480739,0.26867507945148517,0.296310546013516,1.0605925161717176,0.296310546013516,0.031841676200314924,0.968158323799685,0.23072418882138326,0.5408574054405185,0.05480031250095712,0.9451996874990429,True,0.9137679481331261,0.9137679481331261,0.0
BTS/BST,thermal_contact_endpoint_states,contact_ratio_0.050,endpoint_zero_epsilon_+0.003,3.0,n,-3.0,319.5936415261704,382.4083647036061,-0.03892904774660906,0.27730590018623025,0.3192197531148456,0.3504159726183387,1.1187994501278387,0.3504159726183387,0.03972248345011043,0.9602775165498896,0.24314425604909456,1.0467804464659054,0.10606103384958034,0.8939389661504197,True,0.8696072413278785,0.8696072413278785,1.1516985845273868e-16
BTS/BST,thermal_contact_endpoint_states,contact_ratio_0.100,baseline,3.0,p,3.0,317.4542679908076,391.252714810136,-0.009547187653998365,0.13696435919951344,0.2686384355687867,0.29721569345114335,1.0546217123789923,0.29721569345114335,0.031759137533289315,0.9682408624667107,0.22196572530738695,0.5648470526849857,0.057230971954928676,0.9427690280450713,True,0.9162216781142273,0.9162216781142273,1.5020105588737404e-16
BTS/BST,thermal_contact_endpoint_states,contact_ratio_0.100,baseline,3.0,n,-3.0,317.4542679908076,391.252714810136,-0.0733703164416269,0.30343249557651697,0.31922387845324596,0.35041612644366266,1.1080571119529214,0.35041612644366266,0.039341098717800484,0.9606589012821996,0.2382995271805931,1.1247684212255493,0.11396286776209621,0.8860371322379038,True,0.8744182764617289,0.8744182764617289,2.3587038179051113e-16
BTS/BST,thermal_contact_endpoint_states,contact_ratio_0.100,endpoint_zero_epsilon_-0.003,3.0,p,3.0,317.4542679908076,391.252714810136,-0.007994117566610344,0.13562950997378231,0.2686338329341251,0.29721569345114335,1.054477388176748,0.29721569345114335,0.031754791318779736,0.9682452086812202,0.22022462255949227,0.5631414910445883,0.05705816243074865,0.9429418375692513,True,0.9163112212322636,0.9163112212322636,0.0
BTS/BST,thermal_contact_endpoint_states,contact_ratio_0.100,endpoint_zero_epsilon_-0.003,3.0,n,-3.0,317.4542679908076,391.252714810136,-0.07499714009477597,0.30481566702854845,0.31921696565212165,0.3504161264680144,1.1082209857327754,0.3504161264680144,0.03934691698972057,0.9606530830102794,0.24004608939964608,1.1264213127176725,0.11413034068451049,0.8858696593154896,True,0.8743392946139872,0.8743392946139872,0.0
BTS/BST,thermal_contact_endpoint_states,contact_ratio_0.100,endpoint_zero_epsilon_+0.003,3.0,p,3.0,317.4542679908076,391.252714810136,-0.011100257741386389,0.13829920842524457,0.26864303841616594,0.29721569345114335,1.0547766064842699,0.29721569345114335,0.03176380205245753,0.9682361979475425,0.2237059165157445,0.5665516441127288,0.05740368317601419,0.9425963168239858,True,0.9161321931186269,0.9161321931186269,0.0
BTS/BST,thermal_contact_endpoint_states,contact_ratio_0.100,endpoint_zero_epsilon_+0.003,3.0,n,-3.0,317.4542679908076,391.252714810136,-0.07174349278847784,0.30204932412448543,0.3192307881915938,0.35041612641878295,1.1078946414600075,0.35041612641878295,0.039335330268930734,0.9606646697310692,0.2365520146920476,1.123114507191846,0.11379529123455873,0.8862047087654412,True,0.874497321260789,0.874497321260789,1.1794607958825143e-16
BTS/BST,thermal_contact_endpoint_states,contact_ratio_0.250,baseline,3.0,p,3.0,316.40220272121957,415.7937607520391,-0.021493421672211136,0.14067250352050492,0.21515162216190442,0.2976113580459158,1.0415948548326843,0.2976113580459158,0.0314086002521214,0.9685913997478786,0.20294732091942225,0.6332153184934861,0.06415812557021991,0.9358418744297801,True,0.9246170547303407,0.9246170547303407,0.0
BTS/BST,thermal_contact_endpoint_states,contact_ratio_0.250,baseline,3.0,n,-3.0,316.40220272121957,415.7937607520391,-0.13080078081803267,0.3141778855328183,0.23366513698411298,0.35041559734951055,1.0820526659795051,0.35041559734951055,0.03841776386407018,0.9615822361359299,0.2164110779131705,1.3293550524656388,0.13469182739674057,0.8653081726032594,True,0.894827777271112,0.894827777271112,1.2378831128251558e-16
BTS/BST,thermal_contact_endpoint_states,contact_ratio_0.250,endpoint_zero_epsilon_-0.003,3.0,p,3.0,316.40220272121957,415.7937607520391,-0.020308612590048136,0.1396849404605548,0.21515162216190442,0.2976113580459158,1.04139695431807,0.2976113580459158,0.03140263269369466,0.9685973673063053,0.20178653123776355,0.6320968188343677,0.06404479786085449,0.9359552021391455,True,0.9246996135778824,0.9246996135778824,0.0
BTS/BST,thermal_contact_endpoint_states,contact_ratio_0.250,endpoint_zero_epsilon_-0.003,3.0,n,-3.0,316.40220272121957,415.7937607520391,-0.1320286601272359,0.3152010291352577,0.23366513698411298,0.3504156031629093,1.0822620419686273,0.3504156031629093,0.03842519829618496,0.961574801703815,0.21757041682164166,1.330405939740387,0.1347983045392927,0.8652016954607074,True,0.8947547497917298,0.8947547497917298,1.237754140189522e-16
BTS/BST,thermal_contact_endpoint_states,contact_ratio_0.250,endpoint_zero_epsilon_+0.003,3.0,p,3.0,316.40220272121957,415.7937607520391,-0.022678230754374137,0.1416600665804551,0.21515162216190442,0.2976113580459158,1.0417928682750641,0.2976113580459158,0.031414571215809824,0.9685854287841902,0.20410757157935594,0.6343332501546705,0.06427139572936236,0.9357286042706376,True,0.9245345249942247,0.9245345249942247,1.634494865698671e-16
BTS/BST,thermal_contact_endpoint_states,contact_ratio_0.250,endpoint_zero_epsilon_+0.003,3.0,n,-3.0,316.40220272121957,415.7937607520391,-0.12957290150882944,0.31315474193037884,0.23366513698411298,0.35041559150159635,1.081843329461675,0.35041559150159635,0.03841033082982805,0.961589669170172,0.21525117968310156,1.3283035706002277,0.13458529000955866,0.8654147099904413,True,0.8949008395582544,0.8949008395582544,0.0
